# Insertion authoring-neutral cage
# Units: MakeHuman decimetres; Y up, Z forward
# Preserve vertex order and topology. Do not subdivide this export.
o insertion_authoring_cage
v -0.33707200 8.20592398 1.46908800
v -0.29988800 8.20752078 1.47618800
v -0.33597200 8.22151440 1.47068800
v -0.29838800 8.21961761 1.47918800
v -0.33657200 8.23241120 1.46839120
v -0.29788800 8.23061121 1.47878800
v -0.37435920 8.20122397 1.45839120
v -0.37475600 8.21431762 1.45769120
v -0.37645600 8.22281438 1.45349440
v -0.40774640 8.19092721 1.43499760
v -0.40824640 8.20402082 1.43749760
v -0.41584320 8.21201762 1.43420080
v -0.42974000 8.17863038 1.40930080
v -0.43613680 8.18682723 1.40520400
v -0.44303680 8.19562399 1.40550720
v -0.43353680 8.17283358 1.39590400
v -0.44513360 8.18053038 1.39190720
v -0.45503040 8.18543041 1.38391040
v -0.44133680 8.16573678 1.38380720
v -0.44993040 8.17113358 1.37431040
v -0.46062720 8.17413361 1.36751360
v -0.44123680 8.16343998 1.37351040
v -0.45293040 8.16473680 1.36371360
v -0.46232720 8.16393681 1.35731680
v -0.43953680 8.15734000 1.36851040
v -0.45113040 8.15803997 1.35871360
v -0.46092720 8.15644322 1.35402000
v -0.43543680 8.15154318 1.36871040
v -0.44613360 8.14844637 1.35801360
v -0.45822720 8.14554641 1.35342000
v -0.42774320 8.14274640 1.38010720
v -0.43514000 8.13045278 1.37171040
v -0.44203360 8.12055597 1.36341360
v -0.41344960 8.13305278 1.40530400
v -0.41704640 8.11875598 1.39420720
v -0.42354320 8.11056241 1.38250720
v -0.38635600 8.12515597 1.43479760
v -0.38855600 8.10726241 1.42670080
v -0.39245280 8.09716557 1.41790400
v -0.35056880 8.09536880 1.43799760
v -0.34846880 8.10336561 1.44839440
v -0.34877200 8.12165918 1.46109440
v -0.30598480 8.09367200 1.45039440
v -0.30458800 8.10356563 1.45559440
v -0.30178800 8.12255921 1.46909120
v -0.26370400 8.09736880 1.45299440
v -0.26350400 8.10806560 1.45629440
v -0.26590080 8.12645601 1.46309440
v -0.22611680 8.10466561 1.45189760
v -0.23011680 8.11376238 1.45269760
v -0.22991680 8.12985603 1.45199760
v -0.17753600 8.12315920 1.44240080
v -0.18663280 8.12685601 1.43920080
v -0.20192640 8.13695283 1.43600080
v -0.26240400 8.19972397 1.47199120
v -0.25810400 8.21222080 1.47268800
v -0.25640400 8.22171441 1.47348800
v -0.22821680 8.18673037 1.46339440
v -0.22222000 8.19822400 1.46969120
v -0.21742000 8.20592081 1.47289120
v -0.20122640 8.17353681 1.45629440
v -0.19352960 8.18413362 1.45969440
v -0.18832960 8.18952718 1.46549120
v -0.17463920 8.16094318 1.43600080
v -0.16594240 8.16403999 1.44439440
v -0.15574240 8.16693998 1.44509120
v -0.16914240 8.15464638 1.43020080
v -0.15954560 8.15714318 1.43969440
v -0.15214560 8.15924321 1.44129440
v -0.17064240 8.15014641 1.42760080
v -0.15704560 8.14634641 1.43829760
v -0.15024560 8.14564959 1.44169440
v -0.17753600 8.14184961 1.42860400
v -0.16044560 8.13864958 1.43919760
v -0.15214560 8.13655283 1.44209760
v -0.43603680 8.09427198 1.35902000
v -0.40174960 8.07997841 1.38841040
v -0.35566560 8.07128479 1.41640400
v -0.30278480 8.06978477 1.43479760
v -0.25340720 8.07408160 1.44279760
v -0.21142320 8.08617522 1.44689440
v -0.15514560 8.11746243 1.44559440
v -0.45942720 8.21182078 1.39271040
v -0.47522080 8.19392720 1.36882000
v -0.48391760 8.17843357 1.35402640
v -0.48631760 8.16553997 1.34692640
v -0.48651760 8.15524638 1.34562960
v -0.48391760 8.14435281 1.34342960
v -0.46062720 8.11326560 1.34472320
v -0.34307200 8.25380799 1.47138480
v -0.29379120 8.25440798 1.48178160
v -0.38785280 8.24570799 1.44899440
v -0.42893680 8.23021439 1.42610400
v -0.24620720 8.24081117 1.47908160
v -0.20862320 8.22371438 1.48048160
v -0.17703600 8.20992078 1.47818480
v -0.14035200 8.17873359 1.45618800
v -0.13115520 8.16174321 1.44488800
v -0.13085520 8.14614961 1.44358800
v -0.13735200 8.13075597 1.44309120
v -0.17793600 8.17313681 1.45189440
v -0.17173920 8.17673362 1.45409120
v -0.18813280 8.16583998 1.44829760
v -0.15524560 8.19532719 1.46828480
v -0.12025840 8.19173038 1.46518160
v -0.10995840 8.17084002 1.45238160
v -0.10946160 8.15114643 1.45268160
v -0.11785520 8.13585600 1.45248480
v -0.13735200 8.21152398 1.47407840
v -0.09846480 8.19612722 1.48236880
v -0.09036800 8.16943683 1.47426880
v -0.09326480 8.14574640 1.47167200
v -0.10086160 8.12705601 1.47097520
v -0.11545840 8.22022081 1.49076880
v -0.07417120 8.19092720 1.50945600
v -0.06867440 8.15713677 1.50005600
v -0.07797120 8.13474638 1.50015600
v -0.08556800 8.11075920 1.49905920
v -0.08946800 8.22361443 1.51455600
v -0.06147760 8.03457522 1.60112400
v -0.04798080 8.18402398 1.51844320
v -0.04548080 8.15173363 1.51994320
v -0.05058080 8.11364640 1.53424000
v -0.06457760 8.07626241 1.55074000
v -0.06147760 8.21371441 1.52224320
v -0.03318720 8.04466879 1.60421760
v -0.02549040 8.18182082 1.52763680
v -0.02509040 8.15163362 1.53583360
v -0.02859040 8.11644322 1.54883040
v -0.03398720 8.08405599 1.56792400
v -0.02949040 8.20541122 1.52803680
v 0.00000000 8.04836560 1.60581760
v 0.00000000 8.17612078 1.53613360
v 0.00000000 8.14863039 1.54193040
v 0.00000000 8.11794319 1.55432720
v 0.00000000 8.08805282 1.57272400
v 0.00000000 8.19520798 1.53583360
v -0.44773040 8.08547838 1.35492320
v -0.40814320 8.06668482 1.37971360
v -0.35686240 8.05699119 1.40650400
v -0.29948800 8.05599119 1.42849760
v -0.24371040 8.06348800 1.43939440
v -0.19772640 8.07787838 1.44509440
v -0.13524880 8.11826559 1.45058800
v -0.47492080 8.21651761 1.38541360
v -0.49311440 8.19992718 1.36222640
v -0.50211120 8.18093362 1.34703280
v -0.50350800 8.16733999 1.34203600
v -0.50301120 8.15474639 1.33893600
v -0.49861120 8.14315599 1.33643600
v -0.47452080 8.10816882 1.34042960
v -0.34476880 8.26460161 1.48167840
v -0.28799120 8.26560161 1.49447520
v -0.39364960 8.25690483 1.45548800
v -0.43713040 8.23991121 1.42390400
v -0.24021040 8.25620481 1.49277200
v -0.19722640 8.24100803 1.49027520
v -0.16234240 8.22801758 1.48367840
v -0.51890160 8.18943039 1.34093920
v -0.51380480 8.20592083 1.35762960
v -0.49501120 8.22521121 1.38321680
v -0.15213920 7.92653282 1.50736240
v -0.05897760 7.95200401 1.65840800
v -0.02908720 7.94889761 1.68159840
v 0.00000000 7.94769439 1.68439520
v -0.14064880 8.24191120 1.50046560
v -0.10745840 8.24630477 1.52145280
v -0.07797120 8.24330162 1.53564320
v -0.03818720 8.23169842 1.53433680
v 0.00000000 8.23399520 1.54263360
v -0.34506880 8.27628880 1.49296560
v -0.28069760 8.27698883 1.51225920
v -0.40344320 8.26929197 1.46557840
v -0.46062080 8.25030478 1.42580080
v -0.22431680 8.27119522 1.51365920
v -0.17723600 8.25620159 1.51366240
v -0.34587200 8.30607598 1.51555920
v -0.26530080 8.30327600 1.53834640
v -0.41774000 8.29607919 1.48137520
v -0.48461440 8.27459201 1.43040080
v -0.19972640 8.29518242 1.54364640
v -0.14344560 8.27049197 1.53474960
v -0.11165520 8.01389759 1.54145280
v -0.41734000 8.04709440 1.37521360
v -0.19332320 7.88844557 1.48327200
v -0.51870160 8.17143998 1.33224240
v -0.51790160 8.15374958 1.32944240
v -0.51310480 8.13875597 1.32824240
v -0.53529200 8.19922718 1.33134880
v -0.53169840 8.22221437 1.34743920
v -0.51650480 8.24990157 1.37692320
v -0.36206240 8.03490082 1.40010400
v -0.39614960 7.96072641 1.40469760
v -0.53709200 8.17624002 1.32145200
v -0.53269200 8.15375280 1.31415200
v -0.52859520 8.13036243 1.31474880
v -0.50810480 8.08588160 1.32083600
v -0.14164240 7.89854240 1.51785920
v -0.08766800 7.92711997 1.63911440
v -0.06367760 7.92061363 1.68010160
v -0.03668720 7.91191041 1.70549200
v 0.00000000 7.90260722 1.71238560
v -0.10555840 7.92722641 1.59533040
v -0.17203280 7.85725517 1.49406560
v -0.34187520 8.34556003 1.53615280
v -0.25270720 8.35246000 1.55574000
v -0.42474000 8.33576640 1.49027520
v -0.49791120 8.31937597 1.42920400
v -0.15643920 8.34916642 1.56753360
v -0.10426160 8.29198563 1.55984000
v -0.55758560 8.21692079 1.30985840
v -0.54988880 8.24910481 1.32864880
v -0.53819840 8.28688882 1.36582640
v -0.45522080 7.98092003 1.36771040
v -0.08836800 8.02568799 1.57463680
v -0.55758240 8.18484002 1.30146480
v -0.55308240 8.15245603 1.29456160
v -0.54518560 8.12186881 1.29425840
v -0.52769520 8.06819123 1.30483920
v -0.49360800 7.93303602 1.35591680
v 0.00000000 8.29757599 1.55863360
v -0.04728080 8.29137918 1.55733360
v -0.34317520 8.39854081 1.53065920
v -0.25230720 8.40533440 1.55284640
v -0.42464000 8.38485039 1.48407840
v -0.50211440 8.36246001 1.42010400
v -0.18723280 8.99559442 1.31716160
v 0.00000000 8.36835041 1.56653040
v -0.06817440 8.36965363 1.57473360
v -0.34607520 8.44902159 1.52156560
v -0.25290400 8.45621519 1.54865280
v -0.42584320 8.43033120 1.46908800
v -0.50161440 8.40054719 1.40181040
v -0.15963920 8.40842799 1.56713680
v 0.00000000 8.42071843 1.56283360
v -0.06686259 8.41122162 1.56893680
v -0.15944240 8.46290563 1.56464320
v 0.00000000 8.47109601 1.56194000
v -0.06757120 8.46769922 1.56024000
v -0.39655920 8.68412242 1.41081360
v -0.29519440 8.71850642 1.46099760
v -0.48892080 8.63934158 1.33394560
v -0.54739200 8.56497043 1.23128080
v -0.18003280 8.63113200 1.51766880
v 0.00000000 8.65092558 1.52636240
v -0.08607120 8.64242881 1.52076240
v -0.41914640 8.80527119 1.32494240
v -0.30688800 8.86054882 1.38022960
v -0.50840800 8.73170001 1.23127440
v -0.56867600 8.64123843 1.12612240
v -0.19023280 8.74409360 1.48528800
v 0.00000000 8.76228719 1.49217840
v -0.09037120 8.75758722 1.48978160
v -0.58567600 8.23651442 1.27977440
v -0.57828560 8.27399839 1.30285840
v -0.55479520 8.32207922 1.34863600
v -0.58167280 8.19813678 1.26428080
v -0.57837280 8.15415918 1.25917440
v -0.56887600 8.11317519 1.26076800
v -0.55118240 8.04040083 1.27924560
v -0.60677280 8.25091437 1.23168400
v -0.59538240 8.29918881 1.26476800
v -0.56489520 8.35506959 1.32484240
v -0.60806640 8.20173681 1.21399040
v -0.63925360 8.28169840 0.98915760
v -0.62196000 8.38475363 1.04503840
v -0.59336960 8.48051201 1.13081600
v -0.65465040 8.17424002 0.95066720
v -0.66325040 8.06908163 0.92797040
v -0.66165040 7.96011999 0.91917040
v -0.62606000 7.76059360 0.95986400
v -0.62195360 8.42353757 0.94817680
v -0.59886000 8.53688638 1.02755760
v -0.60495360 8.57007681 0.96278000
v -0.08017120 7.75996803 1.69208880
v -0.07477440 7.76536481 1.70888560
v -0.08237120 7.78095517 1.71918240
v -0.09286800 7.80824562 1.71558560
v -0.09446800 7.83943919 1.70409520
v -0.09377661 7.89212958 1.66660480
v -0.11835840 7.84684242 1.64561440
v -0.11295840 7.89343278 1.60932080
v -0.14694240 7.84835520 1.53854960
v -0.14214560 7.87074880 1.53015280
v -0.15743920 7.82566479 1.51025920
v -0.08656800 7.70120321 1.57313360
v -0.12434880 7.72189681 1.52985600
v -0.13595200 7.78366797 1.62621760
v -0.16043920 7.74359043 1.49206880
v -0.06637760 7.88352322 1.70918880
v -0.03888720 7.87612001 1.72848240
v 0.00000000 7.86811999 1.73237600
v -0.06437760 7.81283920 1.73917600
v -0.03179040 7.81383919 1.75386960
v 0.00000000 7.80893597 1.75926640
v -0.05688080 7.78085202 1.74077280
v -0.02549040 7.78195203 1.75536640
v 0.00000000 7.77714883 1.76006320
v -0.05948080 7.74517440 1.69338880
v -0.05428400 7.74387121 1.70558240
v -0.04898400 7.76126158 1.73067600
v -0.02369360 7.75496158 1.74266960
v 0.00000000 7.75306158 1.74816640
v -0.04338720 7.73138079 1.67489520
v -0.03588720 7.72378400 1.68189200
v -0.03598720 7.73817442 1.71077920
v -0.01679680 7.73067441 1.71577600
v 0.00000000 7.72917440 1.71987280
v -0.04498720 7.71819042 1.63970800
v -0.03589040 7.70659361 1.64140800
v -0.02189360 7.71528719 1.67379520
v -0.01209680 7.70859042 1.67119520
v 0.00000000 7.70699359 1.66869520
v -0.05768080 7.70779682 1.60562080
v -0.05338080 7.68260638 1.60732080
v -0.02059360 7.69709998 1.63560800
v -0.01049680 7.69020321 1.63141120
v 0.00000000 7.68650638 1.62761440
v -0.14614240 7.74738723 1.52854960
v -0.15444560 7.77387762 1.56663680
v -0.11795200 7.72999361 1.53984960
v -0.11465520 7.76037440 1.62181760
v -0.12015520 7.76967119 1.62531760
v -0.13774880 7.76267758 1.57713360
v -0.12525200 7.75448078 1.58533040
v -0.12544880 7.74198721 1.55384320
v -0.13514560 7.74398721 1.54004640
v -0.08177120 7.75467120 1.67829520
v -0.06407760 7.74597439 1.68059200
v -0.05068400 7.73598081 1.66429840
v -0.05048400 7.73058723 1.63401120
v -0.06287760 7.72599040 1.60042400
v -0.08155619 7.72229359 1.57273680
v -0.10865520 7.70490319 1.54424640
v -0.10465840 7.72119679 1.54794640
v -0.10945840 7.78885840 1.68079840
v -0.16034240 7.78907120 1.55484000
v -0.16563920 7.76518080 1.50665600
v -0.11855520 7.82044882 1.66620480
v -0.15154240 7.82866163 1.54714320
v -0.15833920 7.81736479 1.51835600
v -0.02859040 7.67190962 1.61511760
v -0.01389680 7.66551282 1.61511760
v 0.00000000 7.66161598 1.61311760
v -0.11065520 7.73589041 1.55534320
v -0.10345840 7.75857441 1.61241760
v -0.11345520 7.75728078 1.58623040
v -0.11425200 7.74148722 1.56664000
v -0.08337120 7.75097121 1.66060160
v -0.06887440 7.74697441 1.66389840
v -0.06008080 7.74177762 1.65170480
v -0.05748080 7.74028081 1.62581440
v -0.06648941 7.74188397 1.59572400
v -0.08176800 7.73748719 1.57243360
v -0.09946160 7.73329040 1.55774000
v -0.07187440 7.56734162 1.62801440
v -0.04388400 7.57304157 1.62811120
v -0.01769360 7.55754160 1.63461120
v -0.13584240 7.71080321 1.52055920
v -0.08936800 7.67821282 1.57783360
v -0.11705520 7.68420958 1.54854320
v -0.26230400 7.44469281 1.45105639
v 0.00000000 7.55584479 1.63801120
v -0.22462000 7.50996722 1.50885920
v -0.10116160 7.76716800 1.67050160
v -0.09826480 7.75837117 1.65850160
v -0.09515299 7.75517119 1.64320800
v -0.10576160 7.77766481 1.68049840
v -0.24311040 7.49057682 1.47988098
v -0.26440400 7.45918962 1.45292797
v -0.18183280 7.39951200 1.50446240
v -0.22321680 7.41680240 1.47667200
v -0.20802320 7.59523839 1.52555600
v -0.24541040 7.42929920 1.46037840
v -0.19522640 7.54875122 1.54044960
v -0.19662960 7.52396079 1.53794960
v -0.23281360 7.56705119 1.51096240
v -0.22531680 7.52556079 1.51555920
v -0.24701040 7.50177038 1.47998098
v -0.28389760 7.45898962 1.44434334
v -0.28649440 7.43689598 1.44199734
v -0.10225840 7.74938402 1.56923680
v -0.09706160 7.76457122 1.60552400
v -0.10485840 7.76207762 1.58503040
v -0.10795520 7.74648399 1.57343680
v -0.08227120 7.74967118 1.64750800
v -0.07447440 7.75197439 1.64560800
v -0.06587440 7.75667441 1.63981120
v -0.06577440 7.75927441 1.61651760
v -0.07237440 7.76157762 1.59242720
v -0.08207120 7.74818081 1.57613360
v -0.09236480 7.75048079 1.56923680
v -0.08846800 7.76476803 1.63131440
v -0.08796800 7.77137119 1.60312400
v -0.09696480 7.76877437 1.58353040
v -0.08017120 7.76776799 1.62801440
v -0.07757120 7.76967122 1.60812400
v -0.08396800 7.77077440 1.58453040
v -0.07397120 7.76746803 1.62791440
v -0.26040400 7.41070557 1.44958160
v -0.23570179 7.39121202 1.46537840
v -0.18563280 7.36932161 1.49786880
v -0.25570720 7.46018641 1.45589058
v -0.25090720 7.44959280 1.45527840
v -0.23731360 7.43919598 1.46467520
v -0.21892000 7.42859599 1.48277200
v -0.18243280 7.41120563 1.51026240
v -0.23881360 7.48737682 1.47994679
v -0.22102320 7.50107042 1.50435920
v -0.10606160 7.54744803 1.61082080
v -0.16663920 7.53025759 1.56593680
v -0.19572960 7.51726722 1.53624960
v -0.21722320 7.49277359 1.50116240
v -0.19282960 7.50316719 1.53264960
v -0.21052320 7.48817682 1.49766240
v -0.18943280 7.49597361 1.52585280
v -0.20482640 7.48277998 1.48696560
v -0.18653280 7.48777677 1.51235920
v -0.19962960 7.48117999 1.48126880
v -0.18053600 7.48597679 1.50386240
v -0.19422960 7.48138002 1.47067200
v -0.17275101 7.48377998 1.49496560
v -0.24981040 7.46488642 1.45679058
v -0.24641040 7.45348961 1.45735318
v -0.23371680 7.48507682 1.47690619
v -0.24471360 7.46598639 1.45719057
v -0.24271360 7.45708640 1.45837840
v -0.22551680 7.48198001 1.47476880
v -0.23521680 7.46468642 1.45591579
v -0.23531680 7.46108638 1.45571579
v -0.21742320 7.47838001 1.46867200
v -0.23171680 7.46508323 1.45198160
v -0.23281680 7.46078641 1.44968480
v -0.21422320 7.47848001 1.46187520
v -0.23182000 7.47058320 1.43648800
v -0.23401680 7.46428320 1.43302859
v -0.21002640 7.47997997 1.45217840
v -0.20462640 7.47748639 1.46057840
v -0.20462320 7.46698641 1.47747520
v -0.20862320 7.45119277 1.48547200
v -0.21392000 7.44099279 1.48456880
v -0.23151680 7.44739278 1.46647520
v -0.22781680 7.45138960 1.46637520
v -0.22012000 7.46238638 1.45957840
v -0.22032000 7.46908639 1.44818480
v -0.22322000 7.46598318 1.42629120
v -0.21132640 7.47448319 1.43558800
v -0.16614240 7.51616402 1.56133680
v -0.16344240 7.50676720 1.55314000
v -0.16254240 7.49297359 1.53484960
v -0.04648400 7.55954802 1.63491120
v -0.11047341 7.53325441 1.60472080
v -0.10874979 7.51876078 1.59332720
v -0.10945840 7.50006718 1.56703360
v -0.02039360 7.55055120 1.63990800
v 0.00000000 7.54925118 1.64170800
v -0.07987440 7.55484802 1.62571440
v -0.08057120 7.53795120 1.61841440
v -0.08227120 7.52185762 1.60792080
v -0.08297120 7.50156721 1.57713040
v -0.05018080 7.53895119 1.62811120
v -0.05328080 7.52225760 1.61691760
v -0.05497760 7.50146719 1.58462720
v -0.02299360 7.53415442 1.63261120
v -0.02328179 7.51946083 1.62151440
v -0.02779040 7.49977040 1.58892720
v 0.00000000 7.53185437 1.63430800
v 0.00000000 7.51846080 1.62261440
v 0.00000000 7.49997040 1.59122720
v -0.15894240 7.48787682 1.52475280
v -0.10736160 7.49257041 1.55164000
v -0.08207120 7.49097362 1.55763680
v -0.05158080 7.48867357 1.56523680
v -0.02649040 7.48777682 1.56913680
v 0.00000000 7.48737681 1.57043680
v -0.16373920 7.47958322 1.49306560
v -0.17033920 7.46818643 1.50835920
v -0.17733600 7.44559283 1.51595920
v -0.18063280 7.42999923 1.51395920
v -0.12964019 7.35632798 1.51656240
v -0.13455200 7.40281200 1.53904960
v -0.11465840 7.47658318 1.53744960
v -0.11905520 7.46608642 1.54474640
v -0.12835200 7.44209597 1.54974320
v -0.13265200 7.42190238 1.54724640
v -0.05738080 7.34483121 1.52456240
v -0.06707440 7.39161842 1.56514000
v -0.05378080 7.47337998 1.56094000
v -0.05408080 7.46618638 1.56733680
v -0.06077760 7.43869600 1.57693360
v -0.06437760 7.41790881 1.57633360
v 0.00000000 7.34363439 1.52965920
v 0.00000000 7.38381838 1.57993680
v 0.00000000 7.47368318 1.57403680
v 0.00000000 7.46878639 1.57863680
v 0.00000000 7.43559921 1.58313360
v 0.00000000 7.41340877 1.58603360
v -0.18793280 7.49167362 1.51685600
v -0.20722640 7.48567682 1.49266560
v -0.22002000 7.48057999 1.47287200
v -0.23831360 7.46618639 1.45675318
v -0.23791360 7.45998638 1.45731579
v -0.20672320 7.45898957 1.48337200
v -0.22282000 7.45748959 1.46557520
v -0.16394240 7.50027038 1.54324640
v -0.11005840 7.50876398 1.58053040
v -0.08247120 7.51026398 1.59402400
v -0.05448080 7.51036400 1.60222080
v -0.02639040 7.50816399 1.60742080
v 0.00000000 7.50836722 1.60812080
v -0.17353600 7.45858963 1.51635920
v -0.12155520 7.45598958 1.55024320
v -0.05768080 7.45528960 1.57433360
v 0.00000000 7.45589283 1.58173360
v -0.08137120 7.48607679 1.53614960
v -0.10286160 7.48607679 1.53074960
v -0.14764560 7.48657683 1.51085920
v -0.05078080 7.47737999 1.55364000
v -0.11136160 7.48327678 1.53515280
v -0.15865101 7.48697997 1.47247520
v 0.00000000 7.47718319 1.53184640
v -0.02199360 7.48047999 1.53104640
v -0.04928400 7.48557998 1.52744640
v 0.00000000 7.47898322 1.57154320
v -0.19792960 7.48847682 1.45807840
v -0.16464240 7.49007677 1.48286880
v -0.23483181 7.47638000 1.41569440
v -0.24551360 7.47027682 1.40840080
v -0.20972640 7.48557679 1.43978480
v -0.23543181 7.45828320 1.40790080
v -0.20612640 7.46178319 1.42149440
v -0.08057120 7.49887681 1.53175600
v -0.10016480 7.50177358 1.52325600
v -0.14484880 7.49427361 1.50316240
v -0.05817760 7.48048002 1.53694960
v -0.10296160 7.48617681 1.52045920
v -0.17393600 7.47348322 1.44018160
v 0.00000000 7.49317999 1.53535280
v -0.02109360 7.49758003 1.53325600
v -0.05018400 7.49828001 1.52895600
v 0.00000000 7.47378319 1.54304960
v -0.21142320 7.52256080 1.45069120
v -0.16933920 7.52425759 1.46198160
v -0.26782762 7.49706401 1.39593402
v -0.27992122 7.48017037 1.39113722
v -0.22741680 7.51956078 1.43069760
v -0.25121040 7.44128001 1.40001360
v -0.21972000 7.43638323 1.40971040
v -0.06507440 7.52985441 1.51785600
v -0.09226800 7.52645437 1.50716240
v -0.14024880 7.52505442 1.48267200
v -0.06777440 7.45118637 1.52156240
v -0.11665840 7.45568322 1.49877200
v -0.18633280 7.44638320 1.42620080
v 0.00000000 7.52196078 1.53245280
v -0.01959680 7.52876082 1.52665280
v -0.04058720 7.52925763 1.52375600
v 0.00000000 7.44018957 1.52885920
v -0.21352640 7.57474162 1.45529120
v -0.17663920 7.58144160 1.47977840
v -0.27023622 7.52115761 1.38883722
v -0.28574483 7.48386717 1.37724362
v -0.23232000 7.56594477 1.43419760
v -0.25261040 7.40668960 1.39432000
v -0.21782320 7.39659603 1.40791360
v -0.06127760 7.57513838 1.51925600
v -0.08756800 7.57803842 1.51265920
v -0.14325200 7.58293842 1.49467200
v -0.06577760 7.40670240 1.51456560
v -0.12375520 7.41619917 1.48557840
v -0.18073600 7.40409598 1.42810400
v 0.00000000 7.57184158 1.52925280
v -0.01528499 7.57134163 1.52565280
v -0.03898720 7.57333843 1.52255280
v 0.00000000 7.39690561 1.53545920
v -0.21762960 7.62872562 1.45769120
v -0.17614240 7.63222562 1.48327840
v -0.27484803 7.55104801 1.37826403
v -0.29405344 7.49306398 1.36255862
v -0.23932000 7.61683197 1.43499760
v -0.25321040 7.38349601 1.38722320
v -0.21592320 7.36650558 1.40321680
v -0.05827760 7.62231922 1.52395600
v -0.08447120 7.62651921 1.51665920
v -0.14335200 7.63281920 1.49787200
v -0.06277760 7.36791841 1.50376880
v -0.12705520 7.37511200 1.47028480
v -0.17643600 7.37130882 1.42210720
v 0.00000000 7.61502239 1.53435280
v -0.01499680 7.61622241 1.53015280
v -0.03748720 7.62232239 1.52665280
v 0.00000000 7.36811841 1.52316240
v -0.22192960 7.69230639 1.45619440
v -0.17914240 7.69920318 1.48428480
v -0.29198886 7.58423838 1.35789405
v -0.30788566 7.50173719 1.33728003
v -0.24711680 7.67661281 1.42450400
v -0.25830720 7.35420559 1.36153280
v -0.21862000 7.32882160 1.37491680
v -0.06057760 7.69289680 1.51956240
v -0.08665939 7.69299680 1.51606880
v -0.14295200 7.69959999 1.50138160
v -0.04828080 7.30774720 1.44958800
v -0.13445200 7.32403439 1.41410080
v -0.17573600 7.32592802 1.38781040
v 0.00000000 7.66910318 1.51866240
v -0.01389680 7.67589997 1.52346240
v -0.03248720 7.68410001 1.52366240
v 0.00000000 7.30104719 1.44218160
v -0.21372320 7.76758082 1.38081680
v -0.17142419 7.78377121 1.39301360
v -0.31555011 7.62515780 1.30832506
v -0.34414371 7.52833078 1.28310784
v -0.25021040 7.74538717 1.36602320
v -0.27750080 7.35031201 1.29785520
v -0.23191680 7.31073118 1.30405200
v -0.05587760 7.79666162 1.43339440
v -0.08436800 7.79946157 1.42579760
v -0.13564880 7.79086803 1.40210720
v -0.06487760 7.24202767 1.35750832
v -0.13285200 7.28624399 1.33391238
v -0.18463280 7.29894081 1.31144560
v 0.00000000 7.76357119 1.43099760
v -0.00669680 7.77396802 1.43739440
v -0.03008720 7.78666483 1.43739440
v 0.00000000 7.22810711 1.34621706
v -0.21561680 7.85105202 1.25886160
v -0.18252960 7.86764557 1.26265840
v -0.34581690 7.68304184 1.20403123
v -0.36357274 7.55822117 1.18392582
v -0.26220400 7.82906158 1.25186480
v -0.30209120 7.37241201 1.17089680
v -0.24980720 7.33942161 1.16979680
v -0.06097440 7.90532639 1.28595200
v -0.09046480 7.90732960 1.28165200
v -0.14975421 7.88593922 1.27045840
v -0.06687760 7.21193217 1.18365277
v -0.14834560 7.25169198 1.18172202
v -0.20532320 7.29808162 1.17534957
v 0.00000000 7.85853922 1.28705200
v -0.00509680 7.87543603 1.28954880
v -0.03288400 7.89312961 1.28784880
v 0.00000000 7.17610156 1.19558979
v -0.26050080 7.89952962 1.06093520
v -0.22761360 7.92262323 1.06243520
v -0.37875920 7.71659041 1.03184800
v -0.39045600 7.58683200 1.00995440
v -0.30008480 7.86554239 1.05533840
v -0.31778160 7.37830880 1.00844579
v -0.27170080 7.33511841 1.00186080
v -0.08206800 7.95780718 1.07043200
v -0.12025200 7.96290718 1.06973200
v -0.18881459 7.93801681 1.06173520
v -0.07907120 7.19448473 1.01604358
v -0.16044240 7.22622403 1.01326240
v -0.22811680 7.26854609 1.00760176
v 0.00000000 7.90532321 1.08502560
v -0.00749680 7.92341682 1.07662880
v -0.04408080 7.94441039 1.07303200
v 0.00000000 7.16557450 1.01889242
v -0.26300080 7.85603601 0.84191840
v -0.22621680 7.87852959 0.84531520
v -0.39005600 7.69469683 0.81142800
v -0.37755920 7.59772883 0.79943440
v -0.30548800 7.82224881 0.83571840
v -0.31988160 7.40757558 0.79841078
v -0.29887120 7.33729717 0.77545485
v -0.08536800 7.91401360 0.85131200
v -0.12185520 7.91561358 0.85011200
v -0.19032960 7.89092318 0.84221520
v -0.08400077 7.08040885 0.68757389
v -0.18441184 7.21078411 0.66741600
v -0.26364304 7.25560446 0.71091565
v 0.00000000 7.87662639 0.87220560
v -0.01599680 7.89222322 0.86560880
v -0.05008080 7.90511678 0.85481200
v 0.00000000 7.06669832 0.69527984
v -0.23211360 7.76647117 0.64978880
v -0.19412960 7.78096477 0.65578560
v -0.35117200 7.66320960 0.61580160
v -0.33537840 7.60823198 0.58811120
v -0.27559760 7.74537757 0.63969200
v -0.23094042 7.48197999 0.56902080
v -0.22213126 7.39191518 0.56347389
v -0.07367440 7.80605517 0.66628240
v -0.10026480 7.80275521 0.66938240
v -0.15694240 7.78226162 0.67238240
v -0.06940163 7.26699861 0.56614493
v -0.12094966 7.29005357 0.56051271
v -0.17833046 7.32981400 0.56619142
v 0.00000000 7.78646161 0.68667600
v -0.01688499 7.79375838 0.67547920
v -0.03978720 7.80145837 0.66928240
v 0.00000000 7.25596404 0.57013408
v -0.16214240 7.64701921 0.54602720
v -0.15104560 7.66990965 0.54542720
v -0.24521040 7.61992881 0.53203360
v -0.22791680 7.58284158 0.53373360
v -0.17873600 7.64041921 0.54402720
v -0.17843600 7.53346082 0.53633040
v -0.16064240 7.51436717 0.53923040
v -0.05508080 7.67690645 0.54602720
v -0.07827120 7.66031280 0.54802720
v -0.12205520 7.67680645 0.54422720
v -0.04748400 7.48247998 0.53723040
v -0.08836800 7.49307680 0.54363040
v -0.13225200 7.49787357 0.53343360
v 0.00000000 7.64961598 0.56582080
v -0.01738179 7.65421603 0.56432080
v -0.03349040 7.67420645 0.54792720
v 0.00000000 7.48888000 0.55212720
v -0.25940400 7.52466401 1.48388097
v -0.30638480 7.45868963 1.43287249
v -0.27429760 8.61384483 1.49737840
v -0.37196560 8.58986079 1.46129440
v -0.45513360 8.55158000 1.39341680
v -0.53110480 8.49500557 1.31654560
v -0.63886000 8.26950478 1.08452560
v -0.64545360 8.18124319 1.05313520
v -0.62186640 8.35376959 1.13600960
v -0.59288240 8.42723761 1.22807760
v -0.18023600 7.33073438 1.48557520
v -0.12914019 7.31454078 1.50296880
v -0.05768080 7.30444402 1.51786880
v 0.00000000 7.31364401 1.52426560
v -0.30248800 7.42839920 1.42550054
v -0.07077760 7.02698080 1.33587675
v -0.14443631 7.03884614 1.31276205
v -0.12785200 7.26885359 1.49437200
v -0.27719760 7.38821519 1.43538800
v -0.24131040 7.36362159 1.45538160
v -0.06737760 7.24986322 1.53006240
v 0.00000000 7.03608327 1.38743117
v 0.00000000 7.24406640 1.54975920
v -0.18203600 7.29364718 1.45788160
v -0.53785891 7.50712330 1.07201437
v -0.56745238 7.58912055 0.99053682
v -0.50308145 7.33059208 1.03435531
v -0.60175872 7.63195440 0.58849845
v -0.55515135 7.39979329 0.73938332
v -0.52489120 7.30649763 0.78169927
v -0.48944977 7.24632402 0.84269043
v -0.44813355 7.20137106 0.91548411
v -0.35080454 7.12834724 1.07325808
v -0.06805293 7.00484369 1.27719833
v -0.52970387 7.34570648 0.57875596
v -0.14317393 7.01876497 1.25432614
v 0.00000000 7.02743987 1.33931451
v -0.56563916 7.40991772 0.49303540
v -0.52191407 7.24805467 0.53557743
v -0.55691176 7.30038421 0.44563763
v -0.52310573 7.12556680 0.49769449
v -0.55721158 7.17471897 0.40884925
v -0.53619067 6.99096343 0.46321933
v -0.57251409 7.04197381 0.37447927
v -0.58333077 6.87457471 0.42174523
v -0.60534627 6.92607935 0.33333974
v -0.63580366 6.77722132 0.36747797
v -0.67020043 6.84247813 0.27987254
v -0.72152158 6.71185490 0.31740462
v -0.75517382 6.76859978 0.23038234
v -0.47290338 7.22604934 0.69561560
v -0.50093228 7.27930277 0.64257695
v -0.45065685 7.14673542 0.66141830
v -0.49476985 7.19471541 0.60604923
v -0.45875922 7.04336497 0.62074423
v -0.49915909 7.08305194 0.56390716
v -0.48231020 6.91859895 0.58857531
v -0.51817702 6.95545871 0.52993413
v -0.51533842 6.79089069 0.55041590
v -0.55682368 6.83187626 0.49014632
v -0.58584097 6.68745572 0.50513054
v -0.61235574 6.72940120 0.43765367
v -0.65494378 6.59988387 0.45328394
v -0.70090128 6.66094233 0.39011681
v -0.43896603 7.18034597 0.74926678
v -0.44129898 6.88796345 0.64756421
v -0.47473915 6.75803679 0.61786055
v -0.53360562 6.64312235 0.57947979
v -0.61160475 6.55444374 0.52303819
v 0.00000000 7.00622954 1.27725131
v -0.06946754 6.97650505 1.13676858
v -0.14137520 6.98681333 1.10867582
v 0.00000000 6.97279599 1.14573386
v -0.32401081 7.08308077 0.93578945
v -0.06385707 6.95697248 1.00464832
v -0.13117199 6.96053654 0.99087596
v 0.00000000 6.95726944 1.00477150
v -0.29690241 7.02795416 0.87495793
v -0.05724708 6.86819165 0.92810312
v -0.11781111 6.87379451 0.91458057
v 0.00000000 6.86247556 0.94157544
v -0.27226757 6.94112835 0.82177183
v -0.05897265 6.72599887 0.92574822
v -0.23833554 6.77976025 0.83561561
v -0.11793806 6.73742597 0.90628850
v -0.25159427 6.37253668 0.76406680
v 0.00000000 6.72040623 0.93734707
v -0.29254213 6.80382887 0.79284173
v -0.06122980 6.60034156 0.86533238
v -0.26280533 6.64541111 0.79684328
v -0.12405751 6.61317268 0.85073876
v -0.21370049 6.49766129 0.79017848
v 0.00000000 6.59299740 0.87563934
v -0.31694963 6.66565115 0.76321647
v -0.06876578 6.46294638 0.81487297
v -0.28359551 6.51607871 0.76169315
v -0.14012918 6.47904269 0.80716341
v -0.19205701 6.62943989 0.82908016
v 0.00000000 6.45455629 0.81590617
v -0.35142535 6.54079495 0.73139113
v -0.07931135 6.33334229 0.77954899
v -0.33821352 6.40045096 0.73586178
v -0.16497837 6.34872929 0.77422223
v -0.17608177 6.75799540 0.86300212
v 0.00000000 6.32457277 0.77955195
v -0.41212610 6.43259656 0.69606850
v -0.56712972 7.35042643 0.32366850
v -0.56061440 7.22293066 0.28678183
v -0.56087473 7.09127281 0.25353103
v -0.60709116 6.98799508 0.21728899
v -0.67710697 6.89812196 0.17837469
v -0.76234635 6.81846407 0.13468152
v -0.51859158 7.39756761 0.19585808
v -0.52230541 7.26865277 0.16728208
v -0.54611558 7.14477104 0.14187465
v -0.58436483 7.02932068 0.11033825
v -0.65083717 6.92246918 0.08495786
v -0.72807818 6.83128833 0.04110045
v -0.43457263 7.42454343 0.07775858
v -0.44763154 7.29983515 0.07132260
v -0.48363535 7.17876584 0.05150176
v -0.52512501 7.06298078 0.03311618
v -0.59583430 6.94479431 -0.00079919
v -0.68184163 6.84183137 -0.04684506
v -0.35979298 7.44870311 0.00173541
v -0.36540175 7.33080361 -0.01228332
v -0.40100414 7.20498024 -0.02647580
v -0.43700623 7.08795902 -0.04383157
v -0.51530838 6.95562856 -0.07477009
v -0.60378185 6.83804132 -0.12495127
v -0.28304707 7.47456947 -0.07459059
v -0.29480317 7.35409814 -0.07808693
v -0.32166465 7.22482033 -0.09230524
v -0.34116172 7.10202114 -0.10726104
v -0.41840796 6.94865748 -0.14737831
v -0.50375383 6.81586015 -0.19937286
v -0.21182998 7.50590185 -0.12914691
v -0.22017694 7.37999269 -0.13217150
v -0.23632087 7.24755909 -0.14352096
v -0.25063441 7.10725562 -0.15488668
v -0.30252103 6.94579125 -0.20561211
v -0.38026320 6.79659263 -0.25778276
v 0.00000000 7.54595795 -0.17347959
v 0.00000000 7.42038498 -0.16905861
v 0.00000000 7.28949193 -0.18158939
v 0.00000000 7.12289548 -0.19618021
v 0.00000000 6.92988872 -0.22078995
v 0.00000000 6.74249538 -0.29452876
v -0.68473760 7.94843598 0.71844400
v -0.73991520 8.40175997 0.42236240
v -0.53660480 8.98854238 0.06640640
v -0.44414000 9.06521361 0.02342560
v -0.71402480 8.63577678 0.31060720
v -0.68853440 8.74423202 0.22404560
v -0.72761840 8.29819523 0.44814960
v -0.65632573 7.73091600 0.66859843
v -0.68184400 8.06818800 0.77971520
v -0.67894400 7.95863280 0.76451840
v -0.64805680 7.73931920 0.74764690
v -0.67514400 8.18754000 0.80250560
v -0.64854720 8.30038879 0.86759280
v -0.72791840 8.33498560 0.51352720
v -0.73251840 8.26090802 0.39117200
v -0.73351840 8.18333999 0.33609440
v -0.69553760 7.98642000 0.31989760
v -0.71873120 8.06149120 0.31390080
v -0.62126000 8.94954558 0.37639760
v -0.42104320 9.16635921 0.32172640
v 0.00000000 9.26532398 0.31373280
v -0.51120800 9.09658801 0.34891360
v 0.00000000 9.27190802 0.65292720
v 0.00000000 9.24101443 0.89122480
v -0.33147200 9.16803998 0.86073440
v -0.61041725 7.66490064 0.49384351
v -0.59023873 7.46731035 0.37407096
v -0.55318879 7.53501895 0.23720517
v -0.45854397 7.54697546 0.09329804
v -0.37921753 7.55858801 0.00537425
v -0.28939431 7.58826201 -0.08380676
v -0.21055370 7.60689599 -0.13463731
v -0.35029370 7.14425290 1.14409096
v -0.45538775 7.22475152 0.99668439
v -0.50170863 7.27492359 0.92595810
v -0.54191033 7.33976541 0.86217885
v -0.57450751 7.43415195 0.82037970
v -0.35137200 8.49840238 1.50667520
v -0.29109120 7.35613117 1.41139760
v -0.24621040 7.31934080 1.43789120
v -0.03538720 7.83422960 1.74877280
v -0.27069760 7.62203199 1.47664838
v -0.50000480 8.01900719 1.32832640
v -0.53479200 7.97872002 1.31203280
v -0.46082400 8.07168480 1.35022320
v -0.49211440 8.10167523 1.33483280
v -0.43243360 8.01680399 1.37291360
v -0.48081760 8.05139441 1.33912640
v -0.13974560 8.00310721 1.50656560
v -0.37785600 7.99881040 1.40150080
v -0.10455840 8.08607202 1.49196880
v -0.59276640 7.67773972 0.96912845
v -0.59480516 7.59347200 0.67940744
v -0.60669207 7.55233963 0.80175642
v -0.21939455 7.05256547 1.20087145
v -0.21623904 7.08492632 1.31210991
v -0.45637383 7.26310551 1.09414840
v -0.28100415 7.12150726 1.26116671
v -0.34449127 7.16280701 1.20767253
v -0.14720912 7.05435561 1.35615308
v -0.07187760 7.03944468 1.38213936
v -0.28904543 7.08949696 1.13712717
v -0.21772975 7.06903509 1.26509451
v -0.28531335 7.10509561 1.20529502
v -0.26948535 7.04851514 0.99837122
v -0.24675755 6.99840258 0.92469088
v -0.19300244 6.97532084 0.96239251
v -0.20813435 7.01383475 1.05832798
v -0.41310089 7.15376610 0.80491222
v -0.38243941 6.85806179 0.70640090
v -0.42246649 6.71623187 0.68442941
v -0.47634399 6.60427292 0.64115788
v -0.54872056 6.50594461 0.58801145
v -0.62647959 7.71632240 0.58725301
v -0.61707836 7.70781146 0.42067329
v 0.00000000 7.65788066 -0.20965375
v -0.66485040 7.91394879 0.28111360
v -0.60982154 7.90241204 0.13615920
v -0.53307534 7.93086158 0.00707951
v -0.46216661 7.95853156 -0.12349058
v -0.36334584 7.97584883 -0.21774112
v -0.26953253 7.98824876 -0.27603022
v 0.00000000 7.99517246 -0.37725385
v -0.68104080 7.98392000 0.26382000
v -0.63207734 8.00008006 0.10240896
v -0.55137600 8.03087365 -0.02340610
v -0.47694576 8.06811362 -0.15989114
v -0.37506042 8.09190720 -0.24449017
v -0.28379882 8.10470717 -0.30927166
v 0.00000000 8.10850718 -0.42060023
v -0.69603440 8.05869120 0.25252640
v -0.63695040 8.12458480 0.06968400
v -0.56236960 8.16117522 -0.05347120
v -0.47979840 8.19886240 -0.18472000
v -0.39063360 8.22375599 -0.27547840
v -0.30136880 8.23845283 -0.34095280
v 0.00000000 8.25234966 -0.44692080
v -0.72332480 8.23592080 0.26511680
v -0.65404080 8.36308881 0.07888720
v -0.58986320 8.43436320 -0.06114880
v -0.51109200 8.48845041 -0.18901040
v -0.42962720 8.52064083 -0.26927520
v -0.34726560 8.55223122 -0.32734960
v 0.00000000 8.58361521 -0.44781760
v -0.73071840 8.35547923 0.34898800
v -0.71142800 8.55251201 0.19444560
v -0.64624400 8.65577361 0.08259360
v -0.57647280 8.74283843 -0.02566800
v -0.48121120 8.82240322 -0.11912000
v -0.39564960 8.89478080 -0.17810080
v 0.00000000 8.98785519 -0.25027840
v -0.36365920 9.19383677 0.63021760
v -0.47511760 9.12156558 0.63021440
v -0.44772720 9.10076879 0.85263120
v -0.57747280 8.68732559 1.05894480
v -0.57937280 9.00271360 0.60961760
v -0.65904080 8.81758717 0.59591440
v -0.52470160 8.79757762 1.17250320
v -0.67943440 8.81130000 0.40718160
v -0.70102480 8.68815120 0.46565920
v -0.72461840 8.43234720 0.50103360
v -0.42534000 8.88723921 1.25857440
v -0.30958480 8.95151361 1.29756480
v -0.19043280 8.89963601 1.40382320
v 0.00000000 8.92802637 1.40731680
v -0.08657120 8.92082961 1.40862000
v -0.62774720 8.80639043 0.74856000
v -0.55098240 8.99241361 0.82144080
v -0.68243120 8.67964481 0.59921120
v -0.65933760 8.66324480 0.70766960
v -0.06861436 6.98807994 1.21914892
v -0.14286271 7.00330320 1.18917931
v 0.00000000 6.98666063 1.22526940
v -0.59972412 7.55706488 0.46097460
v -0.21673981 7.03543410 1.13060960
v -0.28493809 7.07352676 1.06618794
v -0.34198493 7.11231412 1.00081881
v -0.57717552 7.50407100 0.55750583
v -0.55555514 7.43539217 0.63293164
v -0.53038342 7.34778090 0.68616442
v -0.47030207 7.22453793 0.78347890
v -0.43305825 7.18131034 0.85091092
v -0.50100441 7.27487197 0.73489332
v -0.61796789 7.61305745 0.36084572
v -0.64111492 7.89358199 0.22556736
v -0.66287955 7.98155000 0.18893920
v -0.68364400 8.08949443 0.16784560
v -0.70973120 8.28900800 0.19134240
v -0.72412160 8.43085038 0.30071040
v -0.70982160 8.52990240 0.50074320
v -0.53828880 8.92742958 0.98187360
v -0.60165360 8.77649998 0.87771520
v -0.63994080 8.63975442 0.80533440
v -0.42993360 9.04848478 1.04516400
v 0.00000000 9.17613362 1.09674480
v -0.08207440 9.02258799 1.32416160
v 0.00000000 9.03528162 1.32505840
v -0.31437840 9.11455918 1.06465760
v -0.10169767 6.75261685 -0.28962127
v -0.07064089 7.54695692 -0.17861581
v -0.07183357 7.41793861 -0.17765338
v -0.08107120 9.16753680 1.09674160
v -0.17063920 8.97335843 -0.22938800
v -0.12895200 8.59111520 -0.40202400
v -0.06658561 7.65611270 -0.20133361
v -0.12485200 9.26271121 0.65241440
v -0.18163280 9.24713042 0.30923280
v -0.11285840 8.25194965 -0.42512400
v -0.10195299 8.11053082 -0.39552292
v -0.08834228 7.99717246 -0.34101186
v -0.08956480 9.23101759 0.89652160
v -0.07293834 7.11632700 -0.19663665
v -0.07211910 7.27903918 -0.18196083
v -0.07642773 6.93139201 -0.22165419
v -0.41092723 7.11372930 0.71432856
v -0.38256780 7.09613080 0.76644251
v -0.40257466 7.01057471 0.67582866
v -0.36101226 6.99347047 0.73007319
v -0.22896426 6.90743464 0.86681598
v -0.17795185 6.88494382 0.89768746
v -0.14463111 7.53392970 -0.16283387
v -0.19569645 6.94021152 -0.22203900
v -0.20852000 9.21432402 0.87952800
v -0.14333501 7.63831882 -0.17460655
v -0.18560410 7.99504884 -0.32171340
v -0.15171298 7.26545981 -0.16897780
v -0.24202232 6.77328157 -0.27911030
v -0.24580720 8.57462161 -0.36833680
v -0.21641360 8.24775281 -0.38593680
v -0.19990819 8.10834258 -0.35200998
v -0.30189120 8.94666801 -0.22009120
v -0.29079120 9.22193998 0.30963280
v -0.16042021 7.11340603 -0.18383847
v -0.24170720 9.23782078 0.64371440
v -0.14510846 7.40604283 -0.15880089
v -0.18862640 9.15014320 1.09864800
v -0.33657200 8.20582081 1.44649440
v -0.30228800 8.20462082 1.45479120
v -0.37245920 8.20182397 1.43650080
v -0.40054960 8.19192718 1.40770720
v -0.41964320 8.18483038 1.38311360
v -0.42954000 8.17563360 1.37221360
v -0.43183680 8.16913678 1.36541680
v -0.43483680 8.16453997 1.36141680
v -0.43403680 8.16104002 1.36111680
v -0.42844000 8.15504319 1.36071680
v -0.42004320 8.14964643 1.37371360
v -0.40074960 8.13984963 1.39520720
v -0.38055920 8.13335600 1.41970400
v -0.34557200 8.13185600 1.44319760
v -0.30578800 8.13055920 1.45229760
v -0.26990080 8.13525603 1.44839760
v -0.23671360 8.13765601 1.43650080
v -0.21472320 8.14315277 1.42710720
v -0.26390400 8.19732402 1.45249440
v -0.23121680 8.18473040 1.44629760
v -0.21432320 8.17523679 1.44660400
v -0.20862960 8.16424321 1.43720400
v -0.20292960 8.15814321 1.43450720
v -0.20292960 8.15234640 1.43100720
v -0.20973821 8.14854958 1.42850720
v -0.21082640 8.16933998 1.44290400
v -0.33967200 8.20452401 1.42820720
v -0.30298480 8.20402401 1.43750400
v -0.37645600 8.19992720 1.41171040
v -0.40144960 8.19502722 1.38741680
v -0.41854320 8.18543037 1.36722000
v -0.42784000 8.18093361 1.35732320
v -0.43204000 8.17333681 1.34992640
v -0.43133680 8.16873678 1.34642960
v -0.43163680 8.16464001 1.34362960
v -0.43253680 8.16084320 1.34222960
v -0.42524000 8.15024640 1.35022640
v -0.40154960 8.13864963 1.37072000
v -0.38055920 8.13595280 1.39671360
v -0.34766880 8.12985601 1.42191040
v -0.30218800 8.13175599 1.43360720
v -0.26930080 8.13275600 1.43181040
v -0.23131680 8.14065277 1.41561360
v -0.21712320 8.14554961 1.40961680
v -0.26050400 8.19842719 1.43620720
v -0.22731680 8.18883039 1.42991040
v -0.21272320 8.18183361 1.42251360
v -0.20952640 8.16773999 1.41971360
v -0.20472960 8.16144317 1.41721360
v -0.20352960 8.15654639 1.41611360
v -0.20802960 8.15304641 1.41301680
v -0.21252640 8.17343681 1.41961360
v -0.33907200 8.24780482 1.43960400
v -0.29858800 8.24810482 1.44950400
v -0.37635600 8.24040800 1.42331040
v -0.40194640 8.22821438 1.40281680
v -0.42164000 8.21372077 1.38452000
v -0.43553680 8.19882397 1.37042320
v -0.44343360 8.18713039 1.36212640
v -0.44713040 8.17513683 1.35702960
v -0.44923040 8.16244001 1.35642960
v -0.44783040 8.15154639 1.34452960
v -0.43513680 8.12765602 1.35942320
v -0.41584320 8.10906562 1.37752000
v -0.38875280 8.09107198 1.39611360
v -0.34336880 8.08687838 1.41441040
v -0.29169120 8.07527842 1.43530720
v -0.24960720 8.08297521 1.43080720
v -0.22032000 8.09477200 1.42191360
v -0.19023280 8.11426241 1.40801680
v -0.25310720 8.23800801 1.44890400
v -0.21722000 8.22131757 1.43950720
v -0.19242960 8.20282399 1.42631360
v -0.17233920 8.17243999 1.40412000
v -0.17044240 8.15914317 1.39862320
v -0.17153920 8.14674962 1.39682320
v -0.17673920 8.13285600 1.40182000
v -0.17863600 8.18563363 1.41461680
v -0.33907200 8.28518880 1.40912000
v -0.29429120 8.28578882 1.41641680
v -0.37635600 8.26979522 1.39462320
v -0.40484640 8.25400158 1.37812960
v -0.42553680 8.23531122 1.36513280
v -0.44123040 8.21701759 1.35403600
v -0.45102720 8.19842718 1.34573920
v -0.45712720 8.18043363 1.34154240
v -0.45922720 8.16433999 1.33894240
v -0.45652720 8.15014960 1.33704240
v -0.44333040 8.11816242 1.34503920
v -0.42634000 8.09437200 1.35463280
v -0.39404960 8.06938160 1.36852960
v -0.35016880 8.05209123 1.38222640
v -0.28959120 8.04389439 1.38812320
v -0.24331040 8.05508798 1.38522640
v -0.21282320 8.06858160 1.37802640
v -0.17733600 8.09996880 1.37062960
v -0.24541040 8.27649198 1.41701680
v -0.20332640 8.25200477 1.40842000
v -0.17783600 8.22591438 1.39772320
v -0.15794560 8.17973677 1.38092960
v -0.15644560 8.16254320 1.37713280
v -0.15744560 8.14504963 1.37313280
v -0.16464240 8.12465920 1.37083280
v -0.16324240 8.20122720 1.38672640
v -0.33627200 8.30788242 1.37493600
v -0.28929120 8.30857920 1.37933600
v -0.37575600 8.29208557 1.36523920
v -0.40354320 8.27119517 1.35234240
v -0.42463680 8.25200478 1.34144560
v -0.44253040 8.23261439 1.33154880
v -0.45222720 8.21082397 1.32285200
v -0.45782400 8.18813357 1.31695200
v -0.45902400 8.16834000 1.31415520
v -0.45602400 8.15054960 1.31145520
v -0.44363040 8.11466561 1.31255200
v -0.42583680 8.08907519 1.31955200
v -0.39574960 8.06038799 1.32934880
v -0.34896880 8.03959761 1.33634560
v -0.28799120 8.03020077 1.34124240
v -0.24041040 8.04379761 1.34224240
v -0.20852320 8.05908797 1.34064240
v -0.17383920 8.09137522 1.33984560
v -0.24151040 8.30148559 1.37813280
v -0.19792960 8.27239522 1.37323600
v -0.16874240 8.24430800 1.36433920
v -0.14764880 8.18733361 1.35024240
v -0.14754880 8.16694322 1.34604560
v -0.14934880 8.14555279 1.34204560
v -0.15764560 8.12056243 1.34074560
v -0.15514880 8.21452082 1.35773920
v -0.33227520 8.31697919 1.34524880
v -0.28739440 8.31837602 1.34804880
v -0.37055920 8.30348558 1.33855200
v -0.39974640 8.28159199 1.32985200
v -0.42053680 8.26390157 1.31875520
v -0.43733040 8.24241120 1.31015840
v -0.44762720 8.21902078 1.30336160
v -0.45362720 8.19443038 1.29686160
v -0.45482400 8.17154002 1.29386480
v -0.45252720 8.15314961 1.28946480
v -0.43863040 8.11676561 1.28866480
v -0.42083680 8.08867841 1.29286160
v -0.39084960 8.06128798 1.29776160
v -0.34706880 8.03780083 1.30245840
v -0.28749120 8.02810079 1.30735840
v -0.23881360 8.04049758 1.31075520
v -0.20852320 8.05659119 1.31185520
v -0.17303920 8.08967519 1.31395520
v -0.23911040 8.30858239 1.34784880
v -0.19842960 8.28239199 1.34364880
v -0.16874240 8.25440477 1.33764880
v -0.14575200 8.19373038 1.32705200
v -0.14445200 8.17094319 1.32385200
v -0.14754880 8.14715282 1.32005520
v -0.15664560 8.12076239 1.31675520
v -0.15204880 8.22322080 1.33165200
v -0.32817520 8.32087601 1.32055840
v -0.14445200 8.17443998 1.30626160
v -0.36665920 8.30838240 1.31646160
v -0.17083920 8.26010481 1.31615840
v -0.41704000 8.26889841 1.30086480
v -0.43133360 8.24630798 1.29356480
v -0.44942720 8.19813042 1.28137120
v -0.45162720 8.17543998 1.27827120
v -0.23831040 8.04439760 1.28716480
v -0.43403360 8.11736561 1.27137120
v -0.41634000 8.09177518 1.27237120
v -0.38854960 8.06558800 1.27387120
v -0.34416880 8.04229759 1.27677120
v -0.28579440 8.03240082 1.28176800
v -0.44812720 8.15554959 1.27347120
v -0.20892320 8.05879123 1.29126480
v -0.17363920 8.09237521 1.29466160
v -0.44313040 8.22342082 1.28766800
v -0.19922960 8.28849200 1.31935840
v -0.23801040 8.31317920 1.32225840
v -0.39584960 8.28729201 1.31036160
v -0.14635200 8.20043040 1.30865840
v -0.28499440 8.32157598 1.32245840
v -0.14754880 8.15035280 1.30266160
v -0.15684560 8.12296242 1.29856160
v -0.15344880 8.23051762 1.31295840
v -0.32507840 8.32037919 1.29826800
v -0.14664880 8.17924001 1.28956800
v -0.36016240 8.30918237 1.29626800
v -0.17483920 8.26330158 1.29656800
v -0.41124000 8.27169838 1.28437120
v -0.42693680 8.25070800 1.27827440
v -0.44143040 8.20292718 1.26707440
v -0.44272720 8.18014000 1.26267760
v -0.23791360 8.05099438 1.26537440
v -0.42803360 8.12446562 1.25358080
v -0.41144000 8.09767522 1.25258080
v -0.38395280 8.07218478 1.25208080
v -0.34046880 8.04959442 1.25347760
v -0.28389440 8.03979759 1.25947760
v -0.44223040 8.15834957 1.25857760
v -0.20952320 8.06448800 1.27127440
v -0.17523920 8.09587519 1.27657120
v -0.43693040 8.22721759 1.27207440
v -0.20212640 8.28929197 1.29856800
v -0.23971360 8.31218237 1.29926800
v -0.38884960 8.29039197 1.29047120
v -0.14814880 8.20452719 1.29116800
v -0.28299440 8.32027601 1.29926800
v -0.14824880 8.15484957 1.28596800
v -0.15744560 8.12746239 1.28127120
v -0.15814560 8.23431440 1.29336800
v -0.31987840 8.31697921 1.27617760
v -0.15074880 8.18313680 1.27007440
v -0.35446560 8.30848558 1.27397760
v -0.18023600 8.26400162 1.27437440
v -0.40314320 8.27309840 1.26478080
v -0.41883680 8.25330803 1.26098080
v -0.43313360 8.20882719 1.24928400
v -0.43533040 8.18653681 1.24568720
v -0.23871360 8.06189121 1.24178400
v -0.41913680 8.13186239 1.23598720
v -0.40364320 8.10667199 1.23228720
v -0.37675600 8.08258161 1.23029040
v -0.33557200 8.06259119 1.23049040
v -0.28259440 8.05299441 1.23498720
v -0.43203360 8.16544638 1.24148720
v -0.21262320 8.07388478 1.24908080
v -0.17783600 8.10337203 1.25578080
v -0.42883360 8.23211760 1.25548080
v -0.20672640 8.28879198 1.27557760
v -0.24151040 8.30838560 1.27647760
v -0.38185280 8.29039200 1.26987760
v -0.15504880 8.20862722 1.27097440
v -0.28179440 8.31687922 1.27637760
v -0.15284880 8.15964962 1.26647760
v -0.16174240 8.13315918 1.26107760
v -0.16374240 8.23731438 1.27257440
v -0.31668160 8.30768562 1.24788720
v -0.16284240 8.18903682 1.24308720
v -0.34586880 8.30018880 1.24618720
v -0.19232960 8.26250482 1.24738720
v -0.39004960 8.26940162 1.23899040
v -0.40504320 8.25131120 1.23709040
v -0.41873680 8.21142722 1.22689360
v -0.41873680 8.19103678 1.22239360
v -0.24461040 8.07988478 1.21569680
v -0.40574320 8.14245922 1.21239680
v -0.38994960 8.12136561 1.20779680
v -0.36625920 8.09847520 1.20490000
v -0.32907520 8.08028478 1.20530000
v -0.28299440 8.07328798 1.20939680
v -0.41784000 8.17184322 1.21939680
v -0.21862000 8.08937841 1.22239360
v -0.18773280 8.11636879 1.22909040
v -0.41424000 8.23261757 1.23209040
v -0.21602320 8.28319519 1.24768720
v -0.24671040 8.29948880 1.24728720
v -0.37025920 8.28539520 1.24339040
v -0.16794240 8.21332717 1.24368720
v -0.28239440 8.30678563 1.24748720
v -0.16444240 8.16784638 1.24048720
v -0.17283920 8.14275602 1.23459040
v -0.17693920 8.23841440 1.24518720
v -0.32667520 8.15615277 1.16711600
v -0.31847840 8.14515917 1.16741600
v -0.31258160 8.13496237 1.16941600
v -0.29259120 8.13186237 1.17011600
v -0.33307520 8.18554000 1.16561920
v -0.27679760 8.14585917 1.16811600
v -0.26570080 8.16214959 1.16621600
v -0.33097520 8.22362399 1.17321600
v -0.27339760 8.25421123 1.18571280
v -0.28329440 8.26050799 1.18940960
v -0.31778160 8.25401118 1.18531280
v -0.25630400 8.21812719 1.17341600
v -0.29139120 8.26670481 1.19280960
v -0.25470720 8.19124001 1.16851600
v -0.25830400 8.17654320 1.16731600
v -0.25980400 8.23202080 1.17671600
v -0.33337520 8.17394640 1.16581920
v -0.27149760 8.15315277 1.16661600
v -0.22731680 8.12546557 1.19120320
v -0.38515280 8.16784642 1.18920640
v -0.20562640 8.23631759 1.20800320
v -0.20102960 8.15884962 1.19800320
v -0.19352960 8.17894319 1.20230320
v -0.28639440 8.28819520 1.21430000
v -0.19762960 8.21552718 1.20630320
v -0.35126560 8.27160159 1.21070320
v -0.26130400 8.28179839 1.21180000
v -0.23731360 8.26940159 1.21040000
v -0.38575280 8.23072083 1.20130640
v -0.21402320 8.13885918 1.19270320
v -0.24041360 8.11636877 1.18860640
v -0.38824960 8.18034318 1.19140640
v -0.28699440 8.10407517 1.18370960
v -0.32077840 8.11057202 1.18250960
v -0.34736880 8.12416557 1.18220960
v -0.36685920 8.14015920 1.18440960
v -0.37765600 8.15675280 1.18710960
v -0.25780400 8.10947202 1.18660960
v -0.38844960 8.19563680 1.19290640
v -0.38884960 8.21372722 1.19680640
v -2.52368697 6.07877752 0.47829935
v -2.32167600 5.90609085 0.80071479
v -2.17504495 5.80431425 0.86105875
v -1.93860048 5.66492918 0.94024762
v -1.84909916 5.56864802 0.96852565
v -1.75136386 5.46136665 1.01322579
v -1.65057988 5.36236865 1.07628117
v -1.58562451 5.26398196 1.14027031
v -1.52020903 5.14176766 1.20333447
v -1.45732957 5.02942961 1.27093300
v -1.96834773 5.97031604 0.79794350
v -2.14659386 6.06445448 0.73047582
v -2.35869465 6.21878736 0.46277649
v -1.69577159 5.82647579 0.90832740
v -1.58173451 5.71734385 0.97585893
v -1.49414374 5.58198805 1.08129268
v -1.40436906 5.44463833 1.16149772
v -1.34760635 5.31392694 1.23325618
v -1.30715551 5.19820961 1.30536509
v -1.26786938 5.09957005 1.36458429
v -1.71001135 6.10860606 0.72001574
v -1.89126216 6.22910974 0.66150842
v -2.03308729 6.34116847 0.44693586
v -1.39394589 5.92282867 0.86368323
v -1.24231338 5.80214023 0.94707325
v -1.16863883 5.63950125 1.08948236
v -1.12883644 5.47768078 1.20598247
v -1.10863964 5.34449088 1.29497632
v -1.09439543 5.22967624 1.37132672
v -1.06684273 5.12639202 1.42684636
v -1.43484726 6.21974279 0.65911741
v -1.56064585 6.31030082 0.58426611
v -1.69751292 6.42565389 0.41669561
v -1.07627369 6.01140299 0.83057126
v -0.84862828 5.90164774 0.93234446
v -0.82279523 5.69492602 1.07457719
v -0.79707549 5.51097068 1.18755113
v -0.81557356 5.37095887 1.29384621
v -0.82515045 5.24461647 1.37646765
v -0.82821546 5.12584260 1.44220339
v -1.16852910 6.24098752 0.62822085
v -1.23213507 6.29140499 0.50779374
v -1.28634147 6.40887227 0.36503133
v -0.87363200 6.12652104 0.80154669
v 0.00000000 5.73166205 1.06114992
v 0.00000000 5.57742210 1.15402690
v 0.00000000 5.39456152 1.24843653
v 0.00000000 5.22435308 1.31190456
v -0.68551917 6.09347210 0.86343904
v -2.82400617 5.65443840 0.44300940
v -2.59638781 5.47483723 0.76150065
v -2.45740850 5.35629805 0.79044946
v -2.24058209 5.17048635 0.70671112
v -2.10647526 5.15941769 0.68768498
v -2.01081787 5.09774981 0.71972025
v -1.93105341 5.02562756 0.69901888
v -1.86513465 4.93557452 0.68680533
v -1.80539209 4.79519503 0.68342353
v -1.73202302 4.63895962 0.70224813
v -2.96999567 5.44788294 0.39279775
v -2.73065568 5.26408614 0.70802002
v -2.61234404 5.15615906 0.74267980
v -2.38159121 4.92865404 0.58336215
v -2.28671568 4.84803407 0.39893124
v -2.21985384 4.79637977 0.20438084
v -1.99153550 4.90401977 0.28991214
v -1.94408530 4.68830074 0.25175562
v -1.89260095 4.55087085 0.23378869
v -1.84512381 4.45418433 0.24133305
v -3.06602327 5.33703265 0.35767859
v -2.83477286 5.18156943 0.71124324
v -2.69560662 5.06506087 0.73956522
v -2.45034486 4.83814297 0.56517876
v -2.37229790 4.74968498 0.38052889
v -2.34124339 4.65281708 0.19234418
v -2.66161404 5.93483487 0.47931824
v -2.45192192 5.75708010 0.80914448
v -2.30877381 5.63132175 0.86794474
v -2.08033139 5.47034656 0.90541004
v -1.99884253 5.40819621 0.92540294
v -1.90625426 5.31859946 0.95232901
v -1.83135946 5.23567047 0.97339257
v -1.76302534 5.14795160 1.01588082
v -1.69296907 5.04251483 1.07907861
v -1.62336586 4.92010915 1.13137597
v -2.89420101 5.55456008 0.42843080
v -2.65737352 5.36999510 0.73568932
v -2.52810172 5.24632254 0.76408944
v -2.30366385 5.05193063 0.62573896
v -2.14204376 5.02363350 0.48363310
v -2.02622230 5.01893803 0.48681468
v -1.96723962 4.92399905 0.49153759
v -1.89516935 4.77717665 0.48178695
v -1.83731359 4.65300803 0.46871046
v -1.77495399 4.52466736 0.48169724
v -2.45339114 6.00447265 0.66336408
v -2.26555230 6.15628131 0.61585208
v -1.97542857 6.28691782 0.56744394
v -1.62716438 6.35081651 0.50369301
v -1.26822451 6.35688546 0.41746570
v -2.73427000 5.56397615 0.63455250
v -2.87444611 5.36229964 0.57332845
v -2.98184787 5.27468172 0.55232272
v -2.58456931 5.84901918 0.67277744
v -2.79432706 5.45744183 0.61133052
v -0.40981308 6.30943132 0.70149067
v -0.29535554 6.27681123 0.76033589
v -0.66009695 6.42316981 0.55076046
v -0.71851138 6.47617132 0.48736852
v -0.76128219 6.52651759 0.41927808
v -0.41983995 6.44259653 -0.45373193
v -0.19626429 6.41158888 -0.42276089
v 0.00000000 6.41294975 -0.40438191
v -0.60737060 6.47282468 -0.45922177
v -0.80365008 6.51603336 -0.43727763
v -0.99823373 6.56294629 -0.38559836
v -0.52612542 5.89215576 0.96197817
v 0.00000000 5.06825148 1.34809333
v -0.10618269 5.08298237 1.35666943
v -0.12293468 5.24669878 1.31623893
v -0.26939463 6.03716273 0.91904692
v -0.13811809 5.41578661 1.24993294
v -0.15171034 5.58126034 1.16192272
v -1.13268135 6.59494927 -0.29288377
v -1.23880035 6.58517255 -0.12785004
v -1.32613474 6.58363206 0.02135483
v -1.33069986 6.54099231 0.15111497
v -1.30875212 6.48467912 0.26750014
v -1.02674969 6.57259236 0.26824029
v -1.05944598 6.63048272 0.17233181
v -1.04749519 6.66513657 0.06051086
v -0.98196459 6.67661774 -0.06082791
v -0.90261998 6.67857873 -0.17797762
v -0.82488653 6.65984562 -0.27460032
v -0.70490139 6.62198649 -0.34707735
v -0.53302887 6.57387507 -0.38933829
v 0.00000000 6.52351353 -0.37313994
v -0.15917791 6.53194864 -0.38003593
v -0.36137004 6.54411304 -0.39427380
v -0.30704739 6.63856517 -0.34045325
v -0.13122573 6.62504601 -0.34273627
v 0.00000000 6.62554736 -0.34143090
v -0.45960614 6.66657159 -0.32603057
v -0.59870560 6.70720796 -0.27210586
v -0.70849378 6.73945090 -0.19800751
v -0.76721326 6.74972594 -0.10566928
v -0.81715868 6.75542686 -0.01016296
v -0.15450769 5.73369488 1.06152133
v -0.87082399 6.74324551 0.09076853
v -0.87311648 6.69729235 0.19082480
v -0.84609801 6.64211761 0.27794590
v -0.32741640 5.73223034 1.06717409
v -0.32646985 5.57809225 1.17919691
v -0.30932902 5.88238474 0.98065734
v -0.43818944 6.06134882 0.90391689
v -0.18975909 6.24044128 0.77356930
v -0.49760663 6.34473430 0.66379151
v -0.80933999 6.58499127 0.35122939
v -0.64869640 6.22809805 0.66156649
v -0.22478799 6.14235782 0.82523163
v -0.51258175 6.20979753 0.73826032
v -0.34990347 6.17344426 0.79464753
v -0.83652635 6.30644176 0.53679295
v -0.89023463 6.36902090 0.46244991
v -0.91731499 6.43126166 0.40815070
v -0.97094104 6.50128785 0.34366936
v -0.08840172 6.21264884 0.76273408
v 0.00000000 6.19880607 0.76574974
v -0.10339730 6.11973439 0.81649918
v 0.00000000 6.09464720 0.81999776
v -0.12242847 6.00999818 0.90971326
v 0.00000000 5.98628788 0.90642053
v -0.14981034 5.85829685 0.99614070
v 0.00000000 5.87662588 0.98275183
v -0.31980072 5.41693292 1.26869654
v -0.32064801 5.26188769 1.34466084
v -0.32056136 5.09787739 1.40591988
v -0.58164879 5.12071815 1.43610244
v -0.55862782 5.25827530 1.36870582
v -0.54532712 5.39778281 1.27966622
v -0.52590672 5.54805277 1.18623630
v -0.54778541 5.72804916 1.06801098
v -0.46819401 6.31729596 -0.51901976
v -0.21322248 6.28195286 -0.47185397
v 0.00000000 6.29060177 -0.45400446
v -0.67819152 6.35717393 -0.54678936
v -0.90559355 6.41963318 -0.56461470
v -1.12914613 6.46508992 -0.51406581
v -1.33047173 6.47062769 -0.38411185
v -1.49925708 6.48374082 -0.20146840
v -1.62673669 6.49313367 -0.03627300
v -1.70137720 6.48005201 0.12062775
v -1.71809499 6.46730577 0.26150883
v -0.49702207 6.17570148 -0.57759913
v -0.22449530 6.15339218 -0.52151230
v 0.00000000 6.15296119 -0.49831354
v -0.73899673 6.22079076 -0.63565713
v -0.98610790 6.29979009 -0.66862753
v -1.23978508 6.32795036 -0.62179307
v -1.51518968 6.33681147 -0.46447258
v -1.72148533 6.35245429 -0.24595890
v -1.87752315 6.36166570 -0.04904065
v -2.00812975 6.39094855 0.12930977
v -2.05124167 6.38548858 0.30117685
v -1.70896703 6.13336019 -0.53305177
v -1.60623487 5.91244322 -0.66213670
v -1.51584676 5.74978786 -0.72537234
v -1.39808862 5.26420594 -0.82289099
v -1.35205445 5.09281028 -0.84163511
v -1.31482305 4.93095370 -0.85577642
v -1.31784774 6.14361842 -0.71142472
v -1.29295237 5.92425665 -0.77985396
v -1.22745246 5.73830747 -0.83853569
v -1.11531118 5.31916296 -0.92627328
v -1.09338449 5.17287042 -0.94143385
v -1.07078055 5.00836517 -0.94691497
v -1.01803463 6.13554197 -0.74606950
v -0.98252832 5.90154915 -0.82516020
v -0.93102419 5.73069321 -0.86901942
v -0.87054040 5.32289867 -0.92611582
v -0.86479019 5.18650869 -0.94230529
v -0.85214459 5.02865168 -0.93953513
v -0.75727072 6.06724709 -0.71731812
v -0.73292752 5.88225699 -0.77822408
v -0.68473047 5.72379950 -0.82282234
v -0.65972667 5.32204663 -0.87131166
v -0.64948894 5.18459144 -0.88726277
v -0.64237038 5.04002681 -0.87702812
v -0.50292403 6.02386812 -0.62276187
v -0.47136436 5.86737402 -0.70145392
v -0.45966673 5.72116241 -0.73997531
v -0.46680577 5.30536128 -0.79290522
v -0.46339432 5.16841299 -0.79881733
v -0.46791501 5.02022350 -0.81947479
v -0.23498939 6.03141030 -0.56793620
v -0.24394385 5.85644285 -0.61502179
v -0.25082766 5.70790610 -0.64646547
v -0.26740742 5.30548401 -0.73868066
v -0.26740918 5.16096525 -0.76306175
v -0.26008153 5.01545880 -0.78381343
v 0.00000000 6.03111486 -0.53980009
v 0.00000000 5.87553554 -0.58087547
v 0.00000000 5.71630176 -0.61923051
v 0.00000000 5.30477147 -0.69843650
v 0.00000000 5.16816772 -0.71702611
v 0.00000000 5.00589796 -0.73833090
v -1.94181222 6.20646140 -0.28945181
v -2.13227101 6.29972867 -0.08464513
v -2.27790587 6.33286380 0.08350489
v -2.35489484 6.29488607 0.29713534
v -2.13650636 6.11756064 -0.34244830
v -2.33066754 6.18937149 -0.13728522
v -2.45635659 6.20727719 0.05394416
v -2.54227672 6.14948271 0.27714693
v -1.96558258 5.99337577 -0.49230376
v -1.81982310 5.86406977 -0.60154128
v -1.88439100 5.64746049 -0.60107837
v -1.78815499 4.91718057 -0.48909202
v -1.75158853 4.73598902 -0.47402614
v -1.69864766 4.61151049 -0.48602297
v -2.28156351 6.01891889 -0.36668725
v -2.45903698 6.06548502 -0.17895979
v -2.59682553 6.06222268 0.03408595
v -2.67474589 6.00104416 0.26282484
v -2.10225294 5.92473738 -0.47508045
v -1.97034621 5.78991448 -0.54944324
v -1.74010211 5.71333013 -0.64729098
v -1.93029110 4.72032745 -0.18879002
v -1.87672526 4.58301087 -0.19137257
v -1.81771160 4.46952053 -0.22614073
v -2.46945544 5.79613294 -0.36528395
v -2.66192467 5.81139518 -0.21424066
v -2.79860574 5.78187345 -0.01234684
v -2.85580325 5.74028211 0.21632260
v -2.32685980 5.72320255 -0.45406755
v -2.19808950 5.60394145 -0.49610220
v -2.00348309 5.03300192 -0.29073474
v -2.04984785 4.97035703 -0.11669724
v -1.96330130 4.68474738 0.05486474
v -1.90867173 4.54801331 0.03184962
v -2.57212107 5.67514891 -0.36042954
v -2.73916260 5.68866314 -0.21963201
v -2.87721884 5.69434655 -0.02120315
v -2.92004722 5.64017090 0.21057762
v -2.42096994 5.59033064 -0.43784555
v -2.30147116 5.46324532 -0.47730686
v -2.07629979 5.00482111 -0.29057712
v -2.09500841 4.95253804 -0.12190044
v -2.09320582 4.95684417 0.06981659
v -2.67790264 5.55828283 -0.36568786
v -2.83611147 5.59377843 -0.22738252
v -2.96772574 5.58173257 -0.03200461
v -2.99926359 5.52459280 0.19346749
v -2.52978823 5.46892740 -0.44201313
v -2.40136786 5.34972873 -0.47803497
v -2.16653016 4.84627524 -0.27530550
v -2.20961604 4.77359596 -0.13376308
v -2.19263045 4.78804101 0.02076257
v -2.05514889 4.97504108 0.26558291
v -2.81722487 5.41754061 -0.37581731
v -2.96047527 5.46344712 -0.24347746
v -3.07301782 5.45312417 -0.04822753
v -3.09491243 5.39706698 0.17096841
v -2.67908704 5.32363842 -0.44649324
v -2.54759092 5.20546702 -0.47627402
v -2.28466419 4.69914765 -0.25664368
v -2.29264188 4.63638251 -0.11487560
v -2.31429019 4.63848953 0.02142844
v -2.11414965 4.96846335 0.23996142
v -2.06573569 4.95694684 0.08098289
v -2.00430115 4.85887028 0.10219388
v -1.89941753 4.96909615 -0.37061030
v -2.09579543 5.69950574 -0.51109364
v -1.99626142 4.87176684 -0.14238700
v -2.71597479 5.90324778 0.00292541
v -2.78861299 5.83713054 0.23443573
v -2.57874133 5.92719993 -0.20279665
v -2.38628988 5.90607732 -0.37597210
v -2.22508900 5.83226554 -0.45885898
v -2.38493498 5.48013235 0.82493329
v -2.53635257 5.60497358 0.78432080
v -2.76074278 5.75458553 0.46171083
v -1.90663491 5.12682561 0.87096551
v -1.96118668 5.19903883 0.85037773
v -2.05400108 5.28559636 0.84261384
v -2.16252701 5.31615852 0.82926576
v -2.67195480 5.68572534 0.65082798
v -1.68887486 4.78622841 0.91335110
v -1.76316341 4.92639659 0.89264975
v -1.82947030 5.05382583 0.89166300
v -2.10831278 5.46417374 -0.48067364
v -2.20260402 5.32837119 -0.47004180
v -2.30155883 5.21676298 -0.46727196
v -2.44071870 5.08189161 -0.46648302
v -2.01299204 5.56586692 -0.54050719
v -1.86262123 4.41509824 0.03398720
v -1.53190369 4.77688507 -0.72555477
v -1.57002254 4.90342283 -0.70019919
v -1.62349584 5.10505748 -0.66277811
v -3.20247812 5.17440173 0.34904262
v -2.95037724 5.06320338 0.72201334
v -2.80003735 4.95301145 0.76775585
v -2.54807350 4.74935651 0.60239073
v -2.46097316 4.66688657 0.40374933
v -2.42516170 4.56905316 0.20987677
v -3.11357061 5.13153466 0.55999058
v -3.03619576 5.15879032 -0.35771594
v -3.14335434 5.21990017 -0.23748813
v -3.22641627 5.25424184 -0.05347358
v -3.24257677 5.22824402 0.15374173
v -2.88793292 5.06874264 -0.42588255
v -2.74562515 4.97639990 -0.45325416
v -2.42004542 4.54618025 -0.22383101
v -2.40501259 4.51342288 -0.09024782
v -2.41492806 4.52582562 0.05290906
v -2.61568297 4.86599539 -0.44593227
v -3.35037834 4.97577628 0.36470392
v -3.13398861 4.86425417 0.76135001
v -2.96652020 4.75878088 0.80760660
v -2.69895715 4.58522044 0.65399201
v -2.61672188 4.52371323 0.45817334
v -2.57345438 4.44398526 0.25972205
v -3.26463593 4.94620397 0.59553315
v -3.21189912 4.86597111 -0.33391838
v -3.31466394 4.93212807 -0.22212282
v -3.38436566 4.98338032 -0.04897592
v -3.39001361 5.00595117 0.15873916
v -3.09450762 4.79056056 -0.39637138
v -2.95640565 4.70416362 -0.40461591
v -2.56484563 4.41625220 -0.17028083
v -2.54753073 4.39477795 -0.05001128
v -2.55079233 4.40328630 0.09047010
v -2.80769393 4.61266362 -0.39091684
v -3.47929640 4.79575453 0.40381675
v -3.28556544 4.68102053 0.78337351
v -3.13858224 4.55877785 0.81868972
v -2.90206644 4.38330208 0.67867006
v -2.81292925 4.35561894 0.48514133
v -2.74976950 4.30939716 0.29367109
v -3.41158699 4.76665288 0.62862454
v -3.35697159 4.65719346 -0.27889290
v -3.43388469 4.72144552 -0.16823112
v -3.50099352 4.76926923 -0.00164198
v -3.51173602 4.79726426 0.19713893
v -3.23524511 4.57460898 -0.34020279
v -3.12860668 4.50794859 -0.34877428
v -2.74510257 4.28283591 -0.13451082
v -2.71619958 4.26306197 -0.02402210
v -2.71405822 4.26357142 0.11824858
v -2.99965896 4.44065107 -0.33765411
v -3.60225762 4.65143606 0.44055898
v -3.39931539 4.53584055 0.78604496
v -3.27312472 4.40688301 0.81072302
v -3.07314351 4.21255335 0.67356131
v -2.98249660 4.17782616 0.49490354
v -2.91109637 4.15055302 0.30360059
v -3.53255177 4.61845224 0.64449581
v -3.45945652 4.47987627 -0.20940368
v -3.54031744 4.54806042 -0.09720049
v -3.61924894 4.60781724 0.05994070
v -3.63600808 4.63946786 0.24574356
v -3.37169537 4.40758120 -0.27247063
v -3.26651979 4.34220282 -0.29230927
v -2.90271903 4.15053310 -0.10927722
v -2.87385612 4.12879893 -0.00999614
v -2.86895792 4.12272534 0.12865143
v -3.14094318 4.28303675 -0.28253797
v -1.04996879 4.67328806 1.50790142
v -1.02165473 4.66779351 1.51625126
v -0.99252791 4.65490506 1.52483434
v -0.96908816 4.63413511 1.53074506
v -0.95486017 4.60920291 1.53495400
v -0.94875994 4.58176829 1.53477257
v -0.95483424 4.55458071 1.53155528
v -0.97173351 4.53439747 1.52454428
v -0.99934485 4.52475883 1.51365106
v -1.02989145 4.52809201 1.50305206
v -1.06134038 4.54378264 1.49342230
v -1.08500353 4.56818079 1.48647501
v -1.09893123 4.59782529 1.48476266
v -1.10253113 4.62738959 1.48539596
v -1.09363331 4.65131532 1.49094320
v -1.07523399 4.66704282 1.49921472
v -1.05175341 4.65820608 1.50729523
v -1.04293068 4.64942325 1.50972579
v -1.02911494 4.63540502 1.51365807
v -1.01467322 4.61648649 1.51661105
v -1.00205499 4.59354919 1.51960970
v -0.99336575 4.57167855 1.52068025
v -0.98848285 4.55344528 1.52194123
v -0.98985845 4.54048159 1.52094607
v -1.00221506 4.53632839 1.51535623
v -1.01492196 4.54385498 1.51184631
v -1.03106139 4.55988126 1.50702259
v -1.04538082 4.58126013 1.50371017
v -1.05777289 4.60456457 1.50120630
v -1.06458069 4.62667648 1.50089125
v -1.06791063 4.64419402 1.50213517
v -1.06509072 4.65489586 1.50334592
v -1.04549427 4.70413372 1.50582967
v -0.99713497 4.70016397 1.52070489
v -0.94978156 4.68588288 1.53364038
v -0.91353890 4.66094773 1.54379241
v -0.89271335 4.62877065 1.54934446
v -0.88839885 4.59004955 1.55031296
v -0.90526048 4.55047628 1.54250387
v -0.94082536 4.51999529 1.52920180
v -0.98895917 4.50422849 1.51126697
v -1.04218537 4.50604175 1.49192422
v -1.09205811 4.52449883 1.47741118
v -1.12710175 4.55621338 1.46653830
v -1.14651901 4.59772710 1.46248140
v -1.14668116 4.63831952 1.46554825
v -1.12711627 4.67238677 1.47619165
v -1.09045550 4.69521979 1.49048296
v -1.03728551 4.75006587 1.50153060
v -0.96428547 4.74617031 1.52117821
v -0.89426478 4.72843344 1.54209789
v -0.83922969 4.69659027 1.55925197
v -0.81122028 4.65183635 1.56827343
v -0.80503797 4.59851101 1.56995564
v -0.83379682 4.54214623 1.55953008
v -0.89138480 4.49585197 1.53789599
v -0.97069192 4.47414947 1.50816921
v -1.05224845 4.47448578 1.47723898
v -1.12678633 4.49949417 1.45233960
v -1.17851091 4.54410815 1.43601719
v -1.20515445 4.60123871 1.43137223
v -1.20118552 4.65941869 1.43933461
v -1.16699342 4.70724271 1.45820576
v -1.10643090 4.73849524 1.48051921
v -1.03128545 4.87043632 1.48758615
v -0.89659295 4.86189616 1.51473481
v -0.76515920 4.83203754 1.53659723
v -0.65475673 4.78236105 1.55679341
v -0.59154685 4.71032329 1.56946663
v -0.58900805 4.62896655 1.58336031
v -0.64351324 4.52973969 1.58247313
v -0.76107777 4.44362787 1.55916792
v -0.91608824 4.38854967 1.50637187
v -1.07301441 4.38406975 1.43793019
v -1.20934391 4.42539479 1.37875165
v -1.30209776 4.50954173 1.33572379
v -1.35029247 4.61768892 1.33105606
v -1.34667517 4.72514713 1.36266560
v -1.28139143 4.81185910 1.40985042
v -1.16209151 4.85992477 1.45590491
v -1.03663689 4.94175077 1.47703515
v -0.86280815 4.93092658 1.50618509
v -0.69025212 4.90143933 1.52580563
v -0.52860278 4.84209834 1.53525455
v -0.44849186 4.74675096 1.54154007
v -0.45045205 4.64172727 1.55338760
v -0.53036016 4.50909373 1.56866686
v -0.70102486 4.39861306 1.55807781
v -0.89495304 4.32601094 1.50070818
v -1.08962192 4.30936762 1.41200929
v -1.25590379 4.34917517 1.31535358
v -1.37354540 4.46650283 1.24702782
v -1.42772964 4.60913298 1.24738823
v -1.43285167 4.75252585 1.29941355
v -1.34509611 4.86991374 1.37348038
v -1.19613857 4.93172805 1.43522159
v -1.05204494 5.02729705 1.45924018
v -0.83783575 5.01786307 1.48693223
v -0.61462294 4.99408102 1.49142980
v -0.35481227 4.93131835 1.46794402
v -0.28662672 4.79076987 1.48474691
v -0.28988795 4.65057687 1.49167335
v -0.38602016 4.45220940 1.52126599
v -0.63947084 4.30621865 1.53656358
v -0.86988863 4.21735025 1.48187474
v -1.09473377 4.17172319 1.37949916
v -1.30240317 4.16508155 1.20494210
v -1.42926428 4.37712835 1.11929546
v -1.49624998 4.56374838 1.11757148
v -1.53667449 4.77553759 1.18786606
v -1.41219852 4.93233813 1.32723016
v -1.23906076 5.01134908 1.40598289
v -1.13178848 4.79454559 1.46934433
v -1.22011273 4.75750492 1.43573832
v -1.06065864 4.43455254 1.45988789
v -0.94481673 4.43207515 1.50699090
v -1.03335142 4.80698243 1.49767297
v -1.16439468 4.46792198 1.42201444
v -0.93234946 4.79939363 1.52247862
v -1.23613329 4.53036591 1.39484919
v -0.70568581 4.61448596 1.58385497
v -0.71070593 4.68219531 1.57726257
v -0.83382043 4.77591660 1.54527473
v -1.27104295 4.60947802 1.38952143
v -0.74674836 4.53540163 1.57508683
v -0.75573536 4.73796417 1.56260290
v -1.26977010 4.69036810 1.40616674
v -0.82971645 4.47164365 1.55079959
v 0.00000000 4.95650773 1.37006780
v 0.00000000 4.82533853 1.38387278
v 0.00000000 4.70305207 1.39541090
v 0.00000000 4.54667677 1.43719448
v -0.11738470 4.92971640 1.39016925
v -0.11741238 4.81494134 1.41517499
v -0.12505732 4.69552668 1.43514315
v -0.14194410 4.54431163 1.47058498
v -5.31136958 2.00150400 3.48735997
v -5.43149921 1.88104000 3.37931440
v -5.45661361 1.94879680 3.43338721
v -5.39422881 2.01175360 3.47986002
v -5.39232878 2.12363121 3.36148240
v -5.46419440 2.06314640 3.30375680
v -5.44280481 1.98418080 3.25953680
v -5.31709442 2.10489760 3.37736319
v -5.29019203 2.17350799 3.27339119
v -5.41677438 2.06009120 3.14094320
v -5.43756399 2.12570081 3.18613201
v -5.37530720 2.21636000 3.20164960
v -5.43200800 2.15632800 3.13219921
v -5.39953758 2.05470721 3.08690639
v -5.28083922 2.21226000 3.21500241
v -5.37587923 2.18166080 3.26098241
v -5.28898003 2.09268880 3.37403519
v -5.28695202 1.98607040 3.48090717
v -5.36994241 2.03537360 3.06280081
v -5.38433198 2.04172960 3.13319041
v -5.39742880 1.95886640 3.24785600
v -5.39926003 1.86597840 3.36560882
v -5.24084399 2.18534560 3.20189359
v -5.25912162 2.15474640 3.26561039
v -5.33865601 1.80106960 3.70692483
v -5.38678798 1.85257440 3.65063281
v -5.33548721 1.75633360 3.73591118
v -5.44326081 1.72351600 3.64114319
v -5.43791998 1.69134880 3.67101359
v -5.37470719 1.68469600 3.73628318
v -5.43900798 1.81077920 3.61479363
v -5.41810243 1.84033760 3.63135520
v -5.38912802 1.69427680 3.73856718
v -5.41191838 1.82947280 3.63727998
v -5.35220483 1.75284960 3.74327602
v -5.43697599 1.69309280 3.68620322
v -5.42982720 1.79789840 3.62239042
v -5.43809203 1.72467600 3.65768881
v -5.35094878 1.79163280 3.71371762
v -5.43698003 1.99232001 3.46252640
v -5.44553279 2.10474160 3.33296801
v -5.41600243 2.19509840 3.17203521
v -5.42302723 2.16309920 3.22857121
v -5.38093518 1.83694080 3.65785760
v -5.28479922 1.89546800 3.39046721
v -5.29165198 1.98102799 3.29877601
v -5.25872483 2.08559360 3.09009120
v -5.26042158 2.04931040 3.17020159
v -5.38883198 1.86980800 3.63732398
v -5.32146639 1.82700000 3.67325442
v -5.43688000 1.72704480 3.60173600
v -5.44346083 1.82013200 3.60362880
v -5.41954639 1.69543360 3.62278562
v -5.31185760 1.79931360 3.68750719
v -5.42389922 1.85617120 3.61829043
v -5.32706322 1.68250000 3.70034798
v -5.29995199 1.75524720 3.57873039
v -5.43272723 1.88402640 3.58913202
v -5.28995202 1.85997120 3.61280958
v -5.39933198 1.74556320 3.52701357
v -5.45138882 1.84875920 3.56581761
v -5.42887442 1.76462480 3.52793837
v -5.30356078 1.87923280 3.61170959
v -5.38584798 1.90139120 3.60839363
v -5.42715522 2.04234160 3.18332321
v -5.43908880 2.10602640 3.23291520
v -5.37667923 2.16351120 3.29234082
v -5.39026002 2.01832400 3.17904239
v -5.27393039 2.13474080 3.30349678
v -5.30094480 2.15150560 3.30904963
v -5.42865203 2.14582160 3.26492639
v -5.26924638 2.02377999 3.22616241
v -5.44613278 2.08323600 3.35872962
v -5.39752878 1.94701360 3.26763359
v -5.47271919 2.03748479 3.32406242
v -5.44248001 1.96927520 3.27644240
v -5.28792718 1.95285360 3.32442242
v -5.44503278 2.05740560 3.38658802
v -5.28788003 2.05710561 3.41109358
v -5.39390080 1.93213600 3.28401439
v -5.38697598 1.93022159 3.58063521
v -5.30525759 1.91931280 3.57022640
v -5.43167438 1.80530480 3.47955840
v -5.45611361 1.87768960 3.53608400
v -5.39830400 1.79449600 3.46924961
v -5.28995203 1.90820399 3.56224561
v -5.43375203 1.91095680 3.56250160
v -5.30007680 1.82398560 3.50243597
v -5.28682718 1.93767600 3.33810319
v -5.28695202 2.03460320 3.43149920
v -5.39715681 2.05113680 3.44350478
v -5.30984162 2.04328400 3.44247680
v -5.47021919 2.01365440 3.34972078
v -5.39645682 2.07976719 3.41619917
v -5.44207999 1.95152561 3.29622000
v -5.31576641 2.06951439 3.41884638
v -5.43905199 1.92942000 3.32205357
v -5.46286639 1.98845201 3.37895119
v -5.44413283 2.03154721 3.42064317
v -5.39483202 1.91055840 3.30841680
v -5.28738003 2.10644161 3.35612961
v -5.31419442 2.11977519 3.35665763
v -5.43960480 2.11974720 3.30913757
v -5.28472719 1.98852480 3.27742641
v -5.28932398 1.97013441 3.31256959
v -5.28768003 2.07258640 3.39401601
v -5.31879441 2.08662000 3.39976882
v -5.39392882 2.10682560 3.39164081
v -5.43870798 2.00728640 3.23070639
v -5.45131363 2.08062399 3.27509519
v -5.38730399 2.13678080 3.33944883
v -5.39765681 1.97897201 3.22142560
v -5.38497600 1.96154881 3.54305199
v -5.43619923 1.83140720 3.44869999
v -5.39790401 1.81424560 3.44204719
v -5.42952720 1.94381520 3.52431839
v -5.29897681 1.84733520 3.47308961
v -5.30934159 1.94734320 3.54442397
v -5.45241683 1.90591680 3.49657600
v -5.29198002 1.93290640 3.53877117
v -5.38597599 1.94419920 3.56472642
v -5.43517123 1.81725440 3.46438083
v -5.39870401 1.80512080 3.45462798
v -5.43145519 1.92473760 3.54749281
v -5.30157681 1.83781040 3.48801120
v -5.30791359 1.93259360 3.55897361
v -5.45391682 1.89016720 3.51967837
v -5.29195202 1.91955679 3.55122082
v -5.30430480 1.70555840 3.64852802
v -5.29577679 1.83344080 3.63964001
v -5.44718880 1.83158160 3.58439517
v -5.40478480 1.71903600 3.57132160
v -5.43382723 1.74501920 3.56172483
v -5.42802720 1.86912080 3.60301280
v -5.38730398 1.88718560 3.62284640
v -5.30658562 1.85307440 3.63697122
v -5.26393763 1.92691039 3.42280639
v -5.26816563 2.02745120 3.33491518
v -5.23086323 2.11240800 3.14102398
v -5.23566319 2.08560880 3.21413760
v -5.35020478 1.71105760 3.74613602
v -5.36321361 1.71828240 3.75235681
v -5.30807360 1.72055120 3.71078483
v -5.28071520 1.78928960 3.59449200
v -5.24588803 2.06873119 3.26760160
v -5.26386558 1.99637680 3.36228960
v -5.26243763 1.97557441 3.37979522
v -5.28294319 1.85270320 3.52532238
v -5.26036559 2.03477600 3.31776560
v -5.26786563 2.01355440 3.35133680
v -5.27731523 1.88094960 3.49552322
v -5.28234322 1.86975280 3.51170079
v -5.28644319 1.75253440 3.65208401
v -5.33871920 1.81394880 3.46678080
v -5.33401923 1.82227360 3.45102802
v -5.33664401 1.95086960 3.28421441
v -5.32152239 1.97129121 3.24508721
v -5.34672803 1.68632480 3.61638883
v -5.31662239 2.00291840 3.19605120
v -5.37733919 1.66606640 3.66943679
v -5.41308638 1.68248400 3.71566481
v -5.30474481 2.03437360 3.14621199
v -5.33711920 1.80055200 3.48057438
v -5.33484719 1.93381999 3.29806400
v -5.33804721 1.73328560 3.55567203
v -5.33557518 1.91521440 3.31431679
v -5.29416402 2.04088240 3.03278641
v -5.33357521 1.96013840 3.26921760
v -5.33261921 1.86368160 3.37053360
v -5.40987758 1.67198720 3.70965283
v -5.40245680 1.82446000 3.63445919
v -5.39566881 1.70545760 3.73899918
v -5.36000161 1.74692480 3.73818318
v -5.42568322 1.69846160 3.69044722
v -5.42078723 1.79440160 3.62477842
v -5.42739919 1.72386400 3.66416080
v -5.35533363 1.78026800 3.71008963
v -5.38077918 1.82656000 3.65569281
v -5.37156640 1.72421920 3.74473602
v -5.41748643 1.69340480 3.71472482
v -5.40509360 1.75529040 3.69971599
v -5.40129680 1.72686320 3.72464640
v -5.39990400 1.77339040 3.49182718
v -5.42997440 1.79052720 3.49790802
v -5.30025203 1.80038320 3.52354162
v -5.38714802 1.91504080 3.59278480
v -5.45351681 1.86293680 3.54953679
v -5.43412721 1.89687920 3.57457919
v -5.28892402 1.88772960 3.58012643
v -5.30286079 1.90413521 3.58497923
v -5.28301518 1.82367280 3.54462801
v -5.33479120 1.77662160 3.50350800
v -5.55561842 1.70361600 3.35122641
v -5.65304240 1.61344160 3.21480720
v -5.68035682 1.67494240 3.26791119
v -5.61977199 1.70856880 3.34114559
v -5.60459441 1.87379520 3.22142079
v -5.67213198 1.83117200 3.14103360
v -5.64118958 1.76198720 3.08280479
v -5.53501280 1.86041760 3.23187359
v -5.46144318 1.96792719 3.12134879
v -5.58752882 1.86898080 2.97568001
v -5.62722401 1.95744000 3.02218081
v -5.52962802 2.06554880 3.03295441
v -5.61914321 2.02066961 2.94301440
v -5.53934880 1.93523840 2.90250641
v -5.41245042 2.03676960 3.05971600
v -5.55345842 1.99194159 3.09811521
v -5.50929843 1.84668080 3.22329281
v -5.52867601 1.68655440 3.34784561
v -5.51017840 1.90036800 2.88898161
v -5.54896162 1.84089440 2.96349919
v -5.60895038 1.73882880 3.07169919
v -5.61175041 1.58662400 3.20342961
v -5.38523600 2.01493599 3.03988239
v -5.43233202 1.94403760 3.10161520
v -5.64406158 1.49365360 3.52418000
v -5.66239520 1.53593680 3.47029519
v -5.64853362 1.45941440 3.54705763
v -5.71011523 1.44124960 3.42421922
v -5.71268723 1.39507360 3.45092483
v -5.68386082 1.37554320 3.53184319
v -5.70320638 1.50291920 3.41360637
v -5.68625682 1.53032480 3.43705279
v -5.69488160 1.38956080 3.53131519
v -5.68050083 1.51731600 3.44240878
v -5.66008321 1.45645440 3.54637363
v -5.71479603 1.40146960 3.46677440
v -5.69449761 1.49576640 3.42328722
v -5.71125523 1.43625280 3.43884399
v -5.64958642 1.48716880 3.52443600
v -5.66574801 1.70438480 3.30510637
v -5.65409842 1.86171440 3.18445361
v -5.59295361 2.04751520 3.00151199
v -5.60380641 1.98911360 3.06482879
v -5.65873921 1.52160000 3.47211999
v -5.52276718 1.61036080 3.26453040
v -5.49233682 1.75976240 3.13468081
v -5.36777440 1.90705200 2.92144001
v -5.43160403 1.85299440 3.01553121
v -5.66246720 1.55221440 3.46136720
v -5.62516001 1.51638720 3.50656239
v -5.70621518 1.44964640 3.39783281
v -5.70519038 1.51451600 3.40329760
v -5.69598159 1.40872320 3.41455757
v -5.61655123 1.47333520 3.53360479
v -5.68995361 1.54313040 3.43008401
v -5.63110080 1.36253440 3.50809758
v -5.56465040 1.45908720 3.39613281
v -5.68915361 1.57206080 3.40947839
v -5.58463679 1.55431120 3.45909839
v -5.65140242 1.46778080 3.33560401
v -5.70326238 1.54544320 3.37670799
v -5.68320082 1.49417040 3.33526002
v -5.60502639 1.56992000 3.45822640
v -5.65418642 1.58499760 3.43839279
v -5.59868159 1.84760640 2.99848559
v -5.63564881 1.92651280 3.05633919
v -5.56061122 1.96138640 3.13217361
v -5.56354240 1.81636400 2.98710481
v -5.45150960 1.92186319 3.13770161
v -5.48117680 1.94558080 3.14765440
v -5.61328722 1.95665840 3.10013119
v -5.44322882 1.83121680 3.05251441
v -5.65599841 1.83132800 3.21001199
v -5.61304723 1.72052320 3.08757679
v -5.67363198 1.79715760 3.16909199
v -5.64644562 1.74148480 3.10371040
v -5.49350881 1.71831040 3.17090801
v -5.65619841 1.78252000 3.24337041
v -5.52077921 1.79467600 3.27053200
v -5.61517521 1.68919280 3.11663520
v -5.64137759 1.61312800 3.42024001
v -5.59167359 1.61060000 3.42696803
v -5.67384803 1.53145040 3.30020160
v -5.69793439 1.57384560 3.34557759
v -5.63835278 1.50998880 3.28809599
v -5.56948722 1.60231920 3.42171523
v -5.68585682 1.60361920 3.38620082
v -5.54646959 1.52505360 3.33917200
v -5.50618641 1.66049360 3.21971921
v -5.52137921 1.74264320 3.30369039
v -5.61184719 1.76077360 3.29606237
v -5.54579362 1.75192400 3.30974318
v -5.67143198 1.75870560 3.20375041
v -5.61234718 1.79540080 3.26655999
v -5.64774561 1.71135440 3.13499681
v -5.54632162 1.80115680 3.27618479
v -5.64874560 1.66854640 3.17122720
v -5.67443203 1.72295040 3.23175281
v -5.65839522 1.74939280 3.26824800
v -5.60462238 1.63846000 3.15921839
v -5.50287039 1.86535840 3.20974320
v -5.52778802 1.88119519 3.21376801
v -5.64341759 1.89100080 3.15782000
v -5.48271199 1.77125920 3.11955601
v -5.49220882 1.74054080 3.15040238
v -5.51412322 1.82823120 3.24097361
v -5.54096558 1.83751200 3.25065441
v -5.60559439 1.84081200 3.24022640
v -5.63476479 1.78432080 3.06359920
v -5.66245120 1.85760240 3.11589999
v -5.59134159 1.89615681 3.19725919
v -5.60139439 1.75670640 3.05661840
v -5.63272481 1.65490800 3.39045359
v -5.66812323 1.56530560 3.26794321
v -5.63295279 1.54111920 3.25676561
v -5.67890078 1.64835520 3.35171443
v -5.54969758 1.56368080 3.31336637
v -5.57862402 1.64765520 3.39823761
v -5.69210959 1.61700960 3.31241920
v -5.55843440 1.63412160 3.39540961
v -5.63558081 1.63470560 3.40706242
v -5.67222002 1.54832800 3.28452400
v -5.63642478 1.52694160 3.27344319
v -5.68592882 1.62662160 3.36869520
v -5.54684159 1.54485920 3.32666321
v -5.58574880 1.63027760 3.41108719
v -5.69853438 1.59657920 3.32857197
v -5.56285919 1.61816880 3.40753439
v -5.58365283 1.39694560 3.45315283
v -5.59778961 1.51393120 3.49378161
v -5.70326238 1.52186880 3.39358881
v -5.67143598 1.42720080 3.38031518
v -5.69675039 1.46504000 3.37061840
v -5.68725362 1.55015840 3.42325602
v -5.65784241 1.56329200 3.45424242
v -5.61610718 1.54308960 3.48335682
v -5.50868643 1.63372240 3.30046960
v -5.48655603 1.79290480 3.17794479
v -5.32849122 1.98094640 2.97052881
v -5.41667042 1.89016161 3.05792320
v -5.66397120 1.40538560 3.55572961
v -5.67767283 1.40986640 3.55057363
v -5.61024238 1.39992960 3.53976798
v -5.55174158 1.49275760 3.42990001
v -5.42914802 1.86858720 3.09658159
v -5.48325599 1.74975280 3.21174721
v -5.49258079 1.69173600 3.25718639
v -5.53528882 1.55387120 3.37730802
v -5.47533121 1.80782640 3.16524801
v -5.48435599 1.77485520 3.19629441
v -5.53558883 1.59359840 3.35110559
v -5.53568882 1.57224880 3.36385838
v -5.57124719 1.43144400 3.48509202
v -5.57525599 1.52679760 3.29694880
v -5.57535599 1.54434720 3.28325199
v -5.52605122 1.71885120 3.11433839
v -5.51785123 1.74869760 3.08476081
v -5.61535123 1.39198960 3.41345757
v -5.48662403 1.80975520 3.01431921
v -5.65764641 1.35342560 3.46707760
v -5.70808718 1.38250800 3.50120080
v -5.46854321 1.83818560 2.98288880
v -5.57558399 1.50849200 3.30932960
v -5.52624802 1.68942080 3.13584081
v -5.59501761 1.44767840 3.36376560
v -5.53710079 1.63776000 3.18260801
v -5.43939999 1.89849600 2.86710719
v -5.52877600 1.73577280 3.09928559
v -5.54965358 1.59142720 3.23154400
v -5.69909439 1.36626240 3.49651680
v -5.67732003 1.51071920 3.44544958
v -5.69855039 1.39939760 3.52740320
v -5.66518320 1.44444880 3.54199278
v -5.71208723 1.40336640 3.47427119
v -5.69034161 1.49355360 3.42480322
v -5.70633118 1.43482480 3.45089683
v -5.65665841 1.47642000 3.51959922
v -5.65808641 1.51583120 3.47119519
v -5.68377282 1.41147840 3.54078078
v -5.70557838 1.38911680 3.50439758
v -5.68796962 1.45718640 3.48719202
v -5.69452561 1.42585600 3.51159437
v -5.64207758 1.49491120 3.30517361
v -5.67754802 1.51630080 3.31335440
v -5.55049758 1.50259520 3.35724962
v -5.64833358 1.59994720 3.42784001
v -5.69946239 1.56172400 3.36015843
v -5.68632882 1.58573840 3.39942560
v -5.57724001 1.58654160 3.43719280
v -5.59750162 1.59452240 3.43934882
v -5.53908880 1.53063760 3.39504480
v -5.57911203 1.48675840 3.32610717
v -5.69812643 1.64439280 3.04707599
v -5.77069198 1.57770480 2.91330081
v -5.79507839 1.61261920 2.94919599
v -5.75488317 1.64944560 3.02118640
v -5.72250003 1.80247520 2.94328880
v -5.76574800 1.76297680 2.86290161
v -5.74425837 1.71918480 2.81965039
v -5.66094318 1.78876960 2.97240321
v -5.59430163 1.88105440 2.90498961
v -5.68384482 1.81786960 2.73701200
v -5.71518403 1.88562320 2.78691279
v -5.63442480 1.96451761 2.83974159
v -5.70417838 1.94465280 2.74123279
v -5.60723438 1.86019040 2.66441041
v -5.55745842 1.92152559 2.86770320
v -5.66028321 1.90774080 2.86747520
v -5.63084483 1.77070480 2.96475040
v -5.66742801 1.62878400 3.04082000
v -5.58594482 1.81679840 2.66651361
v -5.65423041 1.78615520 2.73135920
v -5.71361923 1.69259520 2.80474479
v -5.73982162 1.55151840 2.89799201
v -5.52744402 1.89488320 2.87262800
v -5.57028721 1.85264000 2.89766161
v -5.80177519 1.36591680 3.21306479
v -5.81080002 1.42594640 3.14843598
v -5.79763839 1.32556560 3.22997361
v -5.84923922 1.31204080 3.10230719
v -5.85216721 1.27783040 3.12115279
v -5.81412802 1.26181200 3.19047840
v -5.83791763 1.39586000 3.08776641
v -5.83083359 1.42309040 3.11335279
v -5.83654563 1.26813280 3.19823121
v -5.82636480 1.41210960 3.11910881
v -5.81615601 1.31881280 3.22668559
v -5.86093199 1.28354240 3.13614959
v -5.83674563 1.38723520 3.09741919
v -5.86043199 1.30890080 3.11728801
v -5.81159998 1.35603600 3.21477681
v -5.79135042 1.63833360 2.98449121
v -5.75779522 1.78979440 2.90119681
v -5.68384482 1.95938960 2.79394960
v -5.69805041 1.90448480 2.82920800
v -5.80894723 1.41359360 3.15243600
v -5.64521358 1.56287120 2.94539600
v -5.60155841 1.69428640 2.85965759
v -5.49154882 1.83343520 2.74246079
v -5.54010079 1.77890240 2.79284079
v -5.80877518 1.44118320 3.14081120
v -5.77374878 1.38903520 3.19734320
v -5.83757763 1.33318720 3.07556481
v -5.83958643 1.40521280 3.07878561
v -5.82764079 1.29802000 3.08488959
v -5.76037521 1.35613600 3.21113679
v -5.83143359 1.43739920 3.10557200
v -5.76587200 1.27223360 3.16117999
v -5.70217438 1.37541120 3.06722079
v -5.82650880 1.47387920 3.07973839
v -5.71336719 1.45327680 3.14902001
v -5.78760158 1.38466400 3.01322000
v -5.83243362 1.44682080 3.04819921
v -5.81344719 1.40409760 3.01960079
v -5.73800961 1.47423840 3.14864801
v -5.79749440 1.48791600 3.11320879
v -5.70095039 1.79569200 2.76331761
v -5.72626481 1.85116800 2.80899041
v -5.67546400 1.87921040 2.88535281
v -5.67020798 1.76770560 2.75000880
v -5.58729279 1.83969040 2.91294240
v -5.61703519 1.86178000 2.92269519
v -5.71153118 1.87555440 2.84608561
v -5.55285358 1.76039680 2.80579359
v -5.76944800 1.76613280 2.91317441
v -5.71611603 1.67346160 2.81309761
v -5.77620078 1.73964640 2.87690720
v -5.75261441 1.69742320 2.83103120
v -5.61555518 1.66846800 2.87668241
v -5.77237278 1.73977440 2.92505520
v -5.64209760 1.73687760 2.98482801
v -5.71904401 1.65255920 2.82565041
v -5.78591363 1.52859920 3.09512799
v -5.72685678 1.52214640 3.11931760
v -5.79916641 1.45675840 2.98431441
v -5.82520879 1.49030080 3.02283759
v -5.76469922 1.43949680 2.97276159
v -5.69645843 1.51013760 3.11523680
v -5.81988081 1.51269040 3.05713279
v -5.68952161 1.45940240 3.01268480
v -5.61708318 1.65478720 2.88557921
v -5.64462560 1.71457200 2.99360881
v -5.74253359 1.73108080 2.97397521
v -5.67379601 1.72878080 3.00389280
v -5.77710078 1.71528800 2.89091601
v -5.74063360 1.75748320 2.96302241
v -5.75511121 1.67541760 2.84611200
v -5.66966802 1.75378320 2.99261201
v -5.75491121 1.65201520 2.85979281
v -5.78022882 1.68985440 2.90474079
v -5.77527278 1.71397200 2.93710801
v -5.72204401 1.63657840 2.83750319
v -5.62404798 1.79018240 2.95389759
v -5.65419039 1.80907200 2.95885360
v -5.74551439 1.81169680 2.88884399
v -5.59293362 1.70453600 2.84698001
v -5.60845839 1.68688640 2.86868561
v -5.63517283 1.75745520 2.97187840
v -5.66451518 1.77368880 2.98185600
v -5.73407761 1.78286960 2.95434161
v -5.73160880 1.74608720 2.80779761
v -5.75359517 1.78678240 2.85074879
v -5.70864721 1.81965280 2.92883921
v -5.70209439 1.71450080 2.79109199
v -5.76863602 1.57530720 3.06739761
v -5.79016958 1.50749440 2.95631200
v -5.76142723 1.48107680 2.94413121
v -5.80763118 1.56289840 3.02337761
v -5.67197198 1.49233280 2.98838241
v -5.71913199 1.56848240 3.09088719
v -5.80673118 1.54240560 2.98727921
v -5.68823358 1.55764560 3.08955919
v -5.77548881 1.55110480 3.08264720
v -5.79436638 1.48146080 2.97116160
v -5.76429922 1.45847440 2.96121200
v -5.81165598 1.53759600 3.04275520
v -5.68352482 1.47232720 3.00345999
v -5.72445678 1.54185200 3.10753681
v -5.81425602 1.51167840 3.00666000
v -5.69266158 1.53054320 3.10351199
v -5.72640480 1.31340080 3.11711599
v -5.73454160 1.40054400 3.17828161
v -5.83818962 1.42581520 3.06820479
v -5.81203520 1.33250320 3.05473120
v -5.83014963 1.36484240 3.05075921
v -5.82940559 1.45410480 3.09391920
v -5.80371919 1.46421360 3.12755841
v -5.75838722 1.43205840 3.17295361
v -5.63523280 1.58506080 2.98679121
v -5.59720562 1.72240080 2.91150561
v -5.48815202 1.87481840 2.81363041
v -5.53354802 1.80486400 2.84418879
v -5.80006639 1.27861760 3.21644001
v -5.82393680 1.27988560 3.21813681
v -5.75526321 1.29609520 3.19052240
v -5.68916562 1.40090080 3.10431600
v -5.54879758 1.78468640 2.85504161
v -5.60973039 1.69458240 2.92729921
v -5.61222718 1.67790480 2.93665520
v -5.67541598 1.47896720 3.05645199
v -5.58565279 1.73475360 2.90025280
v -5.60493041 1.71470400 2.91840241
v -5.65716638 1.51396640 3.02947440
v -5.67011600 1.49478880 3.04672720
v -5.71412718 1.34181520 3.14875519
v -5.71061121 1.45914640 2.97484559
v -5.70188638 1.47662400 2.95853999
v -5.64422558 1.67347760 2.82343441
v -5.62777601 1.69365520 2.80655679
v -5.75561920 1.30268880 3.08594559
v -5.59334561 1.74598800 2.76850160
v -5.78653362 1.26225280 3.12774081
v -5.85172321 1.26170800 3.17778479
v -5.57876803 1.76669360 2.75264879
v -5.71876400 1.44299680 2.98464241
v -5.65195042 1.65762800 2.83498720
v -5.73131677 1.36353040 3.03590961
v -5.65285042 1.64147840 2.84651200
v -5.51613523 1.81782640 2.66579441
v -5.63682880 1.68320240 2.81570959
v -5.67898083 1.54853440 2.90810079
v -5.83518959 1.25468400 3.16477599
v -5.81745601 1.40238480 3.12132161
v -5.83951443 1.28011360 3.19465041
v -5.81955281 1.32524960 3.21642081
v -5.86027599 1.29062320 3.14745840
v -5.83288959 1.38171040 3.10123519
v -5.85780399 1.31352880 3.12646879
v -5.81302798 1.35270800 3.20586800
v -5.80611918 1.40612480 3.15263600
v -5.82806160 1.29036640 3.21072799
v -5.84851122 1.27475760 3.17707279
v -5.84424242 1.33254640 3.17064481
v -5.84734242 1.31196880 3.18319761
v -5.77152399 1.42031920 2.98638639
v -5.80329441 1.43525280 2.99759520
v -5.69222158 1.43210000 3.02650961
v -5.79113842 1.50872160 3.10238399
v -5.82803683 1.46879520 3.03594640
v -5.82490879 1.49238480 3.06848561
v -5.70088642 1.48813520 3.12688639
v -5.73098483 1.50246880 3.13167040
v -5.67721603 1.45398960 3.06972961
v -5.72439197 1.42051920 2.99526720
v -5.69090162 1.62347760 2.71971680
v -5.73015280 1.57417040 2.59623839
v -5.76402001 1.60658480 2.63376160
v -5.74938637 1.62137760 2.68654639
v -5.73956157 1.74119600 2.63690720
v -5.75539521 1.71770640 2.58102241
v -5.71344723 1.66805840 2.54739919
v -5.67029600 1.73164320 2.68525520
v -5.63456879 1.81960640 2.64590001
v -5.67736403 1.74964960 2.50308801
v -5.71748401 1.81022240 2.53841120
v -5.68360082 1.91437521 2.56590641
v -5.69172561 1.88176080 2.50485281
v -5.64933362 1.79738240 2.46746081
v -5.61695923 1.86170240 2.63373200
v -5.69977839 1.84176480 2.59256799
v -5.64089759 1.71330960 2.67810241
v -5.66395922 1.61559680 2.71928879
v -5.61476323 1.76494320 2.47318560
v -5.64452158 1.72708800 2.50076321
v -5.67977683 1.64862480 2.54214639
v -5.70571038 1.55996160 2.58945760
v -5.59408561 1.82427920 2.64238799
v -5.60687038 1.80246960 2.64687201
v -5.74611837 1.42299280 2.79805839
v -5.76219201 1.44863920 2.76126321
v -5.74543437 1.39930640 2.80803919
v -5.77807283 1.37288880 2.71415041
v -5.77748883 1.35427120 2.72137520
v -5.76712400 1.33975360 2.77837201
v -5.77697283 1.42032480 2.71711520
v -5.77227278 1.43945840 2.73577360
v -5.77644478 1.34589040 2.77972800
v -5.77248878 1.43307760 2.73980159
v -5.75492722 1.39682240 2.80698239
v -5.78398162 1.35718720 2.72918401
v -5.77797283 1.41712480 2.71913120
v -5.78445362 1.37414880 2.72165920
v -5.75612722 1.41698400 2.79749839
v -5.76584800 1.61909360 2.66143201
v -5.75479521 1.73496800 2.60813679
v -5.69757839 1.90179440 2.53429520
v -5.71338723 1.83168080 2.56495361
v -5.76303601 1.44091440 2.76309121
v -5.63708880 1.56608960 2.63548959
v -5.61033038 1.65863360 2.59753121
v -5.55907841 1.77529600 2.55333201
v -5.57922803 1.74034080 2.56685681
v -5.76163601 1.46246400 2.75726321
v -5.73121280 1.44207040 2.79186159
v -5.77071998 1.38288560 2.69734160
v -5.77564478 1.43227760 2.70805919
v -5.76480800 1.36214000 2.70325359
v -5.72284803 1.41951200 2.80138639
v -5.77301678 1.45178320 2.73074880
v -5.72644481 1.33425680 2.76673520
v -5.66379121 1.43359360 2.70200641
v -5.77802878 1.49611920 2.71437121
v -5.69281763 1.49022240 2.76972800
v -5.73413760 1.43709040 2.64914961
v -5.78042883 1.47901360 2.68532879
v -5.75485522 1.44886800 2.65147441
v -5.71420399 1.50193120 2.76942800
v -5.76349201 1.50582800 2.74328241
v -5.68641682 1.73117200 2.51524081
v -5.72421200 1.78032000 2.55033601
v -5.71070323 1.80933440 2.60534879
v -5.65554641 1.71053840 2.50981599
v -5.61359523 1.77806720 2.65036881
v -5.64126558 1.79705680 2.65342479
v -5.72464000 1.80168160 2.57867841
v -5.58865282 1.72046320 2.57005680
v -5.75762321 1.71070960 2.62054560
v -5.68702962 1.62854720 2.55299921
v -5.75782321 1.69447280 2.59327519
v -5.71870001 1.64785280 2.56005199
v -5.62268001 1.61932240 2.61471201
v -5.75959520 1.68347920 2.63409840
v -5.65045038 1.67022960 2.69498319
v -5.69145761 1.61226960 2.56355201
v -5.75853922 1.55716400 2.72010799
v -5.70617920 1.55293600 2.74875041
v -5.74733037 1.50415680 2.62617201
v -5.77720078 1.53707120 2.66299200
v -5.72408801 1.49125120 2.62058800
v -5.68373678 1.54508320 2.74652239
v -5.77577278 1.55280800 2.69216239
v -5.65443842 1.49743520 2.67194799
v -5.62803601 1.59944800 2.62160880
v -5.65640642 1.64422720 2.70503600
v -5.74508637 1.65780480 2.67072160
v -5.68477683 1.65457680 2.70716400
v -5.75922320 1.66924240 2.60755599
v -5.74246157 1.68883200 2.65874079
v -5.72162801 1.62837520 2.57133280
v -5.67854878 1.68217920 2.69863599
v -5.72440000 1.60527280 2.58155761
v -5.76072320 1.63681200 2.61868080
v -5.76132320 1.65564880 2.64757921
v -5.69422961 1.59166400 2.57457680
v -5.63657280 1.73531520 2.67124960
v -5.66559920 1.75477680 2.67703041
v -5.74674242 1.75560160 2.60061201
v -5.60490239 1.67858320 2.58810640
v -5.61645523 1.63760000 2.60638399
v -5.64535359 1.69150400 2.68675519
v -5.67522398 1.70601280 2.69151119
v -5.74188957 1.71556240 2.64828801
v -5.70771918 1.68738880 2.53651840
v -5.74794242 1.73514000 2.57184160
v -5.72930880 1.76225440 2.62825441
v -5.67405198 1.66683040 2.53129359
v -5.75261122 1.58961920 2.70462720
v -5.74020557 1.53874320 2.61239121
v -5.71716003 1.52510640 2.60583839
v -5.76884800 1.58546320 2.67761280
v -5.65203838 1.53003440 2.65636720
v -5.69772642 1.58709440 2.73629761
v -5.76944800 1.57145760 2.64924241
v -5.67408400 1.58011040 2.73234159
v -5.75521122 1.57424160 2.71225200
v -5.74253359 1.52206240 2.61911600
v -5.71968803 1.51102880 2.61226321
v -5.77227278 1.57111360 2.68513760
v -5.65513842 1.51321280 2.66336721
v -5.70275441 1.56851680 2.74222239
v -5.77387278 1.55537680 2.65706721
v -5.68113678 1.56193280 2.73896641
v -5.68242483 1.36842400 2.73632079
v -5.70586721 1.45124240 2.78660561
v -5.78032883 1.45235520 2.69693760
v -5.75314641 1.38772640 2.67900801
v -5.76463600 1.40648800 2.67543601
v -5.77922883 1.47146080 2.72322401
v -5.76606400 1.48659760 2.75541919
v -5.72115998 1.47037280 2.78060880
v -5.63013281 1.57899840 2.66563200
v -5.60750238 1.67021440 2.62162080
v -5.55156562 1.81709840 2.60156481
v -5.57840003 1.75647760 2.59311519
v -5.75408722 1.35497440 2.79776160
v -5.76586400 1.36085520 2.79858960
v -5.71373918 1.35649920 2.79250560
v -5.65913518 1.44792720 2.73174880
v -5.58742482 1.73427200 2.59504319
v -5.61615518 1.63125920 2.64072639
v -5.62248003 1.60872880 2.64942319
v -5.64991039 1.51204080 2.70446241
v -5.60320239 1.69079200 2.61349281
v -5.61183038 1.65013680 2.63277360
v -5.64781358 1.54381520 2.68330960
v -5.64961039 1.52612160 2.69323761
v -5.67717198 1.38951360 2.76343521
v -5.67110000 1.50442880 2.63528079
v -5.66667521 1.52125360 2.63005280
v -5.62899200 1.62944720 2.58386960
v -5.61691123 1.66870240 2.56502001
v -5.70331439 1.35954000 2.70762239
v -5.59923359 1.70918240 2.54476719
v -5.74186557 1.32750080 2.73479600
v -5.78412562 1.34183760 2.75472639
v -5.58848082 1.72636000 2.53884240
v -5.67170000 1.48595440 2.64337759
v -5.63581679 1.61214160 2.59139439
v -5.68298083 1.42348160 2.67260801
v -5.64366958 1.59229200 2.59852241
v -5.56903120 1.75639040 2.52754559
v -5.62303601 1.64935280 2.57344480
v -5.65422242 1.55680880 2.61007519
v -5.77520483 1.33525360 2.75027360
v -5.77161998 1.42722480 2.74117359
v -5.78346962 1.35602720 2.77760001
v -5.76218001 1.39029760 2.79987039
v -5.78295363 1.36316800 2.73483680
v -5.77587283 1.41134400 2.72238400
v -5.78275362 1.37472080 2.72781201
v -5.75615522 1.41083120 2.79437359
v -5.76170801 1.43588960 2.76411601
v -5.77079200 1.36770800 2.79470560
v -5.78742560 1.35004640 2.75635439
v -5.77504478 1.39393840 2.76063521
v -5.77804478 1.37828880 2.76656320
v -5.72784081 1.47497360 2.62944400
v -5.74975837 1.48332640 2.63629679
v -5.65403838 1.47962960 2.68067280
v -5.75976722 1.53605840 2.72813280
v -5.77792878 1.51154080 2.67327600
v -5.77670078 1.52957440 2.70241840
v -5.68543358 1.52510880 2.75624719
v -5.70967919 1.53366160 2.75647520
v -5.65071039 1.49486320 2.71474319
v -5.67272800 1.46964560 2.65000561
v -4.65350243 2.30940480 3.08972880
v -4.85857522 2.30460800 3.16556321
v -4.78682482 2.35824000 3.16109119
v -4.66613919 2.35368080 3.11966799
v -4.66401122 2.26550960 3.06736720
v -4.85490640 2.26718481 3.12849599
v -4.60319759 2.19200159 3.26749519
v -4.64156483 2.24411840 3.24337360
v -4.58814483 2.15359440 3.29905361
v -4.76502238 2.24829360 3.33367683
v -4.75517843 2.20248960 3.36093519
v -4.68127199 2.13512400 3.36431040
v -4.73445201 2.27240799 3.29003760
v -4.68922882 2.27357681 3.25548239
v -4.65978238 2.15554960 3.38928482
v -4.68638483 2.26294000 3.26200719
v -4.59086881 2.16719920 3.33384881
v -4.72324000 2.20718560 3.38485681
v -4.72693998 2.26664321 3.30419037
v -4.74042080 2.25076560 3.34467360
v -4.60564643 2.19572960 3.28561281
v -4.71401521 2.38067041 3.14901038
v -4.63947683 2.23923759 3.25228241
v -4.78549360 2.21790880 3.07037041
v -4.64556162 2.25324320 3.22982399
v -4.60422240 2.20332320 3.24249281
v -4.78372800 2.24869360 3.31557120
v -4.74327678 2.27760480 3.27808801
v -4.78144003 2.20418961 3.33165203
v -4.59536963 2.15599120 3.25678641
v -4.69285681 2.28320160 3.24642960
v -4.69760562 2.12636799 3.32534322
v -4.74234160 2.14464240 3.21390639
v -4.69970961 2.30520720 3.22530801
v -4.62385599 2.17969360 3.18299199
v -4.81802322 2.21525520 3.25792641
v -4.75991042 2.29285440 3.24798561
v -4.81523920 2.25825919 3.26713521
v -4.61897519 2.23019760 3.18842881
v -4.65118643 2.27994561 3.20121841
v -4.65798640 2.30612000 3.17581601
v -4.63302482 2.25840000 3.15077361
v -4.83414483 2.27200880 3.22485200
v -4.77251601 2.31303201 3.21988000
v -4.84252558 2.23525760 3.19883759
v -4.64193361 2.21134880 3.13145599
v -4.70496241 2.33098159 3.20483039
v -4.76784402 2.17310080 3.13924000
v -4.79734643 2.23495519 3.03314001
v -4.67506399 2.28738721 3.03521201
v -4.67819202 2.37325840 3.08335679
v -4.66495519 2.32993520 3.05839839
v -4.87045602 2.32681359 3.12500799
v -4.79767442 2.37761441 3.12583601
v -4.72719598 2.39897600 3.11695201
v -4.87078398 2.28785920 3.09164080
v -4.65778642 2.33637841 3.14600160
v -4.84449763 2.29058640 3.18646881
v -4.84917840 2.25393520 3.15750159
v -4.70829041 2.36309280 3.17666879
v -4.77589681 2.19250320 3.10007279
v -4.64467760 2.28932721 3.11648720
v -4.78019682 2.33740640 3.18522481
v -4.65485838 2.24080721 3.09427280
v -4.65535842 2.32017280 3.16343520
v -4.83977283 2.27883680 3.20764640
v -4.84698158 2.24321040 3.18010400
v -4.70346242 2.34655920 3.19560240
v -4.77117202 2.18242559 3.11750641
v -4.63835281 2.27144960 3.13719279
v -4.77644401 2.32395679 3.20680239
v -4.64743360 2.22392960 3.11607839
v -4.72203603 2.12936799 3.26709840
v -4.60767841 2.16221600 3.21575041
v -4.75145763 2.28432960 3.26393521
v -4.80051759 2.20825839 3.29776557
v -4.80053362 2.25236241 3.29326557
v -4.69718159 2.29335440 3.23610480
v -4.65006160 2.26656800 3.21577119
v -4.61274719 2.21547600 3.21505920
v -4.70895919 2.22116160 3.05593359
v -4.61914322 2.12599601 3.33542401
v -4.61024642 2.15384960 3.36218242
v -4.63294880 2.11741520 3.29382880
v -4.67126000 2.13744561 3.18691999
v -4.72261201 2.24666400 3.02003439
v -4.69343762 2.16790080 3.11927840
v -4.70529039 2.19273119 3.08386401
v -4.69783441 2.17665360 3.10399760
v -4.65275443 2.12144000 3.24053679
v -4.82489200 2.21364001 3.15131759
v -4.82851680 2.22459279 3.13351199
v -4.77638401 2.17053519 3.28982880
v -4.75425038 2.16493841 3.33442398
v -4.70296239 2.17625519 3.39603761
v -4.82059200 2.20598720 3.17035440
v -4.79646163 2.18138480 3.24109279
v -4.84919439 2.25632000 3.06568241
v -4.84189757 2.24739520 3.10916241
v -4.72572000 2.16506641 3.36933519
v -4.68518479 2.25538720 3.26803520
v -4.65252959 2.17845201 3.37985678
v -4.60371839 2.17362721 3.33857681
v -4.70969043 2.21391041 3.37813202
v -4.72786798 2.26221521 3.30379037
v -4.73106801 2.24254080 3.33894883
v -4.61144642 2.19732960 3.29496560
v -4.64020483 2.23450959 3.25338241
v -4.61789921 2.16972720 3.36357920
v -4.69543761 2.19553280 3.38848161
v -4.66318240 2.22595999 3.32972079
v -4.65362958 2.19925760 3.36597920
v -4.83320080 2.22480480 3.22264321
v -4.82556398 2.26448399 3.24502959
v -4.76181918 2.16764801 3.15601760
v -4.65328643 2.29409519 3.18783759
v -4.76646322 2.30367920 3.23503280
v -4.70223441 2.31915680 3.21687999
v -4.63480882 2.19767119 3.15216161
v -4.62660003 2.24557519 3.16705119
v -4.68670959 2.15612000 3.13861201
v -4.81203921 2.19723440 3.19425680
v -5.34118402 2.01275681 3.48851598
v -5.45266078 1.90862960 3.40620080
v -5.46013840 2.02247920 3.27966719
v -5.34610882 2.11615041 3.37706321
v -5.42095523 2.10550800 3.09194400
v -5.33168723 2.21871600 3.21563039
v -5.32938720 2.18366080 3.27219120
v -5.43466400 2.09881440 3.16430159
v -5.35571758 1.84294960 3.67371037
v -5.44338883 1.76444000 3.61983763
v -5.36112963 1.82196000 3.68097522
v -5.43377999 1.75963120 3.63327120
v -5.44881680 1.77096480 3.59952001
v -5.34448399 1.86028320 3.65450480
v -5.33398400 2.16198641 3.30349360
v -5.43898880 2.07753679 3.20898159
v -5.45994163 1.97748720 3.31830959
v -5.34860881 2.07806719 3.42382721
v -5.32567520 1.89663840 3.61236559
v -5.45466083 1.83461920 3.49932002
v -5.32577521 1.92889360 3.57890718
v -5.45631363 1.95550961 3.34414000
v -5.34488081 2.05176480 3.44975760
v -5.45106080 1.80639200 3.53930321
v -5.46123839 2.00094559 3.29567600
v -5.35160879 2.09677280 3.40249357
v -5.34310882 2.12965599 3.35472958
v -5.45184163 2.04710960 3.25409280
v -5.33695599 1.95802401 3.55117682
v -5.45466083 1.86264960 3.46678961
v -5.33060320 1.94344640 3.56622960
v -5.45538883 1.84810000 3.48416719
v -5.44936082 1.78338960 3.56690560
v -5.33167523 1.87573280 3.63447122
v -5.42709920 1.75777840 3.63460320
v -5.36181763 1.81479120 3.68081922
v -5.40652160 1.77899600 3.67963842
v -5.45406083 1.82064160 3.51742558
v -5.32464720 1.91634399 3.58915998
v -5.58453281 1.70784400 3.35032642
v -5.67110402 1.63942800 3.23566881
v -5.66837598 1.80055440 3.10789119
v -5.56965522 1.86917040 3.23057361
v -5.56545120 1.98123039 2.89028161
v -5.44399280 2.06723679 3.03897920
v -5.50276641 1.98126079 3.12064880
v -5.61391523 1.91377601 2.99431040
v -5.64570558 1.52316800 3.49773760
v -5.70738718 1.47113600 3.40996959
v -5.64810562 1.51047120 3.49813760
v -5.70349038 1.47096000 3.42106322
v -5.70878718 1.48112960 3.39318882
v -5.64167758 1.54228960 3.48635682
v -5.51844400 1.95958641 3.14475440
v -5.62889281 1.88634560 3.02011601
v -5.66537918 1.73161600 3.16641120
v -5.57730801 1.79773200 3.27678481
v -5.62904081 1.58359760 3.44957043
v -5.69138159 1.55031200 3.31773520
v -5.62088798 1.61685600 3.42396799
v -5.66477918 1.69166400 3.19471359
v -5.57750801 1.75907680 3.30541521
v -5.69690639 1.51628480 3.35069358
v -5.67180398 1.77522400 3.13415279
v -5.57478001 1.84011200 3.24847919
v -5.56182719 1.89150079 3.20926801
v -5.65582641 1.82046000 3.08645761
v -5.61063521 1.65550800 3.39660962
v -5.68425681 1.58889520 3.28580480
v -5.61276321 1.63423360 3.41191521
v -5.68778160 1.56878960 3.30258560
v -5.70516238 1.49358240 3.37502720
v -5.63589680 1.55989520 3.47077599
v -5.70037839 1.46789200 3.42803521
v -5.65147442 1.50559040 3.49673760
v -5.68314482 1.48341680 3.46621440
v -5.69310959 1.53563440 3.33111597
v -5.62278798 1.59927840 3.43674878
v -5.72754083 1.65184560 3.03609200
v -5.78529762 1.59521040 2.92946241
v -5.75959521 1.74081520 2.83758399
v -5.68712958 1.79897520 2.96322240
v -5.67712003 1.94379680 2.68198800
v -5.57149520 1.95568080 2.84959439
v -5.62694403 1.90041600 2.89270559
v -5.70320638 1.85180880 2.75274559
v -5.80094719 1.40370000 3.18265041
v -5.84547042 1.35264880 3.08958241
v -5.80499118 1.39106320 3.18381841
v -5.85117921 1.34974000 3.09920719
v -5.84151443 1.36620160 3.07580161
v -5.79346640 1.42444960 3.17145361
v -5.64617759 1.87628560 2.90778641
v -5.71545603 1.81705360 2.77802321
v -5.77187278 1.69425440 2.86710159
v -5.69568242 1.76383600 2.98558401
v -5.76765201 1.48691920 3.13536720
v -5.81432800 1.47046720 2.99835121
v -5.75527119 1.52969920 3.11083681
v -5.77074798 1.66992080 2.88165120
v -5.70343841 1.73550560 2.99673680
v -5.82658083 1.42525920 3.03210641
v -5.76944800 1.71941280 2.84929280
v -5.68945758 1.78356960 2.97480319
v -5.67783281 1.81825280 2.94754480
v -5.74451437 1.76694880 2.82520639
v -5.74494640 1.57470720 3.08220320
v -5.80047838 1.52480000 2.97021759
v -5.75084319 1.55050480 3.09758401
v -5.80740322 1.49639760 2.98569840
v -5.83586163 1.39645680 3.05504000
v -5.77870478 1.45548880 3.15452001
v -5.84805122 1.34988400 3.10696000
v -5.81007523 1.38733840 3.17979041
v -5.83313359 1.36312080 3.14891119
v -5.81982803 1.44886160 3.01100079
v -5.76202402 1.51002160 3.12108960
v -5.72117203 1.62357760 2.70843600
v -5.75333921 1.59370400 2.61407201
v -5.74648642 1.69924160 2.56393281
v -5.71094723 1.74162400 2.67014960
v -5.68214482 1.85200240 2.48651920
v -5.65619841 1.91539121 2.61341441
v -5.67659203 1.83966480 2.62341040
v -5.70527838 1.78166080 2.51792161
v -5.75245842 1.44347040 2.78205279
v -5.77750083 1.39814720 2.71060641
v -5.75615522 1.43407360 2.78160880
v -5.78090082 1.39546640 2.71813120
v -5.77491683 1.40971600 2.69735360
v -5.74630237 1.45922000 2.77745279
v -5.68621682 1.81083440 2.63356320
v -5.71163123 1.75745840 2.52894959
v -5.74568642 1.65170560 2.58703840
v -5.71344718 1.68643520 2.68433040
v -5.74094960 1.51148400 2.76197200
v -5.76944800 1.52196560 2.64653041
v -5.73654960 1.55736400 2.73896641
v -5.74771442 1.62280640 2.60001921
v -5.71694403 1.65803280 2.69425520
v -5.77054800 1.46237680 2.66423921
v -5.74721442 1.67531120 2.57771361
v -5.71397523 1.71676560 2.67667441
v -5.70459438 1.76355440 2.65766879
v -5.74026157 1.71767520 2.55438001
v -5.72882481 1.59174720 2.72358879
v -5.75996721 1.55624880 2.63045281
v -5.73202161 1.57436960 2.73111360
v -5.76409201 1.53697120 2.63717760
v -5.77364478 1.42752160 2.67712001
v -5.74154959 1.48462560 2.77162799
v -5.77902883 1.39501040 2.72142800
v -5.75585522 1.42636480 2.77963680
v -5.77072000 1.41264400 2.75168239
v -5.77014800 1.50206000 2.65348639
v -5.73937760 1.53678640 2.74809441
v -5.26699358 1.96185281 3.45994882
v -5.27001839 2.06707441 3.36300161
v -5.22843520 2.15627520 3.17248240
v -5.23935999 2.12800080 3.24445201
v -5.42488322 1.67275920 3.69344719
v -5.35450163 1.73178800 3.75231281
v -5.36628958 1.86165040 3.36035283
v -5.36658640 1.95691040 3.25470881
v -5.32617523 2.02507681 3.04462320
v -5.34623678 2.03507360 3.13206241
v -5.30407681 1.75452160 3.70325678
v -5.28187122 1.83528160 3.60942880
v -5.25214083 2.10552641 3.29108801
v -5.27041838 2.03824400 3.39542882
v -5.26971838 2.01694161 3.41150961
v -5.28114323 1.88994240 3.54948397
v -5.26789039 2.07789920 3.34534879
v -5.27031838 2.05262480 3.37927920
v -5.27944318 1.91724480 3.52566241
v -5.28184323 1.90359521 3.53858719
v -5.37869521 1.70097440 3.58760242
v -5.33843999 1.73221600 3.74370802
v -5.28989599 1.80808240 3.64611200
v -5.36456160 1.80456480 3.45712803
v -5.36546160 1.94611680 3.27386161
v -5.36331761 1.97398801 3.23037841
v -5.36356160 1.81161760 3.44267518
v -5.35888963 2.00694640 3.18177041
v -5.42715122 1.68302800 3.69657519
v -5.40418158 1.67444400 3.64231919
v -5.36546158 1.79476800 3.47074960
v -5.36366161 1.73355760 3.54006321
v -5.36658958 1.91205840 3.31041680
v -5.36646159 1.93036400 3.28861121
v -5.36601040 1.73497200 3.74556402
v -5.42436722 1.69306480 3.70138798
v -5.39671281 1.71515440 3.72859039
v -5.28041522 1.86923680 3.56708961
v -5.36406158 1.77259360 3.49062718
v -5.51051443 1.65934000 3.32911199
v -5.49180883 1.81749440 3.20183119
v -5.34872479 1.98890240 3.01389279
v -5.41839522 1.91527920 3.07635679
v -5.70883118 1.37626800 3.46950239
v -5.66558320 1.43078400 3.55766641
v -5.58262402 1.57561840 3.20828560
v -5.57019919 1.72882000 3.07912400
v -5.48236403 1.89816800 2.88102880
v -5.51456643 1.83058560 2.96562719
v -5.60715838 1.43760880 3.54160478
v -5.56337841 1.52729680 3.45041761
v -5.43490082 1.89557680 3.11936800
v -5.49333683 1.77421440 3.24384240
v -5.49806159 1.71965360 3.28590077
v -5.54546962 1.58035760 3.40577842
v -5.48188401 1.83461600 3.18920960
v -5.49343683 1.80177280 3.22031201
v -5.54047283 1.61695680 3.37834799
v -5.54376962 1.60093520 3.39067277
v -5.64146558 1.39781440 3.39912400
v -5.65549041 1.42517520 3.56013840
v -5.57599999 1.46873920 3.49632880
v -5.60895443 1.52151360 3.27884320
v -5.57049919 1.71087040 3.09420480
v -5.56370240 1.74616960 3.06197439
v -5.60705443 1.53633520 3.26331840
v -5.52974400 1.79963040 2.99006081
v -5.71217123 1.38796080 3.48516402
v -5.68304482 1.36923120 3.44289998
v -5.60998238 1.50393600 3.29332080
v -5.62651600 1.45287520 3.34356000
v -5.57342723 1.62617920 3.15829039
v -5.57345199 1.67891200 3.11810719
v -5.67333598 1.42941200 3.54884563
v -5.70873118 1.39164480 3.49126401
v -5.69785039 1.40999440 3.52080322
v -5.55102559 1.56195200 3.42165919
v -5.61433523 1.48563040 3.30930160
v -5.64834158 1.60982240 3.02425840
v -5.61138319 1.74851840 2.94419200
v -5.50625760 1.88117440 2.84594160
v -5.54865358 1.82705360 2.87653121
v -5.84805122 1.25864000 3.14405840
v -5.81920881 1.29295440 3.22520159
v -5.71317921 1.54693440 2.89679521
v -5.67844883 1.67975840 2.80211999
v -5.55720241 1.81327040 2.67476641
v -5.61596323 1.77041840 2.73568720
v -5.75419122 1.32034080 3.20568400
v -5.69687442 1.43079040 3.13628639
v -5.56200642 1.80997600 2.89210879
v -5.62243598 1.71771600 2.96276961
v -5.62563603 1.69691040 2.97392240
v -5.67996880 1.49370400 3.09394719
v -5.59975843 1.76399600 2.93466720
v -5.61801118 1.73629360 2.95084480
v -5.66701602 1.54078400 3.07266960
v -5.67547201 1.51537840 3.08302239
v -5.77906482 1.30714480 3.06980880
v -5.79591039 1.29679840 3.22564559
v -5.72048003 1.36952960 3.16977281
v -5.73928161 1.45461840 2.96383679
v -5.67852083 1.66908080 2.80990081
v -5.66679920 1.69841120 2.79089519
v -5.73700962 1.47612400 2.94380320
v -5.63434079 1.74864400 2.75366479
v -5.85947599 1.26413680 3.16119199
v -5.80309518 1.26880560 3.10842319
v -5.73985361 1.43866880 2.97676160
v -5.75606243 1.36533040 3.02397280
v -5.68664882 1.63815040 2.83057840
v -5.68082083 1.65442800 2.82005359
v -5.82423680 1.30389120 3.21383999
v -5.85549521 1.27772960 3.16714801
v -5.84504242 1.29569120 3.19045040
v -5.68476883 1.47189840 3.10832481
v -5.74578160 1.41739120 2.98711439
v -5.63838880 1.59463520 2.69819921
v -5.61488318 1.68764800 2.65126000
v -5.57137119 1.82069520 2.61977040
v -5.58155603 1.77593920 2.61672961
v -5.77583283 1.34266240 2.73235600
v -5.75848321 1.37540800 2.80509841
v -5.67844003 1.55300880 2.59521039
v -5.64848162 1.64269680 2.55112721
v -5.58649282 1.75383440 2.49254719
v -5.61029838 1.71740720 2.51167199
v -5.71819203 1.39019760 2.80218639
v -5.66824401 1.46646400 2.75589440
v -5.58895282 1.74828080 2.62092960
v -5.62393603 1.65189280 2.67156561
v -5.63056081 1.62716240 2.68342159
v -5.66109122 1.52867760 2.73093279
v -5.61115518 1.70702560 2.64023519
v -5.62071123 1.67117040 2.66304081
v -5.65206639 1.56114880 2.71095201
v -5.65789118 1.54462720 2.72058000
v -5.73468159 1.37532080 2.69206079
v -5.74703437 1.37618880 2.80564241
v -5.68947762 1.41872800 2.77942480
v -5.69434562 1.50300080 2.61779120
v -5.65583441 1.62379120 2.56077999
v -5.64102558 1.66194640 2.54200239
v -5.69031762 1.51875360 2.60966319
v -5.61552323 1.69922960 2.51862481
v -5.78345362 1.34756240 2.73916479
v -5.75691121 1.34699040 2.71460641
v -5.69887040 1.48632320 2.62401601
v -5.71295118 1.42700960 2.65297441
v -5.66748720 1.58663600 2.58156081
v -5.66195920 1.60721360 2.57110480
v -5.76713600 1.37801680 2.79991439
v -5.78595362 1.35527120 2.74349279
v -5.78067283 1.37013600 2.76959119
v -5.66071922 1.50937200 2.73838561
v -5.70309839 1.46901760 2.63126880
v -5.36762641 2.24518720 3.17651599
v -5.43870799 2.18140239 3.09344080
v -5.27664242 2.23060959 3.18699681
v -5.23189119 2.20466720 3.17116320
v -5.41244638 2.22040080 3.13950480
v -5.24599999 2.09377120 3.06681359
v -5.23751922 2.12043281 3.09764399
v -5.27395840 2.05468800 3.00182799
v -5.53132800 2.11302880 2.99913999
v -5.60995918 2.07050561 2.90372799
v -5.58842882 2.08969520 2.96090080
v -5.33664401 1.94046320 2.87007599
v -5.30381680 1.98759920 2.92976160
v -5.38420798 1.92428239 2.82369601
v -5.62017521 2.01585040 2.80835521
v -5.69299761 1.99528560 2.70101840
v -5.67626403 2.00632560 2.76169121
v -5.46274641 1.85184080 2.70707759
v -5.43051920 1.88339920 2.75943841
v -5.50145760 1.82447920 2.64699201
v -5.65744241 1.96458001 2.55709759
v -5.67339198 1.91791601 2.47449440
v -5.62970000 1.82348480 2.44498319
v -5.58873282 1.79157360 2.45340801
v -5.67692003 1.94320240 2.51395841
v -5.54388478 1.79331760 2.53552640
v -5.52896000 1.81802320 2.58313120
v -5.55547842 1.77496800 2.51821761
v -5.33458722 2.24029040 3.18267201
v -5.66111120 1.88885760 2.46451361
v -5.22086959 2.16094400 3.09919679
v -5.55483442 1.78056480 2.49000320
v -5.37325439 2.26789280 3.12777999
v -5.43155200 2.21991360 3.07203521
v -5.24721199 2.26310880 3.12810799
v -5.40979358 2.26088080 3.09409680
v -5.19512003 2.13900720 2.99992799
v -5.19216723 2.19027120 3.07259441
v -5.21462559 2.09402400 2.93048640
v -5.53725279 2.15048080 2.94864799
v -5.59532561 2.11723841 2.88377840
v -5.57216719 2.15767760 2.90215599
v -5.29142002 2.02383521 2.79776240
v -5.25453683 2.05496880 2.85574799
v -5.33682801 1.99320480 2.73830159
v -5.61694723 2.05653360 2.74901040
v -5.66458320 2.04312160 2.68174080
v -5.64427758 2.06492720 2.70769919
v -5.40891358 1.90052960 2.62088640
v -5.36998640 1.94869360 2.67331600
v -5.44536878 1.85799040 2.55982559
v -5.64080558 2.00063520 2.52051120
v -5.65005842 1.95299920 2.46506641
v -5.61011918 1.86742080 2.41960561
v -5.64300558 1.99251040 2.48272799
v -5.55064962 1.81135120 2.44011120
v -5.48388003 1.81957600 2.48778720
v -5.33591201 2.28866719 3.11552719
v -5.62715600 1.94984320 2.42681440
v -5.41353838 1.87682080 2.51318961
v -5.22020963 2.31178560 3.06579119
v -5.40300960 2.29623600 3.05155759
v -5.17381440 2.20704880 3.04000800
v -5.16528962 2.17741841 2.97659440
v -5.18272639 2.13203519 2.89380320
v -5.55356162 2.19463280 2.86297281
v -5.27767039 2.06614640 2.76110401
v -5.22866242 2.09730480 2.82478961
v -5.31937843 2.03841280 2.69841840
v -5.34880878 1.99942960 2.63503280
v -5.45593363 1.96298961 2.26051280
v -4.75343040 2.54113519 2.72060800
v -4.76325518 2.43583841 2.69658080
v -5.57806403 2.09003280 2.76383201
v -5.44024879 2.21731360 3.02093041
v -5.45170563 2.38733039 2.64407599
v -5.29067602 2.34334400 3.04555760
v -5.11691279 2.22022640 2.93191120
v -5.38319198 1.93473120 2.28787121
v -5.08873838 2.40749840 2.93974481
v -5.14469920 2.19672080 2.84729200
v -5.24809598 2.13175679 2.71822080
v -5.19976001 2.16141840 2.77528161
v -5.29420402 2.09660160 2.66216321
v -5.34830878 1.99912640 2.53076399
v -5.32725922 2.05691520 2.60077441
v -5.37551119 1.92548479 2.45230081
v -5.59896959 2.07864559 2.49380559
v -5.60016959 1.97744559 2.38975600
v -5.51422243 1.88244240 2.35217601
v -5.53390000 1.84040640 2.40850880
v -5.60689438 2.04778720 2.42916719
v -4.79335358 2.34636640 2.70853679
v -4.87207282 2.30410240 2.74934800
v -5.58870082 2.02944719 2.81622399
v -5.24719598 2.51420800 2.79734960
v -5.55445842 1.95594000 2.34244801
v -5.50274160 2.30084240 2.74984800
v -5.39267602 2.36685920 2.86176641
v -5.57550799 2.15678400 2.50183041
v -4.77367322 2.55262025 2.60480899
v -4.79781563 2.42722586 2.58329175
v -4.83055508 2.33948639 2.60609279
v -4.92200879 2.28797759 2.67180960
v -5.04662720 2.24919760 2.78450320
v -5.32705922 2.40754240 2.92252401
v -5.57583599 2.12212561 2.44456959
v -5.57420799 2.01885361 2.35002879
v -5.58561682 1.91252880 2.38367519
v -5.58466082 2.08483920 2.38900880
v -4.95726399 2.29099679 2.81316161
v -5.02552158 2.28932479 2.87230641
v -5.64007758 2.05414640 2.61612721
v -5.51871923 2.24720640 2.69218719
v -5.45120563 2.33047281 2.80680559
v -5.57600799 2.19513920 2.56461601
v -4.86652172 2.64657199 2.67469621
v -5.03340242 2.56290000 2.83196080
v -5.55207762 2.17163040 2.39023360
v -5.55960241 2.12492241 2.34020081
v -5.38163918 1.94033760 2.56602241
v -5.58074803 2.11976641 2.83191760
v -5.21841653 2.64822954 2.53078359
v -5.54252478 2.21162000 2.62830161
v -5.56478320 2.14303760 2.70374319
v -5.59974159 2.14223760 2.63482960
v -5.44320018 2.39633420 2.26254405
v -5.38045518 2.53301281 2.38499919
v -5.28859662 2.60843665 2.48219424
v -5.43013255 2.44529704 2.30009694
v -5.40738558 2.49168959 2.34166151
v -5.11640829 2.68911961 2.57135135
v -5.45072503 2.35060815 2.22723400
v -5.29948761 2.17819516 2.06743655
v -5.24841598 2.07360836 2.18156150
v -5.45242788 2.26727375 2.16732155
v -4.98086959 2.54805040 2.85974721
v -5.59515361 2.06387760 2.85932001
v -5.34393028 2.57099860 2.43208854
v -5.50736638 2.29730800 2.53921040
v -5.28317058 2.09598620 2.11492850
v -5.50484160 2.01472560 2.27046559
v -5.47446719 2.24724080 2.88580321
v -5.54420558 2.16857120 2.77708161
v -5.60699438 2.10617920 2.56341921
v -5.53839679 2.26617760 2.48714960
v -5.39454481 2.42028880 2.69610880
v -5.47973603 2.33902239 2.59214319
v -5.42688722 2.28262401 2.94033601
v -5.53725279 2.22293521 2.83683919
v -5.37865119 2.33781599 3.00737440
v -5.54432478 2.21834160 2.43764160
v -5.33245921 2.46387200 2.74924160
v -5.49017282 2.17838321 2.95134479
v -5.66416720 1.98730480 2.64912961
v -5.28536402 2.19108560 3.24513280
v -5.37720720 2.19703840 3.23148000
v -5.43373600 2.13512559 3.16042959
v -5.40974960 2.06468801 3.11989359
v -5.37535120 2.04859840 3.10759680
v -5.25039683 2.17119599 3.23627999
v -5.41670238 2.17674881 3.20176560
v -5.26094963 2.06598800 3.14196800
v -5.23303523 2.10198640 3.17538240
v -5.30691680 2.05467920 3.11359679
v -5.33008719 2.20346640 3.24163279
v -5.43000802 2.09818640 3.13667121
v -5.23183520 2.14475040 3.21009361
v -5.34038399 2.04357040 3.10347200
v -5.39930481 1.88724640 2.95779521
v -5.59488162 2.02616559 3.02351761
v -5.41505438 1.97643680 3.06868480
v -5.52435922 1.88104960 2.92134401
v -5.59460961 1.94204720 2.95825520
v -5.48356401 2.01901600 3.08549039
v -5.44892478 1.87213760 2.92232801
v -5.38177119 1.92018879 2.99486240
v -5.66863598 1.77388000 2.48836640
v -5.70610638 1.84427760 2.52353040
v -5.48918882 1.87549360 2.91937199
v -5.39494879 1.94547841 3.03690159
v -5.53337602 1.84630320 2.86085039
v -5.59898559 1.79595200 2.71343761
v -5.62197201 1.81265760 2.70155680
v -5.54388159 1.86306480 2.88188400
v -5.57019921 1.89047920 2.88923679
v -5.65345842 1.92801840 2.85249441
v -5.51899518 1.82054160 2.83576399
v -5.56724320 1.78847120 2.72877121
v -5.61233518 1.91636561 2.87745601
v -5.69249761 1.88400800 2.72824001
v -5.69302561 1.88051680 2.57668721
v -5.63679679 1.83990880 2.64184399
v -5.69239761 1.92955920 2.81092721
v -5.52555122 1.79545200 2.78019120
v -5.70673118 1.91512561 2.76906320
v -5.65538641 1.84057200 2.70135680
v -5.60299839 1.73378480 2.50317201
v -5.58221203 1.79828560 2.61895760
v -5.57177519 1.75562160 2.56355681
v -5.70493438 1.86653920 2.55014481
v -5.69502561 1.81211920 2.50207201
v -5.66593920 1.87589200 2.61445441
v -5.56612320 1.90723600 2.93622481
v -5.61967121 1.99176720 2.98682241
v -5.53718082 2.02779680 3.06398479
v -5.43934080 1.99932640 3.08851839
v -5.63616879 1.74516560 2.48903840
v -5.60692638 1.81202240 2.64730001
v -5.58118403 1.73911280 2.53244239
v -5.57070319 1.77735200 2.59287119
v -3.70808326 4.51985724 0.45961250
v -3.51366569 4.40198833 0.76384274
v -3.40472354 4.29764453 0.78096065
v -3.20423043 4.08413529 0.64657841
v -3.11891191 4.03394077 0.48369510
v -3.03865500 4.00522839 0.30799701
v -3.63916368 4.48444493 0.63950132
v -3.58577435 4.32223293 -0.16006983
v -3.65650198 4.40109412 -0.05177334
v -3.71602464 4.46258292 0.10321518
v -3.72701816 4.50064288 0.27866753
v -3.50173317 4.24952068 -0.21431416
v -3.40750213 4.19589626 -0.24433875
v -3.05189213 4.02794953 -0.09580139
v -3.01283753 4.00342347 -0.00442188
v -2.99541855 3.98657441 0.12851286
v -3.29636856 4.14833655 -0.24774468
v -3.79626420 4.41041394 0.47435783
v -3.61401179 4.30329454 0.73582250
v -3.50867579 4.20871539 0.75238369
v -3.29670523 4.00247438 0.61120603
v -3.20732042 3.94203008 0.46952357
v -3.13403224 3.90553434 0.30961051
v -3.72841234 4.38097298 0.63076149
v -3.71144434 4.18391521 -0.11054807
v -3.77174284 4.26148369 -0.01109183
v -3.82306393 4.33604854 0.13716462
v -3.82402690 4.38822262 0.30518311
v -3.63546207 4.10722211 -0.15923869
v -3.54148311 4.04032241 -0.16748182
v -3.19255590 3.93072478 -0.08837279
v -3.13912857 3.90781534 0.00031711
v -3.11039984 3.89121543 0.13196415
v -3.45305804 4.00716478 -0.19405782
v -3.87007555 4.33132709 0.49929673
v -3.68705027 4.23775985 0.72422754
v -3.58331253 4.13814227 0.73669778
v -3.36360775 3.93475608 0.59620443
v -3.26933666 3.87258384 0.47383487
v -3.20701601 3.83531502 0.31894371
v -3.79810152 4.30826126 0.63430542
v -3.81419963 4.07583586 -0.06055466
v -3.86616661 4.16038113 0.03422339
v -3.90962122 4.24516087 0.17626766
v -3.90541234 4.30381445 0.33944428
v -3.75176027 4.00541313 -0.11799800
v -3.67918818 3.94723182 -0.16035228
v -3.30231627 3.84818035 -0.07476115
v -3.24066623 3.83224513 0.01302690
v -3.20132554 3.82304293 0.14513043
v -3.57335625 3.91096370 -0.15350311
v -3.93822739 4.26559002 0.53473236
v -3.75436723 4.18011943 0.72637768
v -3.64745101 4.08252985 0.73622874
v -3.42427129 3.87353517 0.59980762
v -3.33034340 3.80546224 0.48709789
v -3.27888335 3.76500910 0.33960036
v -3.86017808 4.24696975 0.65390951
v -3.90597184 3.98500618 -0.00157569
v -3.95258292 4.07685554 0.09090459
v -3.98540702 4.16987182 0.22134685
v -3.98010744 4.23366780 0.38115203
v -3.84595515 3.91295678 -0.06478392
v -3.77250506 3.85227224 -0.11990474
v -3.40553784 3.76586577 -0.04232935
v -3.34049609 3.75457978 0.04479366
v -3.29031351 3.75259682 0.17060562
v -3.67569212 3.81386248 -0.11318947
v -4.00711797 4.20505507 0.57422388
v -3.82180853 4.13300324 0.75289363
v -3.70892535 4.04055430 0.75564656
v -3.48281805 3.80992715 0.63039415
v -3.40209799 3.72342993 0.51615736
v -3.36521493 3.67221905 0.37724436
v -3.92740835 4.18700344 0.68739599
v -4.00315066 3.89525097 0.07863673
v -4.04616846 3.99188981 0.16291440
v -4.06828322 4.09307063 0.28307205
v -4.05497299 4.16729882 0.42801224
v -3.94643309 3.81376214 0.01836408
v -3.87820395 3.74665219 -0.03670979
v -3.52838322 3.65170209 0.04525616
v -3.45111279 3.65040993 0.11505697
v -3.39073676 3.65736703 0.22231485
v -3.78847360 3.70892379 -0.02761615
v -4.10363764 4.12462946 0.63962066
v -3.90255452 4.08368764 0.80054947
v -3.77456264 4.00848384 0.81009692
v -3.53691768 3.74944222 0.70036978
v -3.47196896 3.63201916 0.59038086
v -3.45701995 3.55918678 0.45621345
v -4.01669128 4.11933364 0.74179677
v -4.13188407 3.77909960 0.18925773
v -4.17894753 3.88290260 0.26601434
v -4.19499111 3.98831797 0.38304543
v -4.16533564 4.07562895 0.51660582
v -4.07152204 3.69289071 0.13472293
v -3.99613099 3.62266690 0.09552986
v -3.64439862 3.53532361 0.18911735
v -3.56174976 3.53436978 0.24368752
v -3.49683525 3.54012295 0.33232875
v -3.90896806 3.59349774 0.10208689
v -4.23031012 4.01134457 0.73917403
v -3.99805197 4.02342173 0.88810664
v -3.86868002 3.95326895 0.91141718
v -3.61201567 3.65596799 0.84192177
v -3.55514201 3.53016701 0.74057101
v -3.54794651 3.43615258 0.62269863
v -4.12514795 4.02755865 0.83289495
v -4.28842176 3.62873209 0.33567479
v -4.34154890 3.73535011 0.40833560
v -4.35198795 3.84747201 0.51964006
v -4.31178284 3.94513285 0.63428171
v -4.22435719 3.54386033 0.28325283
v -4.13721019 3.48070131 0.26084019
v -3.75609866 3.37824799 0.37364233
v -3.67571219 3.38432397 0.44175769
v -3.60558756 3.39986300 0.52419182
v -4.04084240 3.43881554 0.25777759
v -4.38677447 3.84375455 0.91653390
v -4.14040333 3.85974883 1.05092160
v -4.00971243 3.78237589 1.08360351
v -3.76604132 3.47963016 1.05567282
v -3.72072059 3.35948368 0.97683644
v -3.71661332 3.27122889 0.88150653
v -4.27228012 3.87066378 0.99352608
v -4.45682526 3.44539065 0.53840489
v -4.50529854 3.54406104 0.61247053
v -4.50917737 3.66552948 0.71853335
v -4.46931278 3.76752550 0.82521257
v -4.38957378 3.36215841 0.49075605
v -4.28964561 3.30791110 0.47897486
v -3.90606169 3.19845531 0.61717370
v -3.82984385 3.20484444 0.68757607
v -3.76470517 3.23015029 0.78531904
v -4.19468452 3.26245226 0.48352677
v -4.55433079 3.61463931 1.15378824
v -4.32175655 3.62437274 1.26131735
v -4.20848589 3.55856140 1.28507475
v -3.99294219 3.31850935 1.27255826
v -3.94514117 3.20816564 1.20546345
v -3.94113258 3.12817232 1.11565429
v -4.44259917 3.64318752 1.21678386
v -4.62684458 3.26696034 0.81521292
v -4.66893763 3.36142835 0.89194986
v -4.67404975 3.46562016 0.98320393
v -4.63536490 3.55120481 1.07556779
v -4.57019666 3.18255930 0.75641930
v -4.46730662 3.13727259 0.75004956
v -4.10020757 3.03946246 0.87753966
v -4.02496443 3.04918064 0.94312376
v -3.97217687 3.08149456 1.03010018
v -4.37699159 3.10226017 0.76088919
v -4.71413968 3.38745410 1.42027189
v -4.51114285 3.39994646 1.50768358
v -4.41138996 3.35054949 1.51864716
v -4.22072952 3.16922389 1.49867348
v -4.18464803 3.08234143 1.44597806
v -4.18664052 3.00846663 1.37119003
v -4.61909455 3.40437328 1.47230950
v -4.81476087 3.10943210 1.10948973
v -4.84185444 3.19223438 1.18636015
v -4.83504814 3.27616875 1.26417915
v -4.78772754 3.34302477 1.34932131
v -4.76721324 3.03767812 1.06460037
v -4.69541689 2.98065617 1.04507016
v -4.32960921 2.88914290 1.15786761
v -4.26127072 2.91770077 1.21895267
v -4.20842615 2.95108309 1.30002671
v -4.59583428 2.94155615 1.06105356
v -4.84137839 3.20948382 1.61825370
v -4.66752231 3.22487729 1.70123924
v -4.58241739 3.18483307 1.72200398
v -4.42340348 3.04035305 1.69457235
v -4.39107975 2.96487145 1.64887911
v -4.39224178 2.89779172 1.58787696
v -4.75866831 3.22957925 1.66805280
v -4.95354764 2.99999821 1.37889726
v -4.96129060 3.06228883 1.43104948
v -4.94730654 3.12064798 1.49078794
v -4.90676223 3.16956426 1.55629664
v -4.92631456 2.93569904 1.34163705
v -4.88346568 2.86916777 1.33012125
v -4.54128404 2.76339844 1.40770230
v -4.47148056 2.79428431 1.45924990
v -4.41845415 2.83687309 1.52000424
v -4.80298342 2.81522450 1.33126411
v -4.94156170 3.05863248 1.79296193
v -4.79701789 3.08076036 1.87183978
v -4.72668227 3.05457422 1.90332426
v -4.59383356 2.93032106 1.87840467
v -4.56781189 2.86543382 1.83447088
v -4.56651121 2.80036003 1.78080836
v -4.87239768 3.08017091 1.83790892
v -5.06946588 2.89680657 1.58752048
v -5.06196076 2.94669351 1.63254770
v -5.03779402 2.99199198 1.68620976
v -4.99797471 3.02821367 1.74067533
v -5.05488641 2.84078385 1.55296985
v -5.01456127 2.77833114 1.53180499
v -4.70403183 2.65148341 1.60078384
v -4.63813443 2.68581214 1.65411998
v -4.58842537 2.73510510 1.71600184
v -4.96018836 2.71432249 1.53424211
v -5.01291100 2.94656512 1.92772106
v -4.89549931 2.96773887 2.00431967
v -4.82939301 2.94951916 2.03604001
v -4.72824972 2.85484180 2.01037813
v -4.70960083 2.80180790 1.96982670
v -4.70872330 2.74076048 1.92510933
v -4.95712532 2.96401808 1.96962104
v -5.14542526 2.80898583 1.74157037
v -5.13104366 2.85174525 1.78248064
v -5.10343476 2.89064416 1.83112665
v -5.06456683 2.91886423 1.88098412
v -5.13964143 2.75913410 1.70885424
v -5.10794968 2.70061580 1.68629738
v -4.81332142 2.56746844 1.74987240
v -4.75770694 2.60935516 1.80452372
v -4.72200211 2.67058596 1.86710367
v -5.06094152 2.64121616 1.68137333
v -5.08299407 2.86099654 2.03656691
v -4.97648085 2.88782691 2.11240189
v -4.92375507 2.87341980 2.13993488
v -4.82322511 2.78920725 2.10042632
v -4.80158648 2.74196320 2.06465227
v -4.79630258 2.68609891 2.02657710
v -5.03213177 2.88174178 2.07819118
v -5.20051853 2.72031370 1.85948602
v -5.18735238 2.76206245 1.89676293
v -5.16011797 2.80193724 1.94428666
v -5.12246672 2.83526437 1.99375709
v -5.19650840 2.67544203 1.82844554
v -5.17446809 2.62526490 1.80251307
v -4.88651603 2.51299940 1.85362951
v -4.83312620 2.55935949 1.90993588
v -4.80406961 2.62174971 1.97276457
v -5.14106166 2.57374015 1.79287126
v -5.19122455 2.74969257 2.18985010
v -5.08173631 2.79042881 2.26813688
v -5.01278460 2.78840361 2.29016114
v -4.90796413 2.70462771 2.23267869
v -4.88241856 2.66382886 2.19071262
v -4.87195799 2.62182348 2.14436084
v -5.14342347 2.77640086 2.23164787
v -5.28581300 2.58641917 2.02452009
v -5.27378758 2.63018208 2.06188211
v -5.25311366 2.67444723 2.10564034
v -5.22587355 2.71543294 2.14836521
v -5.28561908 2.54278359 1.98996050
v -5.26873365 2.49715245 1.95073411
v -4.95610052 2.45504126 1.96285603
v -4.90357402 2.50831051 2.02597022
v -4.87604671 2.56994907 2.09221384
v -5.24032420 2.46247881 1.91711719
v -5.16402248 2.71039411 2.43265324
v -4.97867922 2.72702442 2.46216699
v -4.82505424 2.53838319 2.45999175
v -5.07581627 2.72854262 2.46102759
v -5.35012935 2.56675162 2.25345286
v -5.32250984 2.60806161 2.29597999
v -5.28493005 2.64514531 2.34098681
v -5.23322668 2.67992827 2.38923100
v -5.37097965 2.52081132 2.21229060
v -5.38527822 2.43342936 2.12593864
v -5.46429841 2.11889761 3.00586480
v -5.43495200 2.15127200 3.05791360
v -5.61329123 2.11160720 2.67764081
v -5.64931442 1.96605521 2.58852480
v -5.62040322 2.03596560 2.53439200
v -5.62220002 2.02803759 2.46495041
v -5.38257209 2.47312545 2.17197119
v -4.81479601 2.25543280 2.98523201
v -4.68831681 2.30898960 2.99785360
v -4.69054160 2.39296400 3.05009839
v -4.67823602 2.34901280 3.02041519
v -4.88833359 2.34591600 3.07817199
v -4.81565198 2.40767280 3.08704960
v -4.74204561 2.41907840 3.07834079
v -4.88936162 2.30453680 3.04476080
v -4.73323678 2.27056640 2.97515121
v -4.86750001 2.27476641 3.02067440
v -4.82694883 2.26771040 2.95560161
v -4.70016639 2.32516720 2.95879839
v -4.70682242 2.40941360 3.00511840
v -4.69401359 2.36629040 2.97933200
v -4.90641122 2.35913760 3.03808880
v -4.83855760 2.42352240 3.04893839
v -4.76032318 2.44015599 3.03442961
v -4.90671118 2.31828640 3.00437759
v -4.73856163 2.28681599 2.94269600
v -4.88182158 2.28864399 2.98651599
v -4.83697361 2.27553521 2.93492401
v -4.70749442 2.33881679 2.92594321
v -4.71724721 2.42326320 2.95931040
v -4.70373843 2.38094001 2.93957681
v -4.92358881 2.36796240 3.00408639
v -4.85673517 2.44259679 3.01321121
v -4.77237602 2.46433040 2.98894961
v -4.92266082 2.32971121 2.97534721
v -4.74528961 2.29569680 2.91959039
v -4.89557442 2.29806880 2.95938559
v -4.84662640 2.28206001 2.91394959
v -4.71867201 2.34836960 2.89508480
v -4.72962478 2.44463759 2.91709919
v -4.71391921 2.39618959 2.90299359
v -4.94521043 2.37608720 2.97628401
v -4.87791280 2.46204640 2.97938080
v -4.78472880 2.49220479 2.94343840
v -4.94198239 2.33633599 2.94996960
v -4.75806719 2.30302160 2.89428480
v -4.90669920 2.30399360 2.93540800
v -4.86164797 2.28978479 2.88824401
v -4.73538083 2.35516640 2.85502959
v -4.73940563 2.47261200 2.86636319
v -4.72289999 2.41103920 2.85348559
v -4.97335679 2.39376480 2.95300641
v -4.90378722 2.48342401 2.94502240
v -4.80715922 2.52563200 2.90183039
v -4.96662881 2.33903279 2.92619520
v -4.76482318 2.31044640 2.87251041
v -4.92694878 2.31024640 2.90770561
v -4.90838402 2.30069360 2.85271679
v -4.76396718 2.35273840 2.79017199
v -4.74971440 2.51226400 2.80197439
v -4.74353361 2.42701681 2.78377200
v -5.02850562 2.41399840 2.93167280
v -4.92619278 2.51445120 2.90728321
v -4.80693122 2.55733120 2.84104159
v -5.01532479 2.34667280 2.92082321
v -4.83076478 2.30431840 2.81353361
v -4.96804482 2.31287440 2.88558401
v -4.84296491 2.41854195 2.47446405
v -4.87243292 2.34535035 2.51454136
v -4.96624482 2.27706560 2.59284319
v -5.10261601 2.22124800 2.69741520
v -5.01878309 2.27028560 2.52333280
v -5.16110483 2.21012000 2.63252960
v -5.07381591 2.25920480 2.46254399
v -5.21583759 2.19636720 2.57606881
v -4.93448979 2.45646261 2.25573186
v -5.13002642 2.24052400 2.40498321
v -5.24979598 2.15455600 2.51588001
v -4.97644027 2.40850661 2.18870839
v -5.16598162 2.16758240 2.34443759
v -5.27379840 2.09076720 2.44606959
v -5.02750238 2.34651585 2.12324974
v -5.22951042 2.07643119 2.28483999
v -5.30895360 2.00750080 2.36793441
v -5.10339601 2.25656850 2.07274329
v -5.46570240 1.83175680 2.45230401
v -5.50042160 2.30376960 2.35586036
v -5.46093841 2.39601679 2.44133520
v -5.44904558 2.06951841 2.20065394
v -5.51547443 2.18600799 2.26380755
v -5.34019199 2.51388160 2.58721200
v -5.39885281 2.47942320 2.53607600
v -5.48774402 2.35683360 2.39705519
v -5.03589572 2.29891290 2.17063259
v -5.33265921 1.98635200 2.23231039
v -5.43360800 2.43870001 2.48674320
v -5.17270790 2.61436330 2.68153450
v -5.51247438 2.24789680 2.32190516
v -4.82829278 2.60352000 2.76824400
v -5.27287840 2.56305760 2.63798480
v -5.39084802 2.01278240 2.20513681
v -5.44502478 1.86536480 2.38808720
v -4.99016023 2.70196330 2.57280755
v -4.89216463 2.47695345 2.32848965
v -5.09688684 2.35274616 2.00354805
v -5.01206233 2.40592382 2.05567675
v -5.22604287 2.30970325 1.98588421
v -4.95926698 2.45476888 2.12272644
v -4.91713939 2.55058477 2.25563026
v -4.92960792 2.50883003 2.19038966
v -4.92152061 2.67025857 2.43041119
v -0.58313990 6.37828032 0.61282205
v -0.48263282 6.46642803 0.63995732
v -0.42001116 6.57485597 0.69469397
v -0.36974479 6.68921460 0.72625396
v -0.33978183 6.82907649 0.75197748
v -0.31927334 6.96866363 0.77588581
v -0.34121304 7.06660765 0.82066901
v -0.37205871 7.12138692 0.86882661
v -0.39097228 7.14693152 0.92536989
v -0.40077912 7.16455714 0.99440440
v -0.40420640 7.18506959 1.07342367
v -0.40509943 7.21024092 1.15107449
v -0.31227840 7.38332160 1.39858899
v -0.29129120 7.40690883 1.42665098
v -0.27939760 7.42000242 1.43985958
v -0.24511040 7.44439282 1.45897840
v -0.23851360 7.44889278 1.46087840
v -0.23531360 7.45328958 1.46087840
v -0.23241680 7.45768963 1.45947840
v -0.22971680 7.46128642 1.45508160
v -0.22861680 7.46538639 1.44498480
v -0.23062000 7.46618320 1.42669120
v -0.24042861 7.46178321 1.40909760
v -0.26560400 7.46177358 1.39501360
v -0.26770400 7.44577998 1.38622000
v -0.27110080 7.43628002 1.37742320
v -0.28213302 7.42495956 1.35293280
v -0.31438566 7.43384776 1.29247562
v -0.34839968 7.46523280 1.17839360
v -0.35456880 7.48107039 1.00675440
v -0.33967520 7.50776402 0.79803440
v -0.28159760 7.54785440 0.57032080
v -0.20312640 7.55865119 0.53453040
v -0.21242320 7.63022561 0.53753040
v -0.31288480 7.70429358 0.62779840
v -0.34727200 7.75797122 0.82412480
v -0.33837200 7.79056478 1.04404160
v -0.31393523 7.76610763 1.22698621
v -0.28436845 7.68823001 1.33918003
v -0.26854263 7.63142558 1.39264903
v -0.25553402 7.58343843 1.40663082
v -0.24932221 7.54555123 1.41050720
v -0.24711040 7.50986401 1.41284139
v -0.22132320 7.48198001 1.42719120
v -0.22042320 7.47678000 1.44038480
v -0.22302000 7.47228321 1.45287840
v -0.22781680 7.47248320 1.45877840
v -0.23121680 7.47388319 1.46081259
v -0.23691360 7.47418319 1.46174998
v -0.24341040 7.47588319 1.46278737
v -0.25110720 7.47308318 1.46266536
v -0.26720080 7.48057998 1.45701173
v -0.28359440 7.48987680 1.45141530
v -0.63896000 8.18804002 1.10231600
v -0.63296320 8.26410802 1.12980960
v -0.61717280 8.33797597 1.18379040
v -0.58518560 8.40244722 1.27086160
v -0.52161120 8.46512163 1.35323280
v -0.44223680 8.51179919 1.42440400
v -0.36106880 8.54328319 1.48598480
v -0.26340080 8.56167038 1.51686880
v -0.17053600 8.57715759 1.53635920
v -0.07997120 8.58765120 1.53685280
v 0.00000000 8.59494801 1.53975280
v -0.74212009 6.26567007 0.59984103
v -1.04468515 6.17835276 0.72301363
v -1.27154752 6.12810110 0.73975483
v -1.55328956 6.02037371 0.78837129
v -1.82545823 5.89732715 0.86041363
v -2.04996549 5.73174548 0.91934783
v -2.19109610 5.54846314 0.88656213
v -2.27368728 5.38585408 0.84628412
v -2.35130116 5.24345990 0.77445116
v -2.43292421 5.13040701 0.72757232
v -2.49617898 5.04323549 0.70445565
v -2.57642949 4.95488811 0.69692259
v -2.66765191 4.85010326 0.73188736
v -2.82873060 4.66961948 0.77758189
v -3.01875306 4.45900026 0.79485403
v -3.17361655 4.29924059 0.78249515
v -3.30567001 4.18737997 0.74799511
v -4.65216266 2.99962616 1.90263188
v -4.77199536 2.90810436 2.03649260
v -4.86784988 2.83456394 2.13086593
v -4.95136662 2.75001702 2.26976914
v -4.89356411 2.59455711 2.34936224
v -4.49732448 3.12422301 1.71936411
v -1.45415523 5.58872739 -0.76608016
v -1.18784898 5.58909517 -0.87427668
v -0.91392778 5.58470902 -0.89050196
v -0.67507914 5.58834329 -0.84834618
v -0.46290568 5.58793893 -0.77286657
v -0.25002254 5.57650677 -0.67757909
v 0.00000000 5.58244160 -0.64592605
v -1.85461843 5.48321113 -0.59807931
v -2.03109355 5.28768886 -0.43214689
v -2.13978015 5.19167713 -0.41451661
v -2.23172210 5.07669621 -0.42725784
v -2.36388759 4.94682146 -0.42172402
v -1.95404883 5.38323065 -0.49988306
v -1.69496217 5.56121331 -0.66758670
v -2.52567761 4.75137296 -0.40181672
v -2.68834831 4.52995248 -0.33596593
v -2.88563009 4.37729589 -0.28877439
v -3.03009650 4.23140655 -0.24316473
v -3.18371908 4.10605698 -0.21100305
v -3.33413344 3.99126898 -0.18998188
v -3.45956343 3.89289401 -0.14728860
v -3.57262546 3.79423360 -0.10213900
v -3.69424136 3.68751451 -0.01849713
v -3.81799286 3.56826394 0.11164278
v -3.94731994 3.40426366 0.27529432
v -4.09846973 3.22251824 0.50559599
v -4.28643549 3.06137149 0.78468370
v -4.50167666 2.89703673 1.08571546
v -4.71377434 2.77329068 1.34768358
v -4.87307570 2.66879961 1.54441291
v -4.98439666 2.58622297 1.69334247
v -5.06737988 2.52295765 1.79987087
v -5.15010860 2.42268955 1.90810591
v -5.36883030 2.36304605 2.06984450
v -5.28273918 2.01945761 2.89723440
v -5.43504400 1.88092400 2.66236641
v -5.39726081 1.90545760 2.71270241
v -5.21999763 2.11377680 3.03498321
v -5.32262243 1.97920240 2.83481760
v -5.35770563 1.95446880 2.78028480
v -5.50202960 1.81732320 2.54185119
v -5.53755679 1.79491760 2.49278719
v -5.20714481 2.23366639 3.11433041
v -5.24965598 2.06916561 2.97179761
v -5.47369919 1.85163760 2.60943359
v -5.07300161 2.32845121 2.95219759
v -5.14982398 2.38706799 2.97674400
v -5.11913759 2.29842080 3.00677760
v -5.08255439 2.26038160 2.90390879
v -5.13507441 2.54716640 2.81835199
v -5.23471521 2.41499840 2.96453519
v -5.03227272 2.66065450 2.69303894
v -4.89153228 2.66452870 2.54857486
v -5.12229358 2.19681140 2.12590839
v -5.15380168 2.14368710 2.20079224
v -5.07610966 2.23316234 2.24094196
v -4.98356649 2.37225055 2.23464154
v -5.02505088 2.31098710 2.29721609
v -4.94126796 2.40341925 2.29795109
v -4.97618926 2.33926129 2.35904110
v -4.88987453 2.41428605 2.36982241
v -4.92098099 2.35026835 2.42976954
v -5.15796483 2.25604080 3.05664160
v -1.42420354 5.43650168 -0.79080790
v -1.15003508 5.45642255 -0.90287470
v -0.89254930 5.45608076 -0.91300712
v -0.66879129 5.45303377 -0.85665902
v -0.46526032 5.44995835 -0.78855785
v -0.25833718 5.44199507 -0.70568720
v 0.00000000 5.44969892 -0.66912080
v -1.83064770 5.29732623 -0.53042518
v -1.99780135 5.17233566 -0.37750216
v -2.09891321 5.09909040 -0.38276175
v -2.18274593 4.95106551 -0.36305334
v -2.31523377 4.81459205 -0.35855996
v -1.93902695 5.23177098 -0.43411600
v -2.46451148 4.63935532 -0.32949975
v -2.61602041 4.46826889 -0.26482341
v -2.80087898 4.32548233 -0.22071022
v -2.95155442 4.18396603 -0.18460419
v -5.44434988 2.21620290 2.12411869
v -3.10279440 4.06310792 -0.15891745
v -3.25089999 3.95874462 -0.15160284
v -3.37486996 3.86986121 -0.12586436
v -3.48542091 3.77644810 -0.08134866
v -3.61177586 3.66291186 0.00881233
v -3.73022375 3.54821329 0.14410124
v -3.84407430 3.38670309 0.31673033
v -3.99572185 3.20583604 0.55117569
v -4.18908434 3.04222261 0.81972444
v -4.41717125 2.88132417 1.12029347
v -4.62327609 2.75413269 1.37380746
v -4.78143051 2.64340023 1.56654944
v -4.88737696 2.55567924 1.71326777
v -4.96390190 2.49582499 1.81578511
v -5.04158411 2.41912614 1.91852494
v -5.49849361 2.14048195 2.22038469
v -1.68330329 5.37570772 -0.66575651
v -5.33980959 2.32423830 2.01325916
v -5.54494958 2.06958641 2.29832079
v -4.10272781 3.46110559 1.29448611
v -4.31848307 3.28608527 1.51863643
v -3.88168244 3.64123419 1.08579157
v -3.72642333 3.81401166 0.89454032
v -3.64526792 3.88485854 0.77036276
v -3.58957379 3.92806343 0.70634122
v -3.53323752 3.97200040 0.68295291
v -3.47286785 4.02769029 0.68679321
v -3.40115234 4.09907918 0.71021895
v -5.17747065 2.76785651 2.07917639
v -5.14128942 2.79833120 2.12097764
v -5.24233482 2.60311056 1.91864850
v -5.24346112 2.64431842 1.95014443
v -4.85294494 2.69512541 2.13420875
v -4.87367698 2.73980908 2.17007101
v -5.22556203 2.55794744 1.88581887
v -5.20274918 2.52075742 1.86122161
v -4.84316568 2.64676951 2.09737987
v -4.92560341 2.47526779 1.91657931
v -5.09482004 2.81999033 2.16065201
v -5.03743137 2.82780207 2.19345019
v -4.87434854 2.52660545 1.97841178
v -5.20901705 2.72910686 2.03206389
v -4.97404597 2.81451442 2.21534939
v -4.84728068 2.59101873 2.04420604
v -5.23144741 2.68620151 1.98793137
v -4.91909924 2.78513623 2.20143081
v -5.11745037 2.47446925 1.85954270
v -5.00621253 2.44598836 1.87423335
v -5.18570856 2.36180902 1.94479189
v -5.29183130 2.39220186 1.96526114
v -5.31717066 2.43107628 2.01045886
v -5.33254520 2.48554544 2.05753141
v -5.33193050 2.53291889 2.09523081
v -5.31923318 2.58059234 2.13446824
v -5.29874301 2.62581810 2.17616190
v -5.27273815 2.66731115 2.21789554
v -5.23744585 2.70341459 2.26080235
v -5.18668723 2.73506725 2.30569371
v -5.12207087 2.75617404 2.34571569
v -5.04636215 2.75711949 2.36704469
v -5.07186866 2.39317817 1.95691745
v -4.98397516 2.43394132 2.00752271
v -4.93391299 2.48499991 2.07359044
v -4.90439044 2.54153288 2.14002948
v -4.89975638 2.59147074 2.19344505
v -4.91190589 2.62613740 2.26101119
v -4.93634184 2.67855435 2.31976881
v -4.97532657 2.72801875 2.35562137
v -1.68357338 4.48110832 0.71136837
v -1.78574206 4.31311189 0.26168518
v -1.73745121 4.39026576 0.49691792
v -1.24576480 4.75687677 -0.84872593
v -1.02696155 4.83355404 -0.93513812
v -0.81959192 4.86372774 -0.92415158
v -0.62721313 4.89325891 -0.88348916
v -0.44714968 4.86978101 -0.83668735
v -0.25254716 4.83315211 -0.79824463
v 0.00000000 4.82355190 -0.74469054
v -1.64212747 4.48377050 -0.49456709
v -1.74882433 4.35934816 -0.25768638
v -1.80379622 4.30400462 0.00992121
v -1.48078463 4.62910365 -0.71932712
v -1.62720893 4.31158406 0.72226927
v -1.71251640 4.12594651 0.26256310
v -1.67586017 4.19608592 0.50956137
v -1.17345311 4.54836834 -0.83617062
v -0.96329196 4.63858175 -0.88997470
v -0.77501019 4.67732100 -0.87957107
v -0.60840518 4.68339929 -0.86717702
v -0.42367399 4.66782000 -0.84348323
v -0.24140645 4.62275884 -0.79069383
v 0.00000000 4.60728198 -0.74858882
v -1.55469264 4.31829311 -0.49179146
v -1.66979120 4.19967930 -0.25682668
v -1.72643393 4.12367456 -0.00195086
v -1.40505995 4.43576728 -0.72223184
v -1.57710159 4.10554154 0.74353712
v -1.64979470 3.94521392 0.26786037
v -1.61408070 3.99690844 0.52369935
v -1.07376128 4.29778644 -0.79296357
v -0.90203395 4.38973454 -0.84183944
v -0.73150818 4.43684488 -0.85644498
v -0.56905666 4.45259478 -0.85468968
v -0.39823507 4.43561731 -0.82507011
v -0.23005785 4.40452296 -0.77009061
v 0.00000000 4.40243649 -0.73155604
v -1.47613327 4.08169869 -0.46326695
v -1.59134644 3.98277724 -0.24322119
v -1.65363423 3.92769270 -0.00215116
v -1.31649899 4.17180873 -0.65428373
v -1.52332713 3.84337255 0.76660139
v -1.59388818 3.72320619 0.27351555
v -1.57824292 3.76121163 0.53623363
v -1.03702381 4.03100885 -0.69924327
v -0.83703334 4.11873105 -0.78892062
v -0.69808908 4.15263388 -0.81116027
v -0.53981070 4.16803030 -0.81286030
v -0.38239282 4.16469633 -0.77942924
v -0.22960874 4.16043810 -0.73204559
v 0.00000000 4.14480863 -0.69967440
v -1.39449789 3.84061550 -0.42165470
v -1.50044643 3.76345252 -0.20760305
v -1.57225414 3.72159642 0.01841459
v -1.24505662 3.90593653 -0.57385828
v -1.46739946 3.62804341 0.78975803
v -1.50416113 3.52774820 0.28887311
v -1.50817696 3.55924566 0.55768124
v -1.00472171 3.77115825 -0.60230808
v -0.84543840 3.82529615 -0.68024417
v -0.66424049 3.85849632 -0.72671465
v -0.52049621 3.86144757 -0.72955207
v -0.37930366 3.87229801 -0.70659702
v -0.22911516 3.86881787 -0.67362181
v 0.00000000 3.85600974 -0.65551943
v -1.32179665 3.62276018 -0.34234484
v -1.41365455 3.55119450 -0.15272095
v -1.49330383 3.51546267 0.04919699
v -1.18045689 3.69280352 -0.49422505
v -1.40157765 3.42550917 0.80168036
v -1.44092847 3.34418352 0.33484139
v -1.43922715 3.37416058 0.57667581
v -0.99958642 3.53686074 -0.50830799
v -0.83621733 3.58099452 -0.58279926
v -0.65733488 3.59043201 -0.62553062
v -0.51648864 3.59544957 -0.63557858
v -0.37829940 3.59610143 -0.63306564
v -0.22838764 3.59593311 -0.62047639
v 0.00000000 3.60894488 -0.61605047
v -1.26755408 3.41773528 -0.26865270
v -1.34454028 3.36171944 -0.08934926
v -1.42309179 3.33677384 0.10083799
v -1.15387899 3.47871498 -0.40582820
v -1.34646353 3.23161993 0.81403133
v -1.39449782 3.18596643 0.37551049
v -1.39035561 3.19762525 0.59997237
v -0.98820480 3.34430479 -0.42852124
v -0.83027934 3.37488359 -0.49744594
v -0.65188475 3.39471287 -0.55234088
v -0.51435606 3.40346291 -0.57591169
v -0.37750550 3.38127643 -0.57744913
v -0.21584182 3.39425008 -0.57235692
v 0.00000000 3.39419451 -0.57071561
v -1.22558094 3.24621495 -0.19298961
v -1.31027385 3.20488019 -0.02873837
v -1.37317030 3.18666034 0.15679484
v -1.12989579 3.29991369 -0.33022197
v -1.30750204 3.06947175 0.81464095
v -1.36586463 3.03626291 0.40176031
v -1.35566316 3.04312250 0.61375192
v -0.96497541 3.18158042 -0.35611389
v -0.83123432 3.20692615 -0.43543521
v -0.67374738 3.23702163 -0.49849699
v -0.52436170 3.24677950 -0.52719536
v -0.37589284 3.23108738 -0.53775615
v -0.21536756 3.23341057 -0.52957522
v 0.00000000 3.23195460 -0.52064149
v -1.21727972 3.09689816 -0.14139519
v -1.28585808 3.06181218 0.02052396
v -1.34057530 3.04029708 0.20121508
v -1.09942011 3.13818196 -0.26273116
v -1.27388905 2.82040429 0.79126681
v -1.33139015 2.76572125 0.39670147
v -1.32538907 2.78803549 0.60868392
v -0.53894826 2.91507217 1.28100068
v -0.94216531 3.02608620 -0.31597422
v -0.82262582 3.06311088 -0.39528180
v -0.68832317 3.10303195 -0.45659587
v -0.53814114 3.12193749 -0.49424603
v -0.37561770 3.10807986 -0.50632059
v -0.21545941 3.10870008 -0.49847527
v 0.00000000 3.09888552 -0.47768534
v -0.17277002 2.92386541 1.31096976
v -1.21749460 2.78344701 0.04908928
v -1.29099011 2.76486455 0.21375808
v -1.04754625 2.84599119 -0.20969454
v -1.27300230 2.69482255 0.77565181
v -1.32598337 2.62190430 0.34921430
v -1.31829804 2.65507841 0.59198155
v -0.36196026 2.92234667 1.31579813
v -0.91323353 2.74493481 -0.30244415
v -0.80306317 2.78684665 -0.35985715
v -0.68847115 2.83512791 -0.40932026
v -0.54978881 2.88802408 -0.45524846
v -0.38209192 2.90876955 -0.47064342
v -0.21630639 2.91381353 -0.45866204
v 0.00000000 2.91343887 -0.42837048
v -1.20499753 2.63481241 0.02509520
v -1.28101885 2.62048088 0.18166166
v -1.01500693 2.69917971 -0.21789460
v -1.61802679 4.63161174 0.92196644
v -1.56505062 4.45401579 0.91768583
v -1.50604967 4.26806194 0.93265511
v -1.37629987 3.75372524 1.00943478
v -1.44088169 4.01834270 0.98029608
v 0.00000000 2.92316038 1.29420482
v 0.00000000 3.99727941 1.43653310
v 0.00000000 3.42604234 1.35080442
v -0.84303282 4.04514013 1.46215305
v -1.07004243 3.96892583 1.36759438
v -1.06227090 2.89446165 1.07720938
v -0.21264521 3.42546652 1.36438877
v -0.18679268 4.00786234 1.44069434
v -0.39253364 3.40847872 1.37642265
v -0.80317557 3.79585980 1.42001662
v -1.01132393 3.70301396 1.34353429
v -1.09896887 3.19588869 1.12822039
v -0.56249222 3.36809570 1.36786960
v -0.17284893 4.30123774 1.47455416
v -0.57162669 3.61467179 1.39980267
v -0.76195913 3.54884279 1.36100201
v -0.94879436 3.45969748 1.30661344
v -1.13117812 3.38733455 1.16999558
v -0.39318105 3.67347175 1.40320951
v 0.00000000 4.31176433 1.46903366
v -0.20811643 3.70912708 1.40550403
v -0.73470802 3.31369981 1.32830978
v -0.92132422 3.25649722 1.24365307
v -1.19352969 3.61196351 1.22073332
v 0.00000000 3.71027833 1.39864507
v -0.61006381 4.12816144 1.49194210
v -0.38781866 3.95848506 1.45236547
v -0.71147581 2.91422362 1.23937947
v -0.88723853 2.90823774 1.16520350
v -1.25017895 3.88555320 1.19603223
v -0.58785945 3.88995963 1.43137992
v -0.38005803 4.23500481 1.49658425
v -1.31497916 3.51139165 1.02019918
v -1.26338448 3.30101779 1.00697060
v -1.23071969 3.12342309 0.98325474
v -1.19235020 2.85252266 0.94119193
v -1.14590494 2.81175807 -0.09796945
v 0.00000000 2.71592697 1.27489890
v -0.14298372 2.68410172 1.29639198
v -0.18046973 2.49299170 1.31082817
v -0.15928538 2.26818926 1.29918507
v 0.00000000 2.20599924 1.28506133
v 0.00000000 2.62596183 1.27495701
v -0.07069860 2.59859409 1.28698837
v -0.10258679 2.49914374 1.28800807
v -0.08769866 2.39022842 1.27734517
v 0.00000000 2.34661004 1.26716764
v 0.00000000 2.57204739 1.26160836
v -0.04650095 2.56361878 1.26883485
v -0.06009627 2.50177645 1.27061541
v -0.05966310 2.43291599 1.26869299
v 0.00000000 2.41807185 1.26299315
v 0.00000000 2.50082029 1.25747486
v -0.52565749 2.70599353 1.25399315
v -0.34382074 2.70220622 1.29439603
v -1.04710267 2.74253732 1.05426684
v -0.69505659 2.72167738 1.19605742
v -0.87426542 2.73571080 1.13371215
v -1.17827157 2.72139041 0.92410802
v -1.25771641 2.54872767 0.75584223
v -1.31300840 2.47627529 0.32603047
v -1.30574637 2.50779507 0.56052172
v -1.18125701 2.48505763 -0.00711415
v -1.26866348 2.46812177 0.15542671
v -0.52796351 2.49884314 1.27942037
v -0.34238466 2.48936349 1.31536895
v -1.03388747 2.57572752 1.03992909
v -0.69377412 2.53231178 1.20219590
v -0.87017526 2.56199843 1.11847508
v -1.16454450 2.56959116 0.91453786
v -1.30774605 2.90392618 0.22247666
v -1.24424311 2.92559870 0.05133910
v -1.28388051 2.93897795 0.80438924
v -1.33180462 2.91269425 0.61643480
v -1.34343369 2.89956373 0.41104108
v -1.07222093 2.98942994 -0.22320456
v -0.54997382 3.00638734 -0.47149498
v -0.37473643 3.00847891 -0.48864484
v -0.21611258 3.00988531 -0.47532998
v 0.00000000 3.00990653 -0.45133665
v -0.93303421 2.88327461 -0.30332024
v -0.81819088 2.91960721 -0.37349327
v -0.19621570 3.15976786 1.33190294
v -0.69816403 2.96380394 -0.42850816
v -1.20856849 2.98249659 0.96183900
v 0.00000000 3.15583077 1.31355733
v -0.55251646 3.13199362 1.32594788
v -0.38198210 3.14866101 1.34703803
v -0.72494493 3.11175762 1.28985749
v -0.90498733 3.07629338 1.20056954
v -1.08129931 3.04076691 1.10063620
v -1.17951917 2.95520845 -0.10425494
v -1.03245913 2.37526530 1.03828879
v -0.34963606 2.25032146 1.31403623
v -0.53479315 2.26326856 1.30230902
v -1.25819006 2.30524062 0.13352276
v -1.15497585 2.32138609 -0.05142064
v -1.29755837 2.34303332 0.53117099
v -1.29953107 2.31492301 0.31715976
v -1.24949502 2.36797236 0.73368014
v -1.15659972 2.38414794 0.90484739
v -0.87443775 2.35551214 1.13255739
v -0.69840800 2.31384599 1.22618168
v -1.11151781 2.66315065 -0.11020926
v -1.08363181 2.51083711 -0.14225684
v -1.03953809 2.35341921 -0.18816691
v -0.88496159 2.60014298 -0.31141804
v -0.77608348 2.64535569 -0.35403481
v -0.66797887 2.69030526 -0.39633651
v -0.53104633 2.74497524 -0.43626972
v -0.37008401 2.77838572 -0.45154945
v -0.20381319 2.79437000 -0.43858489
v 0.00000000 2.79995145 -0.40064490
v -0.83125277 2.45522780 -0.33931648
v -0.72678917 2.50049857 -0.37447009
v -0.62019390 2.54456153 -0.40393937
v -0.49564900 2.59517450 -0.43768031
v -0.35214594 2.64415619 -0.45567225
v -0.18550336 2.64151234 -0.43648656
v 0.00000000 2.66618682 -0.39539394
v -0.78148570 2.28454962 -0.43060493
v -0.66682601 2.32947171 -0.45773354
v -0.55649639 2.36878947 -0.47099132
v -0.43567503 2.40948860 -0.48986785
v -0.30441579 2.45529167 -0.49121954
v -0.15472192 2.45976017 -0.47442492
v 0.00000000 2.45877481 -0.44003059
v -0.98247228 2.55057335 -0.24025649
v -0.93032378 2.40183572 -0.27817209
v -1.01443213 2.00125546 -0.41743730
v -0.71761869 1.82924943 -0.75877196
v -0.57237827 1.83829859 -0.79349678
v -0.43008611 1.84820759 -0.80816209
v -0.29660247 1.84594828 -0.82057478
v -0.17929270 1.85582875 -0.81040598
v -0.06945341 1.86654794 -0.75765010
v 0.00000000 1.85630097 -0.71027054
v -0.88591449 2.03652880 -0.52754965
v -1.00362771 1.80295521 -0.50800120
v -0.85895896 1.80662386 -0.67957471
v -0.68302412 1.54911694 -0.88583319
v -0.51205658 1.53681613 -0.91779818
v -0.35159284 1.52726885 -0.93728528
v -0.21397370 1.50467950 -0.95326059
v -0.10646121 1.51070612 -0.89757810
v -0.00499017 1.51244271 -0.81342317
v 0.00000000 1.52521596 -0.74032706
v -1.04952591 1.53473499 -0.66628462
v -0.69353225 1.18693357 -0.96987080
v -0.49054153 1.17993908 -0.98171125
v -0.30580724 1.16974194 -0.97652182
v -0.14918311 1.16610889 -0.93483162
v -0.05147965 1.17814801 -0.86597849
v 0.00226604 1.18986309 -0.78337512
v 0.00000000 1.22996168 -0.64398697
v -0.85470572 1.54761186 -0.80333135
v -1.10029336 1.23439423 -0.72506341
v -0.71886742 0.86834338 -0.93580201
v -0.49498100 0.85677381 -0.93491263
v -0.28322167 0.85744717 -0.92124673
v -0.13231925 0.88094910 -0.86836541
v -0.04711389 0.89435699 -0.80473253
v -0.00825644 0.90581124 -0.72139878
v 0.00000000 0.96967766 -0.58484419
v -0.90349144 1.21310980 -0.89502165
v -1.12769986 0.97341324 -0.70825369
v -0.71939180 0.62891627 -0.86168040
v -0.48137942 0.60439873 -0.84727230
v -0.26699625 0.62407438 -0.80809189
v -0.14569756 0.66822425 -0.74666937
v -0.06970525 0.68877476 -0.69378103
v -0.02930853 0.72382340 -0.61913549
v 0.00000000 0.78918790 -0.53415292
v -0.92414593 0.93395843 -0.85654627
v -1.15132635 0.75506045 -0.67776390
v -0.70598370 0.42850081 -0.77546339
v -0.45822631 0.42750524 -0.71621500
v -0.25746775 0.50011407 -0.61907493
v -0.15786087 0.53998887 -0.58693497
v -0.09550152 0.55772543 -0.53109279
v -0.05104593 0.59119787 -0.48960157
v 0.00000000 0.66168411 -0.44442853
v -0.93809706 0.69627364 -0.80429735
v -1.17592377 0.57902549 -0.63813906
v -0.70611827 0.29209437 -0.65593153
v -0.44099279 0.28739151 -0.51740003
v -0.25042925 0.37117417 -0.45869970
v -0.18389764 0.43398116 -0.42785875
v -0.12437538 0.48199563 -0.39185336
v -0.08194696 0.51440858 -0.37815610
v 0.00000000 0.56291422 -0.34984435
v -0.95116634 0.50642834 -0.75146341
v -1.19367567 0.42150046 -0.61250264
v -0.75431486 0.14432329 -0.61444269
v -0.52521185 0.08024581 -0.48691721
v -0.16071347 0.38990256 -0.33400650
v -0.11736595 0.42952919 -0.28482775
v -0.07418822 0.46761702 -0.24471306
v 0.00000000 0.49314092 -0.21390912
v -0.96284465 0.34669383 -0.71422591
v -1.29196789 1.93806049 0.00816893
v -1.16883820 1.97399845 -0.22791877
v -1.35014728 1.91807620 0.47140417
v -1.35416414 1.91859609 0.24891195
v -1.27798174 1.92695486 0.67962062
v -1.17836695 1.92725176 0.86894978
v -1.28183547 1.71938271 -0.04545069
v -1.15740627 1.74379882 -0.31305664
v -1.40027904 1.68477412 0.43709715
v -1.36817039 1.69720919 0.21185394
v -1.35325373 1.65848979 0.64282412
v -1.26757361 1.64707701 0.85532022
v -1.31513774 1.49620722 -0.12999750
v -1.21744533 1.48837819 -0.41558475
v -1.47300583 1.43783995 0.42009420
v -1.42335984 1.47226425 0.16372648
v -1.41445348 1.41401038 0.65586577
v -1.32973114 1.40015598 0.86472099
v -1.36683600 1.25672674 -0.19159127
v -1.27117905 1.22032317 -0.50824987
v -1.49568807 1.22168173 0.41111194
v -1.45884409 1.24613165 0.12834403
v -1.46193282 1.19334595 0.64614126
v -1.36573930 1.17471812 0.84685106
v -1.42270335 1.04194047 -0.20988875
v -1.30568031 0.99399313 -0.50400248
v -1.54212051 1.03029242 0.39691707
v -1.50877402 1.04410597 0.11273700
v -1.49099260 1.00557338 0.63218500
v -1.38873581 0.97893094 0.82706514
v -1.47322292 0.85286538 -0.19698072
v -1.33946245 0.80364847 -0.48393249
v -1.59680979 0.85664745 0.39906192
v -1.57263345 0.86255597 0.12273909
v -1.53738827 0.83555861 0.63185217
v -1.42884532 0.80394389 0.82877037
v -1.52830795 0.67888846 -0.17883333
v -1.36582064 0.63606972 -0.44834353
v -1.64510443 0.69700809 0.40228485
v -1.62675658 0.69875837 0.12902641
v -1.58384526 0.67886562 0.64205945
v -1.47266331 0.64528242 0.84673282
v -1.57980648 0.52279756 -0.16399170
v -1.39767744 0.47774571 -0.41977180
v -1.69003001 0.55037780 0.40341638
v -1.67949347 0.54806415 0.13351314
v -0.81956774 0.14899901 1.15134281
v -0.78705121 0.31371523 1.13797751
v 0.00000000 1.63511532 1.29825715
v -1.03405580 1.91490868 1.03213977
v -0.37953994 1.68916904 1.26806495
v -0.54283182 1.74754831 1.24063195
v -0.85500875 1.88544849 1.11053921
v -0.70018144 1.82500968 1.17756429
v 0.00000000 1.38985827 1.28834903
v -1.11411318 1.64337784 1.03737803
v -0.38660065 1.42670673 1.25778133
v -0.55621752 1.48757194 1.22223005
v -0.90822779 1.63115443 1.12268771
v -0.71699933 1.57276029 1.17501066
v 0.00000000 1.15940188 1.25734930
v -1.16926313 1.39892639 1.04156526
v -0.38686619 1.16672317 1.23604341
v -0.55749637 1.23421576 1.17630463
v -0.91955279 1.39120189 1.11957621
v -0.71864443 1.32401919 1.14396149
v 0.00000000 0.92582078 1.22481507
v -1.20790265 1.15590392 1.01514109
v -0.36066603 0.93815968 1.17418538
v -0.53234006 1.01667524 1.11583829
v -0.96945613 1.13553159 1.11118590
v -0.74454831 1.08540633 1.09006614
v 0.00000000 0.70868629 1.15096685
v -1.23433377 0.94653676 0.98585078
v -0.32698472 0.71924797 1.07819491
v -0.52917761 0.80575307 1.04725505
v -0.99977611 0.91004845 1.10731193
v -0.75863529 0.85920963 1.10938113
v 0.00000000 0.51657790 0.98977677
v -1.27000269 0.76143673 0.98335745
v -0.27078579 0.53320719 0.93720540
v -0.48203759 0.56224412 0.97246037
v -1.02323816 0.71626275 1.09611393
v -0.75826511 0.65902742 1.11160393
v -1.30686863 0.59870097 1.00430030
v -0.51982868 0.38856907 0.95580889
v -1.05021919 0.54454212 1.09824142
v -0.76814447 0.47990267 1.11732158
v -0.18516028 1.65668479 1.26999546
v -0.20155960 1.39374434 1.28817881
v -0.20081411 1.15184551 1.26213184
v -0.18853910 0.91474550 1.23180368
v -0.16716929 0.71187463 1.13628690
v -0.14039539 0.52644161 0.97194446
v -0.87966629 2.11798694 1.14004996
v -0.70335484 2.06821556 1.21886295
v -0.36293560 1.96952069 1.30108932
v -0.17732099 1.95366000 1.30296763
v 0.00000000 1.93708613 1.29543411
v -1.05088175 2.15418187 1.05440981
v -0.53818149 2.00785755 1.27672719
v 0.00000000 0.37774068 0.75929862
v -0.09867496 0.39441305 0.75045448
v 0.00000000 0.31987156 0.51670402
v -0.05429304 0.33740261 0.51892110
v 0.00000000 0.34798354 0.12024933
v -0.01469854 0.35485247 0.11440731
v 0.00000000 0.45580123 -0.05879620
v -0.06038029 0.43506712 -0.09776436
v -0.17813109 0.40918987 0.74327032
v -0.10181021 0.34614011 0.52609532
v -0.04403078 0.33161637 0.10750415
v -0.09616544 0.38308679 -0.12602921
v -0.24777457 0.38433573 0.78174448
v -0.14133287 0.30542036 0.54066787
v -0.07714769 0.24083987 0.11414660
v -0.12095504 0.32401107 -0.15629694
v -0.11720545 2.19162611 -0.60255625
v 0.00000000 2.19685739 -0.56484326
v -0.75409945 2.06720126 -0.58951538
v -0.62648905 2.10571750 -0.61833872
v -0.50094070 2.13272053 -0.62783199
v -0.90285545 2.23696853 -0.37294417
v -0.37217587 2.15182447 -0.63252885
v -0.24728630 2.17784682 -0.62263674
v -1.02610811 2.18579235 -0.28186409
v -1.31348590 2.13427466 0.29710824
v -1.28684364 2.12470002 0.10133382
v -1.16188175 2.17869854 0.89902441
v -1.24916572 2.17001306 0.71649639
v -1.30138843 2.15227236 0.51464483
v -1.15697076 2.14501911 -0.13114411
v -1.21669166 0.27466145 -0.59093645
v -0.98863397 0.20252114 -0.68727753
v -1.62017174 0.37701408 -0.14630095
v -1.43276252 0.32887806 -0.39482938
v -1.73637658 0.41291782 0.42194649
v -1.72418417 0.40719751 0.15117517
v -1.08163273 0.38661239 1.10791475
v -0.54760387 0.22175051 0.97514091
v -1.34644492 0.45122487 1.02922043
v -1.51563081 0.50357565 0.86775172
v -0.29350341 0.27859136 0.78764319
v -0.17177796 0.20865678 0.53991611
v -0.11220848 0.13237185 0.09407261
v -0.16017697 0.19034363 -0.18210478
v -1.11394900 0.23100225 1.12286748
v -0.57494214 0.04927363 1.00587847
v -1.37465305 0.30765961 1.04404872
v -1.55955128 0.36364822 0.89083228
v -0.33531970 0.12948870 0.78716496
v -0.22160496 0.05938071 0.54091807
v -0.16038994 0.00253933 0.07618404
v -0.21134480 0.05461349 -0.17423105
v -0.37137014 -0.03430692 0.79529264
v -0.25699951 -0.10779267 0.54429841
v -0.20149708 -0.15196421 0.07411219
v -0.25970460 -0.10088473 -0.15605291
v -0.20514491 0.30704817 -0.37052903
v -1.62975890 0.53635597 0.65458412
v -1.67718209 0.39794666 0.67469930
v -0.28957542 0.14776185 -0.36794924
v -0.36323412 -0.01625654 -0.34299746
v -0.81127353 -0.00877692 -0.59131345
v -0.58876529 -0.09189246 -0.46961924
v -0.86035996 -0.02536126 1.18159664
v -1.25464361 0.12283976 -0.57608138
v -1.03468342 0.05601364 -0.66417222
v -1.66928581 0.22698390 -0.13328316
v -1.47992790 0.17492465 -0.38051496
v -1.78605117 0.26488776 0.45157859
v -1.77349838 0.25663530 0.17826802
v -1.15550687 0.07290290 1.15052998
v -0.60436121 -0.12306429 1.03326177
v -1.41861123 0.15912894 1.06320403
v -1.60560017 0.21769956 0.91112673
v -0.39923967 -0.20535392 0.81601956
v -0.27559708 -0.28302976 0.55932192
v -0.22615413 -0.32183973 0.08830364
v -0.28709193 -0.27023073 -0.13487342
v -1.72774007 0.25315323 0.69495610
v -0.41111981 -0.18788605 -0.32329815
v -0.88399058 -0.20688862 -0.57770048
v -0.64911689 -0.29396373 -0.46322255
v -0.90263817 -0.21117127 1.22464079
v -1.32979545 -0.06960123 -0.55087587
v -1.10571567 -0.13625207 -0.63304946
v -1.72904286 0.04022892 -0.11138997
v -1.55285793 -0.01303731 -0.35797921
v -1.83593287 0.08600319 0.48887950
v -1.82654109 0.07331998 0.21280726
v -1.20396906 -0.09140744 1.18392061
v -0.64196665 -0.30682043 1.06081721
v -1.46628993 -0.00365017 1.08926715
v -1.65551623 0.05201408 0.93018163
v -0.43212529 -0.38710724 0.84113550
v -0.29963477 -0.46411012 0.58982057
v -0.24847669 -0.50422167 0.12813442
v -0.31301326 -0.45741736 -0.09552438
v -1.77587200 0.08183914 0.72435500
v -0.45299720 -0.38129440 -0.29106826
v -0.97575007 -0.48916358 -0.57527023
v -0.71931917 -0.56077298 -0.45054959
v -0.94954178 -0.41438934 1.24913443
v -1.44442064 -0.33039880 -0.51352224
v -1.21446411 -0.41046935 -0.61350789
v -1.81649043 -0.20873178 -0.07687670
v -1.65449836 -0.26556782 -0.32427895
v -1.90436413 -0.14640784 0.51432269
v -1.89818208 -0.17239838 0.24059212
v -1.26293173 -0.29461187 1.22169344
v -0.67694527 -0.52573900 1.08184251
v -1.53700504 -0.21037791 1.11576452
v -1.72410645 -0.16079712 0.94370551
v -0.46053816 -0.61026590 0.87179074
v -0.32592858 -0.68692917 0.62953921
v -0.26935638 -0.73028993 0.17808046
v -0.34127854 -0.69482306 -0.04359881
v -1.84495514 -0.14297252 0.74358848
v -0.49559023 -0.63836929 -0.25700491
v -1.17623504 -1.13355426 -0.55506134
v -0.87500667 -1.17370024 -0.44614645
v -1.11155382 -1.00910106 1.26452940
v -1.66645104 -1.00580418 -0.39908395
v -1.44450120 -1.07017121 -0.53590842
v -1.96131406 -0.91324763 -0.01066229
v -1.84271004 -0.95590931 -0.22293837
v -2.02488028 -0.86804624 0.47788292
v -2.01889183 -0.89333567 0.24744281
v -1.41747366 -0.92760420 1.24265141
v -0.80575779 -1.11397616 1.14136679
v -1.68868135 -0.84743772 1.10986004
v -1.87783687 -0.83052085 0.90540063
v -0.57237473 -1.19096543 0.93255425
v -0.42909132 -1.26536200 0.67614232
v -0.35667441 -1.32859330 0.23251295
v -0.41664577 -1.29833931 0.01538258
v -1.97752328 -0.84240336 0.69296222
v -0.58068187 -1.24627673 -0.21554111
v -1.26612693 -1.46434692 -0.54071858
v -1.00073511 -1.47890727 -0.43360644
v -1.20730925 -1.36842788 1.24666072
v -1.72639781 -1.35919800 -0.34265257
v -1.52746947 -1.41010253 -0.48799313
v -1.94924099 -1.29556039 0.01743813
v -1.87784999 -1.32608608 -0.17027999
v -2.02750270 -1.28475161 0.41556916
v -2.00085808 -1.29792588 0.21786942
v -1.51462370 -1.29534033 1.20521990
v -0.90607000 -1.44019157 1.16314826
v -1.77182936 -1.22960225 1.06478421
v -1.94042892 -1.23999348 0.86192565
v -0.66876888 -1.51315143 0.94897616
v -0.51617590 -1.59340034 0.66257784
v -0.47393423 -1.65387892 0.21497297
v -0.52917322 -1.61726348 0.00663805
v -1.99946619 -1.25987381 0.62993669
v -0.66281496 -1.55890455 -0.20343515
v -1.33083612 -1.78828630 -0.42696193
v -1.11799114 -1.82575087 -0.36968546
v -1.32437770 -1.67796529 1.16577931
v -1.72065532 -1.68725618 -0.26425571
v -1.54730541 -1.73336798 -0.38580242
v -1.92178386 -1.66062640 0.04694887
v -1.85382557 -1.66371527 -0.10970815
v -1.96224372 -1.66105965 0.32749122
v -1.94900527 -1.65908349 0.19016663
v -1.59138463 -1.63491773 1.10499484
v -1.02936466 -1.73307758 1.14401670
v -1.81126837 -1.62168051 0.96154104
v -1.93765208 -1.63993800 0.75294178
v -0.77800469 -1.81803393 0.92132727
v -0.62491149 -1.89582035 0.63449705
v -0.59959306 -1.98001954 0.19479135
v -0.65721418 -1.94281366 0.00079326
v -1.98100037 -1.65263550 0.52115967
v -0.76691487 -1.87578553 -0.17712007
v -1.36924469 -2.07949135 -0.35014947
v -1.16917542 -2.11807613 -0.30422343
v -1.43172700 -1.97441748 1.08542129
v -1.70482351 -1.99687042 -0.20248806
v -1.56218627 -2.03110049 -0.30341385
v -1.90663579 -1.97369378 0.05386112
v -1.83072901 -1.97038179 -0.07695620
v -1.93916200 -1.96649523 0.30238558
v -1.93859138 -1.96847471 0.18703370
v -1.66152750 -1.95346670 0.99236371
v -1.15206020 -2.01524040 1.06094578
v -1.83103407 -1.96175638 0.82240400
v -1.91185152 -1.96157052 0.64992549
v -0.91813805 -2.08562890 0.85056384
v -0.78753562 -2.16851231 0.61888407
v -0.69899845 -2.28369153 0.19305720
v -0.73828965 -2.24270235 0.01328844
v -1.93794471 -1.96105718 0.44711785
v -0.86534094 -2.17171156 -0.15254027
v -1.38015387 -2.28935192 -0.30886928
v -1.17773391 -2.31540143 -0.26272379
v -1.52214223 -2.25200087 1.00870110
v -1.71520064 -2.25209053 -0.15927852
v -1.57620649 -2.25738243 -0.26036926
v -1.92111480 -2.24360776 0.06973142
v -1.83861395 -2.23627851 -0.04121109
v -1.94303444 -2.25011942 0.29196157
v -1.95079755 -2.24992150 0.18175049
v -1.69772705 -2.25396894 0.89648339
v -1.29161463 -2.27920470 1.01981224
v -1.81655427 -2.26156747 0.73587981
v -1.87014459 -2.25913711 0.60000084
v -1.06214357 -2.34043978 0.84447431
v -0.92826645 -2.41553529 0.60627226
v -0.76534847 -2.52578036 0.20705282
v -0.78653421 -2.47886998 0.03575488
v -1.89810552 -2.25507460 0.43051218
v -0.88008847 -2.39387831 -0.10959964
v -1.40043373 -2.47287279 -0.28806926
v -1.20818154 -2.49522827 -0.24154025
v -1.57356197 -2.49031552 0.97777008
v -1.78233616 -2.46469458 -0.12389584
v -1.61154978 -2.46121967 -0.23801243
v -1.95250128 -2.50667493 0.10041256
v -1.87765682 -2.49064017 -0.01784558
v -1.92619744 -2.50795012 0.30586792
v -1.96772376 -2.50659218 0.21360853
v -1.71254603 -2.52792125 0.87713496
v -1.37309164 -2.50900970 0.99391476
v -1.80125854 -2.54786600 0.70134802
v -1.84694395 -2.54427411 0.56499708
v -1.15535375 -2.57671061 0.80399176
v -1.03310654 -2.66100105 0.54742340
v -0.84246401 -2.73884430 0.21200593
v -0.85224796 -2.68357407 0.04471643
v -1.87939039 -2.53619774 0.42458395
v -0.93649282 -2.58790292 -0.09573111
v -1.44746272 -2.67555872 -0.27672539
v -1.26571230 -2.69862202 -0.24128973
v -1.60028162 -2.75597340 0.93614385
v -1.82282631 -2.68018845 -0.14180882
v -1.65114856 -2.66223336 -0.24564546
v -1.97599672 -2.75471979 0.12357037
v -1.92157584 -2.72500857 -0.02378098
v -1.92126242 -2.76408519 0.33902433
v -1.97278268 -2.74958631 0.22337716
v -1.72086427 -2.79513615 0.84785269
v -1.44428480 -2.75200270 0.95001749
v -1.80540323 -2.81732056 0.68437881
v -1.85722808 -2.80797889 0.58455861
v -1.21977776 -2.80576625 0.82466944
v -1.08224262 -2.89876340 0.57427735
v -0.91806045 -2.94822349 0.20220878
v -0.94848384 -2.88470277 0.03223141
v -1.89189054 -2.77436540 0.45124860
v -1.07726329 -2.81896110 -0.09768283
v -1.47850787 -2.88541236 -0.31105830
v -1.31417538 -2.95277550 -0.24269510
v -1.61118745 -3.01284451 0.84266867
v -1.85383420 -2.88947866 -0.19619645
v -1.67514830 -2.87038386 -0.29148679
v -2.00137757 -2.97218622 0.09173656
v -1.95751774 -2.93746872 -0.07664745
v -1.96190943 -2.98387852 0.33425486
v -1.98979499 -2.97254558 0.22506570
v -1.73411704 -3.03186483 0.78490911
v -1.45995803 -3.01044918 0.83737956
v -1.81716876 -3.07179833 0.67770307
v -1.88196364 -3.05719350 0.55708978
v -1.27183818 -3.06203074 0.69480272
v -1.12881052 -3.12555189 0.53622542
v -0.98661512 -3.16076786 0.17725118
v -1.02079590 -3.08849496 0.02147860
v -1.91953205 -3.02025834 0.45339262
v -1.16253172 -3.01971113 -0.14185874
v -1.52301051 -3.06628845 -0.41967841
v -1.35332712 -3.17360621 -0.36953231
v -1.62841774 -3.28974921 0.73805146
v -1.88410072 -3.02124444 -0.29619394
v -1.71132885 -3.01403169 -0.37819339
v -2.05915855 -3.10858936 0.02184621
v -2.00172330 -3.06550483 -0.16747998
v -2.01720846 -3.15561147 0.31577098
v -2.04669680 -3.13242427 0.18414457
v -1.74860537 -3.27051788 0.70578864
v -1.49165264 -3.31722680 0.70127695
v -1.86656874 -3.26614175 0.67045944
v -1.93607673 -3.23872093 0.54704340
v -1.30564873 -3.35431184 0.57890304
v -1.17483922 -3.38940680 0.42538915
v -1.06218078 -3.38743330 0.05425377
v -1.09194255 -3.35188750 -0.10469295
v -1.96572229 -3.20121906 0.44419693
v -1.21521097 -3.25123080 -0.25223749
v -1.54727535 -3.35706225 -0.53884332
v -1.36738227 -3.46357345 -0.47662418
v -1.64250625 -3.51101052 0.71830346
v -1.88987438 -3.25560882 -0.43237804
v -1.72577504 -3.27642597 -0.50256783
v -2.11945781 -3.28575931 -0.08272780
v -2.03740921 -3.26572912 -0.28503850
v -2.09444948 -3.32672492 0.26996864
v -2.12265008 -3.30692795 0.11356571
v -1.76330995 -3.46272292 0.71329198
v -1.51232151 -3.56034682 0.65588326
v -1.88079325 -3.42930748 0.65750922
v -1.98504056 -3.39686482 0.53422308
v -1.35394350 -3.60096310 0.50078353
v -1.23998538 -3.62231239 0.37725075
v -1.07645158 -3.66561780 0.01597971
v -1.09259110 -3.63266886 -0.16287068
v -2.03518094 -3.37165618 0.41775011
v -1.21029021 -3.55206887 -0.32933765
v -1.54110890 -3.62283746 -0.62827695
v -1.34240529 -3.73257734 -0.54869321
v -1.65099306 -3.77274265 0.68108174
v -1.91039392 -3.48376562 -0.53766718
v -1.73996177 -3.53049166 -0.61143934
v -2.17490625 -3.45904760 -0.18353793
v -2.05003814 -3.47395861 -0.42101740
v -2.17544881 -3.50115440 0.22352243
v -2.20481442 -3.47672089 0.03893575
v -1.77749087 -3.69624122 0.69179014
v -1.51295512 -3.83534243 0.60454975
v -1.90495884 -3.62965218 0.63833767
v -2.03534250 -3.56765392 0.52413099
v -1.36366754 -3.86710367 0.47101615
v -1.25435420 -3.87114234 0.34627525
v -1.06277823 -3.95588539 -0.02492898
v -1.07266000 -3.92477720 -0.20362670
v -2.10117580 -3.54566948 0.39587085
v -1.19294660 -3.83757460 -0.38113665
v -1.53219799 -3.91693065 -0.70665316
v -1.34178307 -4.01825494 -0.62149143
v -1.64891975 -4.09915831 0.65549844
v -1.94528245 -3.72830388 -0.62016838
v -1.75096889 -3.81673489 -0.70064144
v -2.23523413 -3.66108783 -0.27501449
v -2.08750385 -3.68278940 -0.49584280
v -2.26807600 -3.72093062 0.19014094
v -2.29975373 -3.68767120 -0.01819171
v -1.78493932 -4.00662712 0.68040747
v -1.50650168 -4.16228524 0.57442372
v -1.92330296 -3.91211377 0.64237486
v -2.07394719 -3.81522343 0.53512362
v -1.37790097 -4.17194892 0.45433957
v -1.22548683 -4.21680692 0.32361489
v -1.05501946 -4.24129420 -0.03443895
v -1.06583309 -4.22527310 -0.23119127
v -2.17844069 -3.74732586 0.40322134
v -1.18063419 -4.14723149 -0.42130851
v -1.54479472 -4.30503122 -0.74415406
v -1.35337839 -4.41759574 -0.64030797
v -1.63679595 -4.46271469 0.62853459
v -1.96957995 -4.08854389 -0.67857498
v -1.78024821 -4.19171535 -0.74770641
v -2.28052103 -4.00725039 -0.36492933
v -2.14122638 -4.03300246 -0.54174999
v -2.33579422 -4.08125195 0.17814832
v -2.38089488 -4.02941434 -0.06114888
v -1.77243951 -4.39432526 0.67117683
v -1.50410870 -4.49952655 0.55280317
v -1.92012552 -4.30679062 0.65798061
v -2.07852443 -4.21104362 0.57812615
v -1.38263361 -4.50160844 0.44423024
v -1.22270646 -4.55148827 0.30864377
v -1.08747438 -4.58781431 -0.04226643
v -1.09669372 -4.55646565 -0.26050626
v -2.23382097 -4.13126718 0.40488765
v -1.22640317 -4.51220746 -0.44530663
v -1.62095252 -4.79104609 -0.68376415
v -1.42236899 -4.87229173 -0.57012489
v -1.65619067 -4.88722286 0.58582679
v -2.02781123 -4.65926422 -0.64396173
v -1.84601253 -4.72174119 -0.69911434
v -2.33058262 -4.59892637 -0.31930690
v -2.18995066 -4.63966358 -0.51218048
v -2.35247769 -4.63981765 0.22055067
v -2.39873496 -4.61497913 -0.03339165
v -1.78964601 -4.84403921 0.63030596
v -1.51791197 -4.91988808 0.51885460
v -1.93102655 -4.77754272 0.63659469
v -2.08577508 -4.71450905 0.59207579
v -1.42520900 -4.95414618 0.42914679
v -1.29935626 -4.96373702 0.31057948
v -1.19152604 -4.97778344 -0.01819926
v -1.20651233 -4.98964391 -0.23145896
v -2.22706722 -4.68604034 0.43609430
v -1.32453018 -4.93735757 -0.41822839
v -1.70879804 -5.33621767 -0.50879632
v -1.55379104 -5.36320044 -0.42557954
v -1.68864395 -5.40507424 0.51797617
v -2.05535414 -5.26800795 -0.50415083
v -1.88613486 -5.30807439 -0.53764939
v -2.31067563 -5.29021588 -0.23339352
v -2.20464200 -5.27658541 -0.40160970
v -2.28404784 -5.32214259 0.27120635
v -2.34883816 -5.31184677 0.03935112
v -1.82022606 -5.37970627 0.55527064
v -1.57339560 -5.42747830 0.46403771
v -1.93718204 -5.36347477 0.56748525
v -2.05888322 -5.34250429 0.54651078
v -1.51013162 -5.43316391 0.38192996
v -1.42707775 -5.45060242 0.30536107
v -1.33161923 -5.38572196 0.00479749
v -1.37507702 -5.41935706 -0.18111851
v -2.17427853 -5.33096225 0.44188900
v -1.46564046 -5.39476381 -0.31948009
v -1.79294946 -6.04308258 -0.36635435
v -1.66630168 -6.04405493 -0.30266407
v -1.77635570 -5.98752609 0.46780159
v -2.06443244 -5.94860035 -0.34341125
v -1.94091387 -5.98749013 -0.37175664
v -2.25546321 -5.97627830 -0.08333602
v -2.21403530 -5.95436927 -0.19947060
v -2.24623289 -5.95254549 0.28854770
v -2.27014229 -5.94166956 0.10000717
v -1.86857977 -5.98003792 0.49317742
v -1.67266323 -5.99451784 0.42545427
v -1.95163131 -5.95757238 0.50594827
v -2.03256028 -5.94546335 0.49268734
v -1.61335575 -6.00808791 0.35820309
v -1.56361731 -6.01007778 0.26452784
v -1.51193256 -5.98750063 0.01715077
v -1.57858277 -6.05471293 -0.09863590
v -2.13746829 -5.95177540 0.42375602
v -1.61494046 -6.02327157 -0.18449075
v -2.03839120 -8.11146080 0.47361439
v -1.97955200 -8.09688720 0.52048000
v -1.91287360 -8.06668080 0.56614559
v -1.84133119 -8.02436640 0.61335039
v -1.83906241 -8.01118160 0.82923201
v -2.24079612 -6.90942006 0.18537767
v -2.23564687 -6.93574675 0.05411905
v -2.25696059 -7.13699280 0.07198454
v -2.26065029 -7.14121510 0.21886852
v -2.28793819 -7.29730358 0.22252644
v -1.83933751 -6.59733424 -0.31376281
v -1.76034077 -6.58936535 -0.23492836
v -1.85908452 -6.48383478 0.45530630
v -2.10452052 -6.59081470 -0.20933120
v -1.97586448 -6.59737412 -0.30268835
v -2.23049937 -6.53286678 -0.02308850
v -2.19578482 -6.55440006 -0.10669076
v -2.13928879 -6.50698910 0.38784473
v -2.21943159 -6.51756268 0.28663908
v -1.93238928 -6.48171574 0.46801741
v -1.78410222 -6.50158241 0.42361064
v -1.98475349 -6.49043364 0.46695530
v -1.74412195 -6.50996501 0.37181390
v -1.71121776 -6.52896629 0.29881785
v -1.67653780 -6.58681405 0.07751659
v -1.68017861 -6.59203278 -0.04080246
v -2.05492447 -6.48801234 0.44245806
v -1.71415700 -6.59405435 -0.12865423
v -1.91743578 -7.01966194 -0.30427411
v -1.82471655 -6.97922059 -0.21641037
v -1.91811625 -6.85257452 0.49306776
v -2.14991489 -6.97397088 -0.13033402
v -2.04155824 -7.00627874 -0.20879502
v -2.32657821 -7.44969760 0.09261119
v -2.22487447 -6.93721060 -0.03760016
v -2.16041473 -6.88404213 0.36912301
v -2.23003231 -6.90491146 0.30312013
v -1.97156728 -6.85438290 0.49668452
v -1.87144213 -6.85542154 0.46992835
v -2.03249191 -6.85954391 0.48469181
v -1.83123658 -6.85649252 0.42367203
v -1.79230650 -6.85984793 0.35721674
v -1.73923099 -6.88200698 0.14853875
v -1.74273342 -6.92227477 0.03103626
v -2.08892405 -6.85485769 0.44335222
v -1.75412842 -6.93493315 -0.09874096
v -1.94688900 -7.08555373 0.56009933
v -2.19388457 -7.15312765 0.41423919
v -2.24589665 -7.14639411 0.31363037
v -1.99494341 -7.09288653 0.55631092
v -1.90735868 -7.07790844 0.54512103
v -2.05002537 -7.10747037 0.53210932
v -1.87759203 -7.06342691 0.50586188
v -2.12088484 -7.12948131 0.48448992
v -0.29848800 8.21242080 1.47818480
v -0.33517200 8.21431758 1.47018800
v -0.37125920 8.20722081 1.45999120
v -0.40614640 8.19622398 1.43639760
v -0.43134000 8.18332721 1.40660080
v -0.43903680 8.17703358 1.39750400
v -0.44363360 8.16883359 1.38170720
v -0.44463360 8.16493680 1.37151040
v -0.44263360 8.15764000 1.36441040
v -0.43863680 8.15034320 1.36431040
v -0.43084320 8.13884957 1.37720720
v -0.41644640 8.12725278 1.40260400
v -0.38735600 8.11815598 1.43430080
v -0.34907200 8.11305922 1.45659440
v -0.30278800 8.11386239 1.46229120
v -0.26370080 8.11675919 1.46279440
v -0.23111680 8.12035922 1.45349760
v -0.19212960 8.13075279 1.43860080
v -0.26000400 8.20552398 1.47408800
v -0.22521680 8.19342717 1.46719120
v -0.19862960 8.17843362 1.45919440
v -0.17383920 8.16164001 1.44299440
v -0.16464240 8.15694318 1.43499760
v -0.16334240 8.14964643 1.43270080
v -0.16754240 8.14184963 1.43310080
v -0.18183600 8.16904001 1.45199440
v -0.14624880 8.13255603 1.44339440
v -0.21662000 8.21331761 1.47668800
v -0.18613280 8.19802401 1.47098800
v -0.37945600 8.22801440 1.44939440
v -0.44923360 8.20492397 1.40081040
v -0.46362720 8.18892720 1.37691680
v -0.47112400 8.17533361 1.36112000
v -0.47252080 8.16423680 1.35192320
v -0.47392080 8.15444322 1.35062320
v -0.45073360 8.11665920 1.35392000
v -0.46792400 8.14414963 1.34982320
v -0.35306560 8.08377518 1.42570080
v -0.39654960 8.08827199 1.40220720
v -0.30568480 8.08207838 1.44219760
v -0.26110400 8.08567520 1.44849440
v -0.16833920 8.11786242 1.44679760
v -0.22142000 8.09457202 1.44889760
v -0.42784000 8.10206559 1.37061360
v -0.16574240 8.18363039 1.46079120
v -0.14094880 8.14664963 1.44269440
v -0.14854560 8.17163683 1.45049120
v -0.14314880 8.15934323 1.44299120
v -0.25460400 8.22651439 1.47518480
v -0.33777200 8.23721118 1.46649120
v -0.29518800 8.23431120 1.47788800
v -0.41824320 8.21741762 1.42970400
v -1.77787200 -7.90181760 1.78914239
v -1.64504800 -7.89140640 1.79842080
v -1.60837600 -8.03521840 1.78894880
v -1.82630960 -8.05990480 1.80390800
v -1.67355760 -7.95198320 1.98363999
v -1.64435120 -8.03124640 2.10157519
v -1.83244880 -8.03536240 2.08786719
v -1.79047040 -7.95992880 1.96947120
v -1.66348880 -8.01321200 2.11737679
v -1.82098640 -8.01092480 2.10420161
v -1.78563760 -7.96596480 1.97760080
v -1.68082960 -7.96265520 1.99524481
v -1.58822880 -8.07602800 1.98314960
v -1.84461120 -8.07264080 1.98816639
v -1.79447040 -7.93738800 1.92486320
v -1.65715280 -7.93074240 1.93403520
v -1.65705280 -7.90766880 1.88129121
v -1.78733760 -7.91918320 1.87651600
v -1.84914401 -8.07751280 1.89734399
v -1.56898480 -8.07283120 1.89625679
v -1.65361680 -7.89220000 1.83125680
v -1.83244240 -8.06334080 1.82313600
v -1.77940480 -7.90875040 1.81614239
v -1.59680400 -8.04245440 1.82828480
v -1.65545280 -7.90273600 1.85588801
v -1.84047201 -8.07117680 1.84840319
v -1.78644080 -7.91658640 1.85135201
v -1.58896800 -8.05532320 1.85558479
v -1.60990880 -8.06655600 2.03479360
v -1.79417040 -7.94866000 1.94390080
v -1.84361760 -8.06954400 2.04324641
v -1.66368880 -7.94157520 1.95576960
v -1.66489520 -8.12839360 1.79723919
v -1.71553280 -8.07556080 2.13596561
v -1.71483280 -8.04426400 2.15644241
v -1.67113120 -8.16177680 2.03001519
v -1.66299840 -8.17287840 1.90214080
v -1.66783120 -8.14669840 1.82823921
v -1.66389840 -8.16230640 1.86447201
v -1.69530160 -8.13710640 2.08048559
v -1.74590720 -8.15604080 1.85863280
v -1.73827440 -8.14970160 1.83096560
v -1.79396080 -8.13387360 2.07182001
v -1.78984720 -8.03683120 2.14787040
v -1.76767760 -8.15654400 1.90073761
v -1.79535760 -8.15954720 2.01714319
v -1.73091200 -8.13833600 1.80630159
v -1.78954080 -8.07133120 2.12792960
v -1.67748720 -8.00354640 2.12444559
v -1.81032080 -7.99945280 2.10933759
v -1.78030480 -7.97100080 1.98746959
v -1.68875920 -7.97189440 1.99817440
v -1.71233280 -8.02702320 2.14557359
v -1.78745040 -8.02182960 2.13993759
v -1.60706960 -7.95502560 1.79942081
v -1.80637520 -7.94892880 1.79911441
v -1.65322320 -7.98005680 2.03432321
v -1.82098000 -7.98604480 2.00680721
v -1.66552800 -7.98046000 2.04588881
v -1.81191120 -7.98017280 2.02170881
v -1.60739920 -7.98349280 1.94087119
v -1.82994560 -7.96236800 1.87781280
v -1.60073040 -7.97272720 1.89192720
v -1.83738160 -7.98141200 1.93682560
v -1.60810560 -7.96199440 1.83295680
v -1.81250480 -7.95173200 1.82014240
v -1.60213360 -7.96559120 1.86345999
v -1.82227680 -7.95686480 1.85154559
v -1.83064880 -7.99084480 1.96532879
v -1.62874320 -7.98842880 1.98344641
v -1.79830960 -7.97887280 2.02968081
v -1.67375440 -7.98160240 2.04728879
v -1.63409520 -8.09062480 1.79878161
v -1.81834720 -8.05312960 2.11452800
v -1.68572640 -8.03418880 2.15391601
v -1.77722641 -8.10240960 1.80660481
v -1.62392320 -8.12640800 1.99934482
v -1.60758240 -8.12180160 1.90094720
v -1.63075920 -8.10529360 1.82464241
v -1.62359040 -8.11192960 1.85858161
v -1.83034560 -8.10124400 2.05461200
v -1.68173600 -8.06519520 2.13053920
v -1.65239360 -8.11613920 2.07192640
v -1.80229041 -8.11828160 1.85777199
v -1.78348561 -8.11194560 1.82926879
v -1.81181760 -8.02712960 2.12887199
v -1.81912801 -8.11828160 1.89864081
v -1.83423920 -8.10847680 2.00293840
v -1.69075920 -8.01645440 2.13226881
v -1.80538800 -8.01202480 2.12040001
v -1.90769600 -7.97979600 2.06006081
v -1.88805840 -8.02420080 2.11120481
v -2.00110240 -8.02276800 2.10596242
v -1.97872880 -7.97526000 2.05796081
v -1.89279119 -8.01353200 2.11827040
v -1.99393680 -8.01723840 2.11153120
v -1.97743200 -7.98248960 2.06219041
v -1.90929280 -7.98562880 2.06569041
v -1.86567840 -8.03283360 2.01405600
v -2.01800400 -8.05571040 1.99660560
v -1.97892880 -7.96529440 2.02352159
v -1.90279600 -7.96435840 2.02566081
v -1.86841760 -8.03366960 2.06782960
v -1.97932880 -7.97152720 2.03852319
v -2.01910720 -8.04494160 2.05471521
v -1.90259600 -7.96962720 2.04185919
v -1.91548959 -8.05454000 2.15158002
v -1.91838959 -8.03176960 2.15301281
v -1.90848640 -8.13919360 1.99731201
v -1.90218639 -8.10625120 2.11510801
v -1.97089280 -8.11178720 2.11534081
v -1.96726320 -8.03297280 2.15391281
v -1.96906000 -8.13576080 1.99497279
v -1.97029599 -8.05524320 2.14907680
v -1.89982079 -8.00770240 2.12050641
v -1.98790400 -8.00700240 2.12026720
v -1.97219920 -7.98742560 2.06772321
v -1.91378960 -7.99026160 2.07132640
v -1.91678640 -8.02040400 2.14828002
v -1.97026640 -8.02220400 2.14534081
v -2.01157120 -8.05117440 1.95090081
v -1.90269600 -7.94141760 2.00199359
v -1.97822880 -7.94232080 1.99919039
v -1.86881440 -8.02549760 1.96985120
v -1.91298640 -8.11934960 1.92733360
v -1.96816320 -8.11201680 1.92169440
v -1.89225520 -7.99349760 2.07345921
v -1.99483360 -7.99145840 2.07245281
v -1.89772400 -7.99769760 2.07829521
v -1.98910400 -7.99315840 2.07928880
v -1.88132239 -7.96628480 2.02412479
v -2.01107120 -7.99990080 2.00721361
v -2.00813520 -7.99959440 2.03801360
v -1.88218640 -7.98109280 2.04515601
v -1.97933520 -7.99509440 2.08382160
v -1.90879280 -7.99829440 2.08292481
v -2.00864160 -7.99589760 1.97911039
v -1.88092239 -7.96265200 1.98928881
v -1.99716640 -8.04040560 2.12803602
v -1.90102400 -8.02450080 2.14354401
v -1.87111120 -8.10695120 1.99571200
v -2.00983520 -8.07898400 2.08552479
v -1.89368800 -8.04203520 2.13711122
v -1.87634720 -8.07684160 2.08349839
v -1.99163680 -8.02390720 2.13546881
v -2.00953520 -8.10211840 1.99216959
v -1.90479279 -8.01563200 2.13921120
v -1.98027119 -8.01393520 2.13700800
v -1.87908000 -8.09438240 1.93610560
v -1.99976960 -8.09258240 1.93266320
v -0.32677520 7.87605202 1.44188480
v -0.08886800 7.79264877 1.71848240
v -0.16883600 7.78657762 1.49346560
v -0.02839040 7.80054558 1.75596640
v -0.06277760 7.79714558 1.74197280
v 0.00000000 7.79364242 1.75916320
v -0.16084240 7.80616482 1.54824320
v -0.16923920 7.79147121 1.50845600
v -0.11555520 7.80345197 1.67559840
v -0.18652640 7.97281998 1.47227520
v -0.26089760 7.93753282 1.45258480
v -0.30388480 7.96562320 1.42879120
v -0.20941680 7.99951041 1.44718480
v -0.02969040 7.99608482 1.64410480
v 0.00000000 7.99658159 1.64710480
v -0.06027760 7.99289119 1.63651440
v -0.45712400 7.85306159 1.37748358
v -0.51150160 7.88725203 1.33222320
v -0.23231040 7.83406480 1.47557200
v -0.26430080 7.77318402 1.47157200
v -0.15793920 7.83806162 1.50456240
v -0.06537760 7.83863282 1.73237920
v -0.01849360 7.63812237 1.61141760
v 0.00000000 7.63582562 1.60991760
v -0.09386480 7.64252240 1.58653040
v -0.03539040 7.64361922 1.60972080
v -0.22911360 7.74169361 1.47816880
v -0.45163040 8.13615278 1.35511680
v -0.44043680 8.13994957 1.36201360
v -0.43134000 8.14624640 1.37480720
v -0.20592640 8.12155921 1.44499760
v -0.21272320 8.13305278 1.43870080
v -0.19962960 8.11366240 1.44539760
v -0.17903600 8.10127201 1.44539440
v -0.47422080 8.13045603 1.34402640
v -0.16323920 8.09687198 1.44949120
v -0.49131440 8.12816242 1.33803280
v -0.14884240 8.02400081 1.47777520
v -0.52149840 8.11247203 1.31454240
v -0.12215200 7.91713278 1.55194640
v -0.53708880 8.09717838 1.29554880
v -0.09696480 8.05617842 1.52765280
v -0.55947920 8.07748801 1.26675840
v -0.65135680 7.86225839 0.93037040
v -0.12765200 7.88574239 1.56074000
v -0.13384880 7.85404879 1.58163360
v -0.14474880 7.80056479 1.61792080
v -0.14054880 7.83445521 1.59762720
v -0.67414400 7.81887759 0.69455040
v -0.66385040 7.84207441 0.75152480
v -0.50610800 8.12176562 1.33033920
v -0.12125200 8.04248802 1.49716560
v -0.42654000 8.15324643 1.36561360
v -0.22392000 8.14075282 1.42820400
v -0.42984000 8.15454321 1.34472640
v -0.22222000 8.14405281 1.40901680
v -0.44243360 8.14045277 1.35042640
v -0.20422640 8.10396880 1.41431360
v -0.45142720 8.13585603 1.33953920
v -0.19402960 8.08177522 1.37462960
v -0.45162720 8.13465602 1.31155520
v -0.18993280 8.07228161 1.34104560
v -0.44782720 8.13525599 1.28846480
v -0.18993280 8.07088482 1.31245520
v -0.44233040 8.13655597 1.27157120
v -0.19063280 8.07268479 1.29216480
v -0.43533040 8.14185599 1.25597760
v -0.19183280 8.07768163 1.27327120
v -0.42833360 8.14905282 1.23948720
v -0.19572960 8.08588160 1.25298080
v -0.41364000 8.15635280 1.21749680
v -0.20312640 8.09947518 1.22559040
v -0.37855600 8.24521439 1.20410320
v -0.36745920 8.25900802 1.20720320
v -0.21882000 8.25360797 1.20950000
v -0.33257520 8.28299839 1.21270000
v -0.19242960 8.19583363 1.20500320
v -0.31208160 8.28859520 1.21500000
v -0.43293680 8.14254641 1.36881040
v -0.20882320 8.12775598 1.44380080
v -0.46172720 8.13255279 1.35002320
v -0.19203280 8.10606561 1.44759760
v -0.14654880 7.81605841 1.60622080
v -0.14374240 8.08257840 1.45358480
v -0.43373360 7.90864242 1.39370400
v 0.00000000 7.83202959 1.75556960
v -0.13015200 7.64002557 1.56753680
v -0.18862640 7.70599999 1.48926560
v -0.17393600 7.63232241 1.54074960
v -0.06037760 7.64481920 1.60082400
v -0.17763280 7.78607763 1.48686560
v -0.34000115 7.57324799 1.43348173
v -0.31305798 7.64452558 1.45620755
v -0.32995158 7.41710559 1.40006218
v -0.33265158 7.45429282 1.41291752
v -0.30498480 7.49767358 1.44184531
v -0.28139760 7.54675763 1.47689758
v -0.20113501 7.80537120 1.48176880
v -0.27899440 7.85885840 1.46337840
v -0.30738480 7.79707760 1.45727840
v -0.30216438 7.55915123 1.45973117
v -0.35696560 7.81507123 1.43737619
v -0.48621267 7.72716223 1.29688249
v -0.53459975 7.77651082 1.24859296
v -0.50283543 7.65958465 1.24410170
v -0.54917293 7.71770640 1.18393898
v -0.33882797 7.50257358 1.42255774
v -0.36050656 7.44889282 1.38882995
v -0.07557440 7.19048559 1.53286240
v -0.13714019 7.20857918 1.49336880
v -0.19293280 7.23816958 1.44678480
v -0.24690720 7.27555682 1.40699760
v -0.30428480 7.32484402 1.38610720
v 0.00000000 7.19018557 1.54945920
v -0.33094838 7.35633122 1.37009859
v -0.35189475 7.40421201 1.37055997
v -0.26549760 7.19308883 1.36835508
v -0.21072000 7.15210802 1.40542597
v -0.15115741 7.11674121 1.44858246
v -0.07587120 7.09515941 1.48085800
v -0.38597555 7.35805164 1.30358877
v -0.36155920 7.29725039 1.30254309
v 0.00000000 7.08915941 1.49024855
v -0.31627520 7.24416960 1.33148630
v -0.39896928 7.50409721 1.35878371
v -0.40197789 7.43144962 1.32423194
v -0.55808240 7.93373599 1.28743920
v -0.58546640 7.83346800 1.20135619
v -0.58256640 7.78808403 1.13148179
v -0.58117600 7.99861358 1.24605840
v -0.60966000 7.90074558 1.15678720
v -0.61756000 7.85926160 1.09540960
v -0.58686960 8.04479759 1.21957120
v -0.62535680 7.96492318 1.12130000
v -0.63335680 7.93013603 1.06142240
v -0.59256640 8.09098161 1.20278080
v -0.63365680 8.03379762 1.09531280
v -0.63815360 8.00550723 1.03483200
v -0.60296640 8.14326241 1.20178720
v -0.63925680 8.10937200 1.08661600
v -0.64615360 8.09267523 1.03503520
v -0.38626240 8.63684162 1.43650400
v -0.53959840 8.53008958 1.27546480
v 0.00000000 8.70430961 1.51306880
v -0.08947120 8.69831279 1.50556880
v -0.18693280 8.68701601 1.50077840
v -0.65045360 8.17564322 1.00145120
v -0.28669440 8.66552562 1.47838800
v -0.47462720 8.59716078 1.36703280
v -0.63925680 8.27530162 1.03653840
v -0.62486320 8.36866319 1.08922240
v -0.59607600 8.45282478 1.17989360
v -0.65155360 7.97911361 0.97835120
v -0.65615040 8.07927837 0.98155120
v -0.64055680 7.89504561 0.99074480
v -0.62036000 7.81667757 1.02043840
v -0.58836640 7.74037959 1.05043741
v -0.56010515 7.66319570 1.09778906
v -0.38243792 7.44172280 1.35973094
v -0.52534083 7.58439844 1.17607133
v -0.23251040 8.04719439 1.43729440
v -0.25820400 7.23017601 1.38681345
v 0.00000000 7.12850799 1.52725699
v -0.37469696 7.38194524 1.33677277
v -0.20692640 7.18629198 1.42968564
v -0.07707440 7.13370800 1.51006019
v -0.14864560 7.15170158 1.47816339
v -0.34946560 7.32824080 1.33582320
v -0.30728160 7.27715680 1.35372625
v -0.37045613 7.50717358 1.39749453
v -0.29648800 8.03519758 1.42409760
v -0.07467440 7.06871307 1.45240517
v -0.15055421 7.08920987 1.41962963
v -0.21350462 7.12466042 1.37749334
v -0.27198222 7.16658538 1.34145911
v -0.32679776 7.21572877 1.30347010
v 0.00000000 7.06212806 1.45980858
v -0.37370323 7.26818434 1.27033135
v -0.40448096 7.33063441 1.26312992
v -0.42212966 7.42126462 1.27212752
v -0.50581440 8.68242241 1.29515840
v -0.55948560 8.60095441 1.18340000
v -0.40875280 8.73730000 1.37682320
v -0.30229120 8.78058401 1.43320720
v -0.61945680 8.40294720 1.00035760
v -0.59566640 8.50679917 1.08373520
v -0.66815040 7.94382641 0.87369280
v -0.67204720 8.06038478 0.88158960
v -0.66024720 8.17214001 0.90348640
v -0.63136000 7.71490962 0.88669280
v -0.64165040 8.28829519 0.94247360
v -0.54671520 7.40510583 0.96475504
v -0.58183095 7.49473303 0.91546088
v -0.60566640 7.60562441 0.89415149
v 0.00000000 8.83386482 1.46089120
v -0.08867120 8.82896480 1.46209440
v -0.19083280 8.81267121 1.45849760
v -0.65215360 7.82616798 0.88089600
v -0.11585200 8.10116879 1.47057840
v -0.18082960 8.06758480 1.44288800
v -0.29188800 8.00561042 1.42449440
v -0.22631360 7.91693923 1.46647840
v -0.17073280 7.95412639 1.48927200
v -0.12254880 7.94752320 1.54354960
v -0.13104880 7.97761362 1.52745600
v -0.10305840 7.95621683 1.58443680
v -0.10765840 7.98570723 1.56754320
v -0.08486800 7.95561040 1.62482080
v -0.08316800 7.99059759 1.61162720
v -0.24860720 7.59893842 1.49396560
v -0.43224000 8.47131518 1.44909440
v -0.50741440 8.43413441 1.38012000
v -0.57499200 8.38186003 1.30195200
v -0.61037920 8.32288241 1.22047760
v -0.62606960 8.26121122 1.17459360
v -0.62906320 8.19404002 1.14950320
v -0.16483920 8.52088321 1.55174960
v 0.00000000 7.82283796 -0.29706699
v -0.07937252 7.81761283 -0.28295915
v -0.16419145 7.80791601 -0.25333636
v -0.23877647 7.79061918 -0.19688219
v -0.32124565 7.77162559 -0.12612247
v -0.41941497 7.75316421 -0.01962536
v -0.49578287 7.73418784 0.07978690
v -0.57746231 7.73929646 0.18565731
v -0.61907497 7.75274502 0.27077498
v -0.62419288 7.79599360 0.33867598
v -0.62409219 7.74636004 0.36556686
v -0.61561998 7.68172647 0.29613586
v -0.47519374 7.64971825 0.09466197
v -0.39837110 7.65567100 0.00445014
v -0.30355968 7.67825762 -0.09128242
v -0.22133307 7.70281543 -0.15699708
v -0.15350668 7.72377159 -0.21909947
v -0.07425105 7.73986999 -0.24664348
v 0.00000000 7.74463102 -0.25642038
v -0.56550297 7.65818111 0.19922536
v -0.35517114 7.65622241 1.42595811
v -0.39726608 7.66935464 1.38732688
v -0.37717888 7.57554802 1.39493549
v -0.41366522 7.58728022 1.34840425
v -0.42825881 7.50613261 1.30846749
v -0.07307440 7.05055576 1.41778495
v -0.14784240 7.06929893 1.38912358
v -0.21425154 7.10294087 1.34743667
v -0.27624186 7.14226460 1.30509902
v -0.33780728 7.18821316 1.25980666
v 0.00000000 7.04449114 1.42456475
v -0.39586373 7.24312816 1.22056519
v -0.43679515 7.30297965 1.18746801
v -0.47700726 7.42656463 1.16802093
v -0.47068058 7.53024984 1.24975126
v -0.45229558 7.61270922 1.29969984
v -0.44048784 7.68777501 1.34291926
v -0.21441360 8.02670082 1.43599120
v -0.39934640 7.83286797 1.41037398
v -0.36995920 7.89624879 1.41989440
v -0.15713600 8.05229122 1.45298480
v -0.12944880 8.06748478 1.47307840
v -0.33127520 8.16544959 1.16591600
v -0.28459440 8.13975922 1.16781600
v -0.33247520 8.19833681 1.16721920
v -0.33197520 8.21083038 1.16911920
v -0.32817520 8.23541760 1.17691600
v -0.32307840 8.24491443 1.17991280
v -0.26560080 8.24441442 1.18071280
v -0.31168160 8.26110799 1.18960960
v -0.25390720 8.20513362 1.17121600
v -0.30628480 8.26710481 1.19320960
v -0.25730080 8.50899600 1.53815920
v -0.07447120 8.53057681 1.55084640
v 0.00000000 8.53597357 1.55154640
v -0.25040400 7.67931281 1.47786019
v -0.28889120 7.71020323 1.46565159
v -0.47113174 7.79340444 1.33813735
v -0.52506838 7.83826799 1.30060919
v -0.57547280 7.89094881 1.25635200
v -0.59726960 7.95052960 1.20427120
v -0.61186320 8.00351041 1.16928400
v -0.61946000 8.06099117 1.14819360
v -0.62506000 8.12686563 1.13850000
v -0.22361680 7.64212239 1.50476560
v -0.37760877 7.75329360 1.42282035
v -0.33277520 7.73379681 1.44823437
v -0.42184234 7.76049038 1.38379773
v -0.10376160 7.56164480 1.60632080
v -0.13105200 7.38421842 1.52505920
v -0.05758080 7.37242481 1.53855600
v 0.00000000 7.36452477 1.53855600
v -0.25530720 7.43649598 1.45317840
v -0.25740400 7.47508322 1.46200275
v -0.16903920 7.53655438 1.56184000
v -0.16473920 7.56584479 1.55774000
v 0.00000000 7.59443198 1.60991760
v -0.01849360 7.59573200 1.61231760
v -0.04088720 7.60602880 1.61291760
v -0.06667760 7.60183200 1.61041760
v -0.09895299 7.59073520 1.60442400
v -0.10376480 7.69559680 1.51307200
v -0.10216480 7.62891922 1.50926560
v -0.10526160 7.58043842 1.50226560
v -0.10736160 7.52295440 1.49186560
v -0.13925200 7.52465758 1.58432720
v -0.13935200 7.51386398 1.57493360
v -0.13595200 7.49657038 1.55274320
v -0.14074880 7.53945439 1.58962720
v -0.15394240 7.90111998 0.84951520
v -0.15553920 7.95131361 1.06653200
v -0.10675840 7.90422957 1.27875520
v -0.09976160 7.79576477 1.41940080
v -0.11345840 7.49627358 1.51455920
v -0.11935520 7.48857681 1.52675280
v -0.13803699 7.50536720 1.56383680
v -0.13375200 7.48907361 1.54054640
v -0.13705200 7.57913840 1.58173040
v -0.13774880 7.54924799 1.58642720
v -0.09636480 7.66021280 0.54742720
v -0.12885520 7.79475838 0.66688240
v -0.63145680 8.88869040 0.14637760
v 0.00000000 9.16457518 -0.01615520
v -0.72231840 8.48762161 0.39147840
v -0.18953280 9.13918480 -0.01095840
v -0.31418800 9.11699442 -0.00986160
v -0.73511840 8.22902401 0.35798480
v -0.36585920 8.71006078 -0.29916880
v -0.44542080 8.68317361 -0.21799120
v -0.67453440 8.45785037 0.13027120
v -0.73322160 8.30099840 0.30100400
v -0.54238560 8.62579602 -0.12762960
v -0.60985360 8.54732159 0.00132560
v 0.00000000 8.79273202 -0.37333680
v -0.72212480 8.36597919 0.23732960
v -0.14984560 8.77824161 -0.35964000
v -0.26700080 8.74384799 -0.33545600
v -0.72842480 8.14265918 0.32070080
v -0.64454400 8.25273042 0.05609360
v -0.70932800 8.18324962 0.25502320
v -0.40923040 8.36889843 -0.29006880
v -0.49499840 8.34280799 -0.20410720
v -0.57366640 8.30371757 -0.07685200
v 0.00000000 8.41798235 -0.44541440
v -0.32186880 8.39039517 -0.35374640
v -0.69723440 8.19654321 0.16715200
v -0.12115520 8.41538562 -0.42602080
v -0.22971040 8.40578875 -0.39733040
v -0.62884720 8.45002802 0.88819920
v -0.69372480 8.53919603 0.59540800
v -0.67862800 8.52939919 0.67677600
v -0.66313440 8.50970558 0.75315040
v -0.66014080 8.32467923 0.81571520
v -0.71672160 8.42784399 0.57640800
v -0.70602480 8.41754397 0.63508240
v -0.69203120 8.39535360 0.69886000
v -0.68653760 8.19123680 0.74413440
v -0.72391840 8.34108240 0.56580480
v -0.71682160 8.33138560 0.61568560
v -0.70492800 8.30419200 0.66626640
v -0.62477464 7.71444599 0.51835699
v -0.63083899 7.74463640 0.45715681
v -0.67654400 7.92914240 0.33359120
v -0.64485492 7.81998403 0.38274413
v -0.63427441 7.78449682 0.41296288
v -0.68943760 8.05899122 0.73243760
v -0.70592160 7.92674243 0.63967600
v -0.82008640 8.25751442 0.49224000
v -0.73611840 7.76470321 0.59059200
v -0.78289600 8.22082717 0.55191440
v -0.83128640 8.23642078 0.44275920
v -0.83628320 8.16154959 0.37218800
v -0.81059280 7.99311683 0.35569120
v -0.82518960 8.05729121 0.34409760
v -0.75990880 7.73771279 0.55822370
v -0.70812480 7.81267760 0.61808560
v -0.83718320 8.19923682 0.39917520
v -0.83378640 8.11606877 0.35389440
v -0.70182480 8.06028800 0.64737280
v -0.75310560 8.19114002 0.57720160
v -0.72721520 8.15925279 0.60349200
v -0.71542160 8.13276241 0.62228240
v -0.75787018 7.72741600 0.51763970
v -0.77087018 7.74700958 0.49183360
v -0.79339920 7.92454241 0.37058160
v -0.79239600 7.83577762 0.42665920
v -0.78519920 7.80169040 0.46034640
v -0.70002480 8.00241040 0.64777280
v -0.71031840 7.92933919 0.61368560
v -0.84167680 8.22432718 0.49983680
v -0.73871520 7.79089361 0.57440160
v -0.80468960 8.19124003 0.55341440
v -0.86257040 8.21493042 0.45485600
v -0.88296400 8.13655922 0.38928160
v -0.85007680 7.98591678 0.35089440
v -0.86217360 8.03909763 0.35229440
v -0.76980560 7.76000640 0.54381440
v -0.71232160 7.84097442 0.60478880
v -0.87856720 8.17394638 0.41317200
v -0.88116720 8.10037518 0.37248800
v -0.70602480 8.04299443 0.62228240
v -0.77799600 8.16614961 0.57870160
v -0.75090560 8.13416240 0.59879520
v -0.72641520 8.10727201 0.60838880
v -0.77890240 7.74191283 0.52182080
v -0.78919600 7.75830637 0.48513680
v -0.83068320 7.91644558 0.37278480
v -0.81978640 7.83557760 0.43015920
v -0.81078640 7.81078398 0.45674960
v -0.70362480 7.99581360 0.62228240
v -0.72251520 7.93473602 0.59519520
v -0.81918640 8.18524002 0.49603680
v -0.73111840 7.81908079 0.56890160
v -0.78659600 8.16454960 0.54591760
v -0.83828000 8.18194317 0.45585600
v -0.84977680 8.12706241 0.40137520
v -0.85277680 7.97842001 0.37338480
v -0.84937680 8.03470078 0.37478480
v -0.75820880 7.80118721 0.54681120
v -0.71572160 7.85536797 0.59439520
v -0.84608000 8.16034959 0.42476560
v -0.84937680 8.09277519 0.38438160
v -0.70772160 8.02910081 0.60868880
v -0.76850240 8.14185917 0.57230480
v -0.74930880 8.11126882 0.59059840
v -0.73311200 8.08827839 0.59979200
v -0.78439920 7.79059360 0.51842400
v -0.80278960 7.79749043 0.48573680
v -0.84547680 7.93263917 0.38617840
v -0.82458320 7.86466480 0.43305920
v -0.81788320 7.82518080 0.46944320
v -0.70672160 7.99041680 0.60279200
v -0.72551520 7.95003280 0.55480800
v -0.78629920 8.16224962 0.49613680
v -0.72911840 7.85676799 0.56510160
v -0.74491200 8.14905602 0.53432080
v -0.80709280 8.16104963 0.46384960
v -0.82598640 8.10737200 0.42756240
v -0.84347680 7.97352317 0.40577200
v -0.84417680 8.02010401 0.40946880
v -0.76630240 7.84307117 0.55520800
v -0.70162480 7.88245840 0.57589840
v -0.81838960 8.13775917 0.44675920
v -0.83518320 8.07458478 0.41876880
v -0.70672480 8.01200721 0.58989520
v -0.74740880 8.11876880 0.55731120
v -0.74630880 8.09067841 0.57510160
v -0.73721200 8.06968481 0.58629840
v -0.77190240 7.83667437 0.53131760
v -0.78339600 7.85956483 0.50592720
v -0.83988000 7.95322958 0.40766880
v -0.80878960 7.90494877 0.44335600
v -0.78859600 7.87635840 0.47744000
v -0.70342480 7.98182002 0.58049840
v -0.69222800 7.96682641 0.55500800
v -0.76500560 8.08967842 0.50463040
v -0.67493760 7.88015841 0.54511120
v -0.73451520 8.08478160 0.52232400
v -0.78739920 8.08697841 0.49283680
v -0.81408960 8.06828478 0.46874640
v -0.81508640 7.99141678 0.43795920
v -0.81908640 8.01520721 0.44295600
v -0.73701520 7.87396160 0.53261440
v -0.66784080 7.89895201 0.55490480
v -0.80279280 8.08098162 0.48134320
v -0.82148640 8.04629438 0.45485280
v -0.70412480 8.00201043 0.56960480
v -0.72511840 8.07368482 0.53801760
v -0.73231520 8.05759120 0.55321120
v -0.72811520 8.04049761 0.56240480
v -0.75530880 7.88415838 0.52342080
v -0.74431200 7.89215520 0.50023040
v -0.80629280 7.96772642 0.43545920
v -0.77060240 7.92594240 0.45834960
v -0.75011200 7.90424881 0.48264000
v -0.69762800 7.98621677 0.56660480
v -0.70962480 8.00641039 0.54821120
v -0.72872160 7.97052318 0.44925280
v -0.74961200 7.95143283 0.44325600
v -0.71462160 8.01320721 0.55990800
v -0.69402800 7.98751677 0.55560800
v -0.71282480 7.90884882 0.46524640
v -0.73441840 7.92943922 0.44955280
v -0.76220880 7.97402318 0.43985920
v -0.69373440 7.90514880 0.47754000
v -0.68293760 7.89995200 0.49223040
v -0.72611840 8.02900077 0.55281120
v -0.72891840 8.04449439 0.54291440
v -0.72801840 8.05759121 0.53561760
v -0.70212480 7.99801363 0.55940800
v -0.79669600 8.03500079 0.46424960
v -0.78589920 8.05609121 0.48534000
v -0.65994400 7.92654242 0.54391120
v -0.67304080 7.89825198 0.51072400
v -0.78689920 8.01110720 0.44885600
v -0.77540240 7.99221682 0.44155600
v -0.79419600 8.04879443 0.47574320
v -0.77400240 8.06038799 0.49743680
v 0.00000000 7.90228075 -0.33151454
v -0.08319719 7.90148080 -0.31728468
v -0.17123544 7.89488401 -0.27760738
v -0.25654582 7.88628399 -0.23554495
v -0.52869520 8.86385522 1.09033520
v -0.42713680 8.98091040 1.18741280
v -0.34870979 7.87158718 -0.17793565
v -0.58706640 8.73360963 0.97707680
v -0.61985040 8.60636398 0.88940560
v -0.44432218 7.85161404 -0.07706194
v 0.00000000 9.12254961 1.22280000
v -0.30898160 9.04028482 1.19840640
v -0.07757440 9.11135283 1.22130000
v -0.51256611 7.83134401 0.04881589
v -0.63093572 7.81803125 0.25145151
v -0.64575812 7.85207120 0.30580400
v -0.18472960 9.08526559 1.21490320
v -0.59070568 7.81964405 0.17157849
v -0.64384080 8.48211519 0.82322480
v -0.66923760 8.36456323 0.75723760
v -0.69453120 8.26110800 0.70705040
v -0.65950106 7.87306162 0.35558160
v -0.70462480 8.10517198 0.63967600
v -0.79289600 7.88315837 0.39057520
v -0.71182160 8.08248162 0.61798560
v -0.83018320 7.88745522 0.39147520
v -0.71451840 8.06408801 0.60438880
v -0.83588000 7.89655202 0.40756880
v -0.72071840 8.04219761 0.59159520
v -0.82518320 7.92394241 0.42326240
v -0.71851840 8.02090402 0.56850480
v -0.78879600 7.94803280 0.44375600
v -0.73741520 8.06238800 0.52522400
v -0.66374400 7.90884883 0.53341440
v -0.75930880 8.06268801 0.50933040
v -0.68433440 7.97342320 0.54521120
v -0.73021840 8.11176882 0.52762400
v -0.69842800 7.98601681 0.57240160
v -0.70282480 7.96392641 0.55460800
v -0.80498960 7.92723920 0.45774960
v -0.78409600 7.90664878 0.48993680
v -0.73741200 8.07408479 0.56180800
v -0.72511840 8.09587519 0.54421440
v -0.67873440 7.88575841 0.56290160
v -0.82528640 8.08937841 0.45345280
v -0.83608000 8.05969118 0.43955920
v -0.77079920 7.88605523 0.53451760
v -0.75270560 7.87486163 0.54091440
v -0.70412480 8.00501043 0.57640160
v -0.73331520 8.05159442 0.57070160
v -0.81128960 8.10967198 0.46864640
v -0.79659600 8.11956560 0.48414000
v -0.84387680 7.98561678 0.42436560
v -0.84197680 8.01780723 0.42656240
v -0.84507680 7.96272640 0.42586240
v -0.77579920 7.89895202 0.51202720
v -0.68533120 7.86646482 0.55610480
v -0.77220240 8.12246560 0.50303360
v -0.71981840 8.02750077 0.57730160
v -0.83128000 7.94323599 0.44105600
v -0.70123120 7.95462957 0.46344640
v -0.69063120 7.98122000 0.53181760
v -0.70022800 8.01120721 0.52782080
v -0.70432800 8.02160400 0.51692400
v -0.75970880 8.04759438 0.49443360
v -0.79639280 7.85796803 0.47474000
v -0.70432480 7.98352001 0.58809520
v -0.79509600 8.17894322 0.49113680
v -0.72611840 8.04259762 0.52402080
v -0.70202800 7.99621358 0.54731120
v -0.81888960 8.14625603 0.43116560
v -0.73711200 8.07708158 0.59419520
v -0.73041520 7.94363282 0.57180160
v -0.75570880 7.82368080 0.54951120
v -0.68343760 7.92783923 0.46924320
v -0.67134080 7.91944559 0.48623680
v -0.76380880 8.02980080 0.46914640
v -0.76560560 8.04439441 0.48704000
v -0.72212480 8.01760720 0.45614960
v -0.75161200 8.04979439 0.50353040
v -0.67953760 7.97252319 0.53161760
v -0.71952480 8.01040722 0.45344960
v -0.72662160 8.03190078 0.47404320
v -0.69353120 7.98591680 0.54051440
v -0.70103120 7.93663599 0.45944640
v -0.71892480 7.95262961 0.45334960
v -0.73461840 7.98781677 0.44585600
v -0.71622160 8.01860398 0.53951440
v -0.72092160 8.03120079 0.53011760
v -0.71972480 8.02690398 0.46474640
v -0.73741520 8.03679762 0.48434000
v -0.68753760 7.94183598 0.46874320
v -0.67774080 7.93883601 0.48044000
v -0.82408320 7.91104562 0.41206880
v -0.72401520 8.05269123 0.59899200
v -0.66664080 7.95832962 0.52611760
v -0.66774400 7.91954562 0.51292400
v -0.75461200 8.01410718 0.45325280
v -0.67004080 7.96132642 0.52102080
v -0.66584400 7.93913601 0.50053040
v -0.74531520 7.99921361 0.44415600
v -0.76710560 8.03839760 0.47724320
v -0.73721520 8.03969762 0.49363360
v -0.70002800 8.00131038 0.53571760
v -0.71802480 7.98631678 0.45514960
v -0.73281520 8.04719443 0.51752400
v -0.66364400 7.93953599 0.52332080
v -0.73601520 8.04149758 0.50163040
v -0.67743760 7.97082322 0.52442080
v -0.82798640 8.08258160 0.39317840
v -0.75930560 8.13006243 0.56290800
v -0.73501520 7.84087442 0.56760160
v -0.71982480 8.00091358 0.45394960
v -0.71322800 7.96942321 0.45934960
v -0.79249280 7.83427761 0.49733360
v -0.83528320 8.02270403 0.39267840
v -0.80969280 8.17464640 0.45615280
v -0.71122160 8.01860399 0.59839200
v -0.71682160 8.03320080 0.51292720
v -0.69712800 7.99011681 0.53481760
v -0.72841840 8.04099758 0.51142720
v -0.66594400 7.95103278 0.51132720
v -0.82458640 8.11706878 0.40807200
v -0.77699920 7.81768399 0.52222080
v -0.83548000 7.94283603 0.39857520
v -0.83728000 7.97072320 0.39087840
v -0.74660880 8.09657519 0.58160160
v -0.80618960 7.88335841 0.43905600
v -0.76990240 8.15685277 0.53632080
v -0.70782480 7.87046162 0.58399520
v -0.70283120 8.02750079 0.48853680
v -0.69173440 7.99961363 0.49923040
v -0.69213440 8.01250722 0.49253360
v -0.68793440 7.98171998 0.50912720
v -0.67893760 7.96822641 0.51592400
v -0.69203120 7.99151679 0.52302400
v -0.70193120 8.00741037 0.46874320
v -0.70313120 7.99291683 0.47014320
v -0.70413120 8.02260403 0.46824320
v -0.70732800 7.97791999 0.46814640
v -0.69473440 7.96012960 0.47224320
v -0.68763440 7.97552322 0.49603360
v -0.67464080 7.96012963 0.50493040
v -0.69343120 8.01530719 0.50502720
v -0.68983440 8.00541043 0.51452720
v -0.70572800 8.02890081 0.50063040
v -0.68743440 7.97841998 0.52572080
v -0.70492800 8.02640399 0.47644000
v -0.69463440 7.99471358 0.48563680
v -0.69623120 8.00961042 0.47994000
v -0.70792800 8.01890718 0.46104640
v -0.71082800 7.99281680 0.46154640
v -0.70902800 8.00571039 0.46024640
v -0.69423440 7.97442322 0.48154000
v -0.67784080 7.95562959 0.49423360
v -0.70002480 7.98402001 0.57610160
v -0.79009280 7.89335202 0.48443680
v -0.72831840 8.11306880 0.54981120
v -0.83758000 8.06978481 0.42846240
v -0.77009920 7.86596478 0.55011120
v -0.73501200 8.06028802 0.57800160
v -0.81568960 8.12856243 0.45395280
v -0.84707680 7.97542322 0.41216880
v -0.84197680 7.95602957 0.41606880
v -0.72801840 8.13356242 0.52902080
v -0.71721840 7.95432957 0.55230800
v -0.81568640 7.91844560 0.44905280
v -0.74371200 8.08448158 0.56820480
v -0.69492800 7.88615841 0.57100160
v -0.82548640 8.10337198 0.43825920
v -0.78279600 7.86976158 0.53961440
v -0.70572480 8.00771043 0.58359840
v -0.80189280 8.14745602 0.47154640
v -0.84597680 8.01650723 0.41686880
v -0.78799280 7.88135839 0.51462400
v -0.70862480 7.86416477 0.55940480
v -0.77969920 8.14535601 0.49863680
v -0.72091840 8.03380077 0.58429840
v -0.82998000 7.93163919 0.43115920
v -0.79099920 8.06708801 0.37818160
v -0.78929920 8.21922720 0.44755600
v -0.76760560 8.22322717 0.49163680
v -0.78230240 7.99531363 0.37438160
v -0.70422480 7.92444241 0.65686960
v -0.69752800 7.80788080 0.62797920
v -0.80429600 8.18334322 0.41256880
v -0.80209600 8.15745282 0.39907200
v -0.71192800 7.74600958 0.60768560
v -0.72752480 7.72311917 0.56593940
v -0.74345616 7.74900961 0.49653985
v -0.74201200 7.80858719 0.47284000
v -0.70052800 8.01430720 0.66806640
v -0.70122800 8.08438160 0.67066640
v -0.74711200 7.84207438 0.44554960
v -0.72361840 8.19144002 0.60908880
v -0.71302160 8.16724960 0.63627920
v -0.80039600 8.12146558 0.38507840
v -0.73521200 8.20393362 0.57570160
v -0.74840880 8.21113040 0.54381440
v -0.73032394 7.72484280 0.52985220
v -0.76710560 7.93113918 0.39786880
v -0.70452480 8.13545923 0.65796960
v -0.75820880 7.88935519 0.41926240
v -0.74311840 8.06838799 0.36238480
v -0.73312160 8.20653359 0.43135920
v -0.73172160 7.99671363 0.36058480
v -0.69033120 7.93613917 0.68226000
v -0.74481840 8.15965283 0.38477520
v -0.67814080 7.74850960 0.62040130
v -0.69460973 7.75920641 0.50183713
v -0.69883120 8.12276559 0.69605360
v -0.71402160 8.24701761 0.61138880
v -0.71862160 8.24921761 0.52792080
v -0.71352800 7.93013922 0.38217520
v -0.72322480 8.22592722 0.47864000
v -0.68373440 7.81057761 0.65206960
v -0.73772160 8.18374321 0.40396880
v -0.68600973 7.72141923 0.58133988
v -0.69590653 7.80689037 0.47324625
v -0.69353120 8.03510078 0.69485360
v -0.69953120 7.83727763 0.42885280
v -0.70722480 8.22212398 0.64837280
v -0.74461840 8.12316559 0.37477840
v -0.71272160 8.25541437 0.57050480
v -0.68092922 7.73371600 0.54417158
v -0.70452800 8.18414000 0.67826320
v -0.70653120 7.88355839 0.40656240
v -1.76196720 -7.86990480 1.72532640
v -1.62067120 -7.87443440 1.69912320
v -1.57352721 -8.01774960 1.66487759
v -1.80647520 -8.05096880 1.74313121
v -1.63508240 -8.12070320 1.64239438
v -1.72952161 -8.12873920 1.70017440
v -1.57695360 -7.92965680 1.67334640
v -1.79750960 -7.92862400 1.73839839
v -1.59591361 -8.08356720 1.64119761
v -1.76316401 -8.09137040 1.72175119
v -1.76006720 -7.84896720 1.67428560
v -1.61089920 -7.84362160 1.64258881
v -1.54998960 -8.00007760 1.60226800
v -1.80310319 -8.03630000 1.72519680
v -1.61993839 -8.12047520 1.58822079
v -1.74462321 -8.13988320 1.64843039
v -1.55851280 -7.91341600 1.61413999
v -1.79860960 -7.88924240 1.69582640
v -1.58410879 -8.08037040 1.59519601
v -1.77793279 -8.11991920 1.68477279
v -1.78460480 -7.81319360 1.57722401
v -1.60426320 -7.81528720 1.56603200
v -1.53698481 -7.97603360 1.52141120
v -1.80677520 -8.03134160 1.69758400
v -1.60049439 -8.11830800 1.52096881
v -1.79646400 -8.15502400 1.61149440
v -1.55468000 -7.88407200 1.54559121
v -1.81864720 -7.88343920 1.65140879
v -1.56266479 -8.06419520 1.51593599
v -1.80220321 -8.12404560 1.66059920
v -1.98880400 -7.91275040 1.89806640
v -1.89348800 -7.90457520 1.90010560
v -1.85994880 -8.00699280 1.84612559
v -2.01930720 -8.02986960 1.84951601
v -1.91308960 -8.09614480 1.81870959
v -1.95415200 -8.09694800 1.82050960
v -1.87385360 -7.93861120 1.88176480
v -2.01317760 -7.96982400 1.88126161
v -1.88028320 -8.07064160 1.83248161
v -1.98919760 -8.07277760 1.83227841
v -1.99190400 -7.89374560 1.84168640
v -1.89449120 -7.88083440 1.84332561
v -1.86235200 -7.99572080 1.82535519
v -2.01507440 -8.02253360 1.82534559
v -1.91098960 -8.09674480 1.80017521
v -1.95121920 -8.09644480 1.79923601
v -1.87505680 -7.93117840 1.83949281
v -2.01287760 -7.95725200 1.84662559
v -1.87898640 -8.06723840 1.81114719
v -1.98575840 -8.07123840 1.80844399
v -1.97639920 -7.89648480 1.79248161
v -1.90639920 -7.88670960 1.79084560
v -1.86165840 -7.98584880 1.80332080
v -2.00450240 -8.01969760 1.79837841
v -1.90709280 -8.09917760 1.78927681
v -1.94841920 -8.09828080 1.78373761
v -1.88099280 -7.91287040 1.79488481
v -1.99776960 -7.94771600 1.79264559
v -1.87725360 -8.07067120 1.79604879
v -1.98152560 -8.07097440 1.78347361
v -1.96632720 -7.89068800 1.72066081
v -1.90173040 -7.87877360 1.71646079
v -1.84625360 -7.98378160 1.76154239
v -1.99886640 -8.02326640 1.74459520
v -1.89475200 -8.11361840 1.72625761
v -1.94375040 -8.11606080 1.71637921
v -1.87919920 -7.88892640 1.72599681
v -1.98769760 -7.93888000 1.73242960
v -1.85701280 -8.10305600 1.73502639
v -1.98202880 -8.08711840 1.72624799
v -1.95295520 -8.09644800 1.83366880
v -1.99283360 -8.07637760 1.85251281
v -2.01791040 -8.03486960 1.87184719
v -1.97159600 -7.92551920 1.92716640
v -1.99187440 -7.99829600 -0.39802960
v -1.91398640 -8.09594480 1.83376881
v -1.90619600 -7.91634400 1.93060560
v -1.88292560 -7.94884720 1.91276799
v -1.86348160 -8.01422880 1.88196161
v -2.00924160 -7.97466000 1.90339279
v -1.87908000 -8.07163840 1.85998801
v -1.96903040 -7.88401920 1.68252800
v -1.89923680 -7.87103440 1.67688879
v -1.83748480 -7.99021120 1.74743758
v -1.99743360 -8.02569920 1.72799680
v -1.99639040 -7.88520960 -0.41549040
v -1.88821600 -8.12782640 1.69131519
v -1.94508640 -8.12583280 1.68213679
v -1.87113040 -7.88288400 1.69409039
v -1.98506160 -7.93104400 1.70919841
v -1.85004400 -8.11362480 1.71318880
v -1.97335680 -8.09892640 1.70037759
v -1.98357120 -7.85088160 1.58989921
v -1.87442720 -7.83916400 1.59826801
v -1.82341600 -8.00202240 1.70889201
v -1.99443040 -8.00556480 1.70162319
v -1.98539761 -7.76742320 -0.42292160
v -1.85516719 -8.14704880 1.62456640
v -1.96288160 -8.10203120 1.61921439
v -1.84472080 -7.89136560 1.65864800
v -1.99976960 -7.89824400 1.64968239
v -1.82717041 -8.11920320 1.65979919
v -1.99139440 -8.07254640 1.67280720
v -2.07048400 -7.97935680 1.97387441
v -2.04467440 -8.03163360 2.02611520
v -2.15109520 -8.02546800 2.02258879
v -2.12576080 -7.97021760 1.97831041
v -2.05204320 -8.00422720 2.03548720
v -2.14546240 -7.99979120 2.03839360
v -2.12252800 -7.98532560 1.98708241
v -2.07781680 -7.98348960 1.98504321
v -2.02413360 -8.07200880 1.94422559
v -2.16922640 -8.07625120 1.93989279
v -2.13316080 -7.95661600 1.94647121
v -2.06998400 -7.95711920 1.94276799
v -2.02906960 -8.06407600 2.00174160
v -2.13056080 -7.96144880 1.95897281
v -2.16619360 -8.06274960 1.99337919
v -2.06824800 -7.96264880 1.95333361
v -2.07681040 -8.05610400 2.05522480
v -2.07571040 -8.01852560 2.06489680
v -2.06450880 -8.13175760 1.95116159
v -2.06524160 -8.09707920 2.02348241
v -2.12855120 -8.09304640 2.02378241
v -2.11668560 -8.01329280 2.07003599
v -2.13084800 -8.13486080 1.94702559
v -2.12192160 -8.05057440 2.05672800
v -2.06491200 -7.99455840 2.03712320
v -2.13066080 -7.99466160 2.03469360
v -2.12322800 -7.98892560 1.99057601
v -2.08254960 -7.98672560 1.98897601
v -2.07641360 -8.00172720 2.06106082
v -2.11758880 -8.00052720 2.06146402
v -2.16738720 -8.06821520 1.89941760
v -2.07228400 -7.95218640 1.92103681
v -2.13749360 -7.95611920 1.92324001
v -2.02936960 -8.06970880 1.91382240
v -2.07124480 -8.13465440 1.89318799
v -2.13004480 -8.13365760 1.88471279
v -2.04531040 -7.99909760 1.97740401
v -2.15593440 -7.99869760 1.98714320
v -2.05717920 -7.99285840 1.98897280
v -2.14856560 -7.99679440 1.99671200
v -2.03460560 -8.01454800 1.93962881
v -2.17223600 -8.01863840 1.94073520
v -2.16910320 -8.01553840 1.96216960
v -2.03573840 -8.00163360 1.96599921
v -2.14263280 -7.99246160 1.99794800
v -2.06634800 -7.98952560 1.99590881
v -2.17283600 -8.01543840 1.91910400
v -2.03730560 -8.01395440 1.91909761
v -2.14182320 -8.04050560 2.04082640
v -2.05647280 -8.01258960 2.04675281
v -2.03330240 -8.10081200 1.94492560
v -2.15368880 -8.07544800 2.00658081
v -2.05154000 -8.05017120 2.03608082
v -2.03963520 -8.08037440 2.00533839
v -2.13862640 -8.00525680 2.05259520
v -2.15591840 -8.10191840 1.94118959
v -2.06724480 -7.99749440 2.04655601
v -2.12715760 -7.99495840 2.04535920
v -2.03973840 -8.10344480 1.90235680
v -2.15551840 -8.09901520 1.88894879
v -2.15340160 -7.93034880 1.85032559
v -2.06251200 -7.91808000 1.85266159
v -2.03420560 -8.03773520 1.82543921
v -2.17049040 -8.03520240 1.81556719
v -2.07467760 -8.10448080 1.80166560
v -2.12041520 -8.10331680 1.79832642
v -2.03814160 -7.97771200 1.84118319
v -2.16933280 -7.97959280 1.84035679
v -2.04557120 -8.07411040 1.80973121
v -2.15642160 -8.08384640 1.80549520
v -2.15310160 -7.92755200 1.80031760
v -2.06241200 -7.90745040 1.80391439
v -2.03480880 -8.03090240 1.80390161
v -2.17112640 -8.02747280 1.79160001
v -2.07457760 -8.09898400 1.78796401
v -2.12017600 -8.09898400 1.78322480
v -2.03884480 -7.96544320 1.80894399
v -2.16993280 -7.96792080 1.80925361
v -2.04297120 -8.06947760 1.79592961
v -2.15582160 -8.08054960 1.78755760
v -2.13719360 -7.91488320 1.76454879
v -2.07578720 -7.90585360 1.76267841
v -2.03974800 -8.02920240 1.78232799
v -2.16929360 -8.02424000 1.76784241
v -2.07557760 -8.09475120 1.77789841
v -2.11817920 -8.09778720 1.77076240
v -2.04214480 -7.96114640 1.77090480
v -2.16479680 -7.96202080 1.76848479
v -2.04217440 -8.06877760 1.78366719
v -2.15428560 -8.08134960 1.76692961
v -2.12815760 -7.91411920 1.67211999
v -2.06691520 -7.90335360 1.67998559
v -2.03411520 -8.02864480 1.73905280
v -2.16196080 -8.02791200 1.69455119
v -2.07408080 -8.11353120 1.71044321
v -2.11051040 -8.10849840 1.70591361
v -2.04134801 -7.94897440 1.70655279
v -2.14905600 -7.94948800 1.68178879
v -2.03864160 -8.07928560 1.74035601
v -2.14381680 -8.09126400 1.70018081
v -2.11857600 -8.10921680 1.81222480
v -2.15538560 -8.08574640 1.82802961
v -2.16598720 -8.04323840 1.83609841
v -2.14112960 -7.94041440 1.87772559
v -2.07567760 -8.10751360 1.81512801
v -2.07368400 -7.93104880 1.87832560
v -2.03974160 -7.99022000 1.86281759
v -2.03590560 -8.04696800 1.85070959
v -2.16859680 -7.98826160 1.85878479
v -2.04696800 -8.08104320 1.82723280
v -2.12392160 -7.90908000 1.64251999
v -2.06521840 -7.89238800 1.64868240
v -2.02988240 -8.02561200 1.72245440
v -2.16746081 -8.03015120 1.67635278
v -2.06914801 -8.12524560 1.67870401
v -2.11664640 -8.12091280 1.65587279
v -2.03924800 -7.93939600 1.68776399
v -2.14775600 -7.94755520 1.65661840
v -2.04094480 -8.08542160 1.72001839
v -2.15035601 -8.08393440 1.66100879
v -2.12541841 -7.88478800 1.57033520
v -2.05182000 -7.86245040 1.57979439
v -2.01901360 -8.00436800 1.69998399
v -2.16426080 -8.01364640 1.64714959
v -2.04444159 -8.13628960 1.62162080
v -2.12531200 -8.13479280 1.57542240
v -2.02968240 -7.90711600 1.64284319
v -2.15419200 -7.92211440 1.59833839
v -2.03277921 -8.07255280 1.67146800
v -2.15878879 -8.08567360 1.62023679
v -2.21199840 -7.98747440 1.85191599
v -2.19286080 -8.02681360 1.88919440
v -2.29124560 -8.01304800 1.88092240
v -2.26727200 -7.98664160 1.85304879
v -2.20019360 -8.01011200 1.89239121
v -2.28461280 -8.00637920 1.88445520
v -2.26737520 -7.99511040 1.85908161
v -2.21633120 -7.99491040 1.85804881
v -2.17675920 -8.05555280 1.82330640
v -2.31138000 -8.05502320 1.81343440
v -2.27704400 -7.97800880 1.82393921
v -2.20616240 -7.97920560 1.82484241
v -2.17715600 -8.05975600 1.85744881
v -2.27444400 -7.98134160 1.83620799
v -2.31118320 -8.03842160 1.85341280
v -2.20706240 -7.98090560 1.83501121
v -2.21279520 -8.04371520 1.91936481
v -2.21623120 -8.02511680 1.91736480
v -2.20935600 -8.13973920 1.80830159
v -2.21672800 -8.10670000 1.89823039
v -2.28470960 -8.10173440 1.89155841
v -2.26877520 -8.02522000 1.91606161
v -2.28346720 -8.13087360 1.81299841
v -2.27774400 -8.04775440 1.91553200
v -2.20716240 -8.00757920 1.89189121
v -2.27594720 -8.00618240 1.88435201
v -2.26264240 -7.99531040 1.86531441
v -2.21703120 -7.99914640 1.86461761
v -2.22476720 -8.01414800 1.91132880
v -2.26093920 -8.01231520 1.91082882
v -2.30734080 -8.05735600 1.78522802
v -2.20586240 -7.97397280 1.81044081
v -2.28078000 -7.97197280 1.81184079
v -2.18135920 -8.05638560 1.79380001
v -2.21712801 -8.12660000 1.75601840
v -2.28336400 -8.11943440 1.75482160
v -2.19466080 -8.00691200 1.85858481
v -2.28541280 -7.99684640 1.85978161
v -2.20242960 -8.00317920 1.86481761
v -2.27874400 -8.00024640 1.86511441
v -2.18139200 -8.00790880 1.82674239
v -2.30875040 -8.01104800 1.82110640
v -2.30071440 -8.01001520 1.83980801
v -2.18045600 -8.01294480 1.84214401
v -2.27311120 -8.00274640 1.87638640
v -2.20836240 -8.00247920 1.87285041
v -2.30764720 -8.01014800 1.80246880
v -2.18499200 -8.00310880 1.81307679
v -2.28690960 -8.02891680 1.89996321
v -2.20462960 -8.01634800 1.90799280
v -2.18408560 -8.09556080 1.81153761
v -2.30958320 -8.06309200 1.87555359
v -2.19829360 -8.03768240 1.90809601
v -2.19235760 -8.08412960 1.88362560
v -2.28237680 -8.01814800 1.90256001
v -2.30614400 -8.09169840 1.81303440
v -2.20836240 -8.00951520 1.90409601
v -2.27674720 -8.00787920 1.90005680
v -2.19525760 -8.10472960 1.76822321
v -2.30563760 -8.08973120 1.77102641
v -2.29084560 -7.94269920 1.72684799
v -2.20392640 -7.93526320 1.72888720
v -2.18025920 -8.03831680 1.70371041
v -2.31367361 -8.03215120 1.70461039
v -2.21962480 -8.10919520 1.68846961
v -2.28036720 -8.10256240 1.68373360
v -2.18932800 -7.97253200 1.71741840
v -2.30240800 -7.98077440 1.72335119
v -2.19345760 -8.08462160 1.69010559
v -2.30713760 -8.06489040 1.69470560
v -2.29234560 -7.93092720 1.69678400
v -2.20192640 -7.91685520 1.69254480
v -2.18105920 -8.03861360 1.68910879
v -2.31650960 -8.02558240 1.67970719
v -2.22306080 -8.11112800 1.67720401
v -2.28187040 -8.10142640 1.67426800
v -2.18832800 -7.97373520 1.68990880
v -2.30424720 -7.97220240 1.69121199
v -2.19265761 -8.08058560 1.68053679
v -2.31267681 -8.05825440 1.67073201
v -2.28038000 -7.93006000 1.65901199
v -2.21329840 -7.92209120 1.66163840
v -2.18239520 -8.03851360 1.67550399
v -2.32085200 -8.02287920 1.65797601
v -2.22355760 -8.11302800 1.66644159
v -2.27753760 -8.10655920 1.66420880
v -2.19286400 -7.95996320 1.67101039
v -2.29967840 -7.96356320 1.66011200
v -2.19335760 -8.09079040 1.66783519
v -2.31148000 -8.05875120 1.65997281
v -2.28338319 -7.93380240 1.58852721
v -2.21723760 -7.91095840 1.59698641
v -2.18499840 -8.03741680 1.65033360
v -2.31682240 -8.02041520 1.60473839
v -2.21952799 -8.11930320 1.62656639
v -2.27623761 -8.11103760 1.61033199
v -2.18842800 -7.94689440 1.62349599
v -2.30161760 -7.97297440 1.59166640
v -2.19545761 -8.10066240 1.63309279
v -2.30391121 -8.07872800 1.60743521
v -2.28176400 -8.11389840 1.72781520
v -2.30400160 -8.08125920 1.73588400
v -2.30493760 -8.04602320 1.74638881
v -2.27914080 -7.95446800 1.75809039
v -2.22002800 -8.11802800 1.72401520
v -2.21139840 -7.94763200 1.75549359
v -2.19132800 -7.98620400 1.76179361
v -2.18743120 -8.04974960 1.74135279
v -2.29837520 -7.99000720 1.76472959
v -2.19879360 -8.10262960 1.72201201
v -2.28438639 -7.93524480 1.55363681
v -2.21794401 -7.89948960 1.56468959
v -2.18399840 -8.04385600 1.64036800
v -2.31608639 -8.02445760 1.58207759
v -2.21379841 -8.12851760 1.59506639
v -2.27810480 -8.12354880 1.58113839
v -2.19073121 -7.94639760 1.60776159
v -2.30492081 -7.97321680 1.56297281
v -2.19386081 -8.10450160 1.62013361
v -2.29967840 -8.09627520 1.57654161
v -2.27755041 -7.88726320 1.49713039
v -2.20604559 -7.88946000 1.51394559
v -2.17322960 -8.01987920 1.63634479
v -2.31418959 -8.02545760 1.55632319
v -2.18515280 -8.13852880 1.55579120
v -2.28053760 -8.12561760 1.50606319
v -2.18623760 -7.92002080 1.58109761
v -2.30725999 -7.93404480 1.51407441
v -2.17289039 -8.08177360 1.60443520
v -2.30157840 -8.11112240 1.53324319
v -2.33916001 -7.97592000 1.56569198
v -2.45031680 -7.98095600 1.51463840
v -2.35809760 -8.10131440 1.55064799
v -2.44811680 -8.07854400 1.52063519
v -2.36283681 -7.92304000 1.54285119
v -2.42454640 -7.93544480 1.51877761
v -2.33656639 -8.04016560 1.57636400
v -2.46087920 -8.03693600 1.51623839
v -2.33622719 -7.97258720 1.54545440
v -2.45888880 -7.97615920 1.47093039
v -2.34559280 -8.10794720 1.53294321
v -2.43794480 -8.09872080 1.48499599
v -2.35620401 -7.91720720 1.51898079
v -2.43495439 -7.92991200 1.47780239
v -2.32749439 -8.03522960 1.55875919
v -2.46935440 -8.04834080 1.47313039
v -2.33229760 -7.93174800 1.50277281
v -2.48186560 -7.97839520 1.40798160
v -2.33069120 -8.11322240 1.52167441
v -2.42543360 -8.11096160 1.42427679
v -2.35287439 -7.90153840 1.46109439
v -2.44832639 -7.91857920 1.40911759
v -2.32195839 -8.02735760 1.55342319
v -2.47982000 -8.04768000 1.40687839
v -2.10309040 -7.94361440 1.92343681
v -1.75370800 -8.03832800 2.15220641
v -1.75370160 -8.08239680 2.14040162
v -1.74656880 -8.14637520 2.08572479
v -1.73115760 -8.16073120 2.02457921
v -1.71542000 -8.16420000 1.90094081
v -1.70688720 -8.16310000 1.85873600
v -1.70255120 -8.14869200 1.83006880
v -1.69692160 -8.13332640 1.80277201
v -1.68177760 -8.12573280 1.66926479
v -1.68177441 -8.13170480 1.61549120
v -1.69647281 -8.13621280 1.56164721
v -1.71885920 -7.88897360 1.85802401
v -1.72259840 -7.89480640 1.88349441
v -1.72713120 -7.91754400 1.92959918
v -1.75370800 -8.02352640 2.14343759
v -1.73356720 -7.94362400 1.96897439
v -1.72986720 -7.92651600 1.94720080
v -1.73276720 -7.95639280 1.97710400
v -1.74717200 -8.01202160 2.12857201
v -1.73490320 -7.96820080 1.99030879
v -1.74403600 -7.98016960 2.03945281
v -1.74697200 -8.00045280 2.11797361
v -1.70095440 -7.75600720 1.53330960
v -1.69982160 -7.81765760 1.65978401
v -1.71566240 -7.86717200 1.80125041
v -1.70575760 -7.84342800 1.71949359
v -1.71876240 -7.88083760 1.83155359
v -1.75362080 -7.67650000 1.26105521
v -1.68870960 -7.72163920 1.25968960
v -2.01667120 -7.71455280 1.28037679
v -1.96256160 -7.70244000 1.29134480
v -2.20872640 -7.78866400 1.17754560
v -2.16338559 -7.76292800 1.21649601
v -2.44122800 -7.91119600 1.13360720
v -2.38874480 -7.87284560 1.14531201
v -2.32568960 -7.82710800 1.12471359
v -2.49473280 -7.99886080 1.16574000
v -2.50004640 -8.06704240 1.15145839
v -2.25687360 -7.80000000 1.15887280
v -2.11018080 -7.74545920 1.25623439
v -2.06257600 -7.72141840 1.26894720
v -1.90112720 -7.69179920 1.28565759
v -1.83726000 -7.67252720 1.27910160
v -1.74740159 -7.62917440 1.13108320
v -1.69870160 -7.67815440 1.14551440
v -2.01430720 -7.61864880 1.11350239
v -1.95070880 -7.60074400 1.11799840
v -2.21528000 -7.69815680 1.00613281
v -2.16009920 -7.67386000 1.05209680
v -2.38518960 -7.83730000 0.88354160
v -2.34404160 -7.79118880 0.88838480
v -2.29509119 -7.73656640 0.90641440
v -2.43616959 -7.90188480 0.91152401
v -2.46133840 -7.98162160 0.92753921
v -2.25076401 -7.70582880 0.95353841
v -2.10415360 -7.64849120 1.08914801
v -2.06230480 -7.63588960 1.10439359
v -1.88611840 -7.59510320 1.12172719
v -1.82327519 -7.59702160 1.13206800
v -1.98879920 -8.08863840 -0.32166959
v -1.75792195 -7.55801526 0.92105200
v -1.71363479 -7.60409251 0.90438543
v -1.97871562 -7.49645600 0.94871932
v -1.92077782 -7.48650909 0.92652325
v -1.98952240 -8.13354960 -0.24417440
v -2.17439146 -7.54093383 0.80082605
v -2.14048058 -7.52004826 0.84700566
v -2.35883040 -7.77465280 0.65535920
v -2.26568970 -7.61242330 0.67235830
v -2.40195039 -7.88511920 0.67363999
v -2.22282627 -7.56778643 0.73754067
v -2.08928758 -7.50882726 0.89029745
v -2.03973418 -7.51617638 0.93560915
v -1.85901881 -7.49609818 0.91465754
v -1.80080244 -7.52765520 0.92021398
v -1.73379683 -7.54336480 0.70567757
v -1.95477264 -7.38639798 0.76144249
v -1.90507657 -7.36994960 0.73946624
v -2.17445587 -7.41594301 0.63136905
v -2.10503546 -7.41083120 0.69367565
v -2.30842881 -7.59817760 0.10248000
v -2.30303725 -7.46849440 -0.02405280
v -2.28319124 -7.46736266 0.44419430
v -2.38159360 -7.82476240 0.66329599
v -2.34962801 -7.84727040 0.44174080
v -2.23268409 -7.43994330 0.56298835
v -2.05720438 -7.40534243 0.73530548
v -2.00559844 -7.40093879 0.75742416
v -1.83988596 -7.37362570 0.67825994
v -1.77716864 -7.46716365 0.70299437
v -1.63350640 -7.78288640 1.25087680
v -1.58799521 -7.84407280 1.26182960
v -1.56412479 -8.08273360 1.27394480
v -1.56332960 -7.95030000 1.26921521
v -1.65110160 -7.74066880 1.12165761
v -1.60015920 -7.79318000 1.14421040
v -1.63675120 -7.99389360 1.10464079
v -1.59385120 -7.91414000 1.11175200
v -1.67136481 -7.67707760 0.89411840
v -1.65408800 -7.74726400 0.91499519
v -1.70521680 -7.89894000 0.87707601
v -1.65970481 -7.81911920 0.90773601
v -1.67097921 -7.73460800 0.73219201
v -1.71453120 -7.89835120 0.67705920
v -1.68892400 -7.80378640 0.70905200
v -2.47472401 -8.13052400 1.16074240
v -2.26185441 -8.17859360 1.18813280
v -2.40213920 -8.16815040 1.17037200
v -2.32156720 -8.18287200 1.17863120
v -2.44732240 -8.05396880 0.93385760
v -2.30121520 -8.15709200 0.96255121
v -2.40864080 -8.10226400 0.93595761
v -2.37009680 -8.14397680 0.95381839
v -2.40131919 -7.95011200 0.66357681
v -2.32773120 -8.09778640 0.63554719
v -2.38995361 -8.00078400 0.64113601
v -2.37808800 -8.03971760 0.60589839
v -2.34960880 -7.90999920 0.42750480
v -2.29268161 -8.07234880 0.33204479
v -2.34305920 -7.97134000 0.39961761
v -2.32673360 -8.02886720 0.37142561
v -1.73158080 -8.17068400 1.30718719
v -1.84108400 -8.17347040 1.32069200
v -1.92046400 -8.15990480 1.31286399
v -1.99743920 -8.15113280 1.29129839
v -2.08809759 -8.15446080 1.26123280
v -2.14927119 -8.16305440 1.23549520
v -2.20698401 -8.17045760 1.20617040
v -1.63045281 -8.13763520 1.29188239
v -2.30218609 -7.29752486 0.07893850
v -1.92610641 -8.03873040 0.80789761
v -2.00781760 -8.06790720 0.78213040
v -2.08846481 -8.09574800 0.74045841
v -2.15100719 -8.12038880 0.71802560
v -1.75841520 -7.97036720 0.84836639
v -1.81108880 -8.05438160 1.07732480
v -1.90156560 -8.07896160 1.07549201
v -1.99184560 -8.08839760 1.06352641
v -2.06232401 -8.09857280 1.03469199
v -2.13863520 -8.12144160 1.00552479
v -1.69664320 -8.03387680 1.08058881
v -2.19387759 -8.11073280 -0.06977839
v -2.22775761 -8.04465280 -0.11045440
v -2.23781841 -7.98000080 -0.10241841
v -2.21275440 -8.08543120 -0.08965841
v -1.71876879 -7.99153200 -0.20412160
v -1.73598720 -8.09035760 -0.17068080
v -1.77896080 -8.13403120 -0.11009600
v -1.69637281 -7.94338960 0.07267600
v -1.69578400 -8.04828240 0.06398880
v -1.73530560 -8.08921520 0.09354640
v -1.71042000 -7.91430800 0.30476319
v -1.72259520 -7.99239920 0.30749041
v -1.83095680 -8.02479920 -0.37086400
v -2.06210080 -8.12304800 -0.23082880
v -2.07296641 -8.08627280 -0.28879040
v -2.08240080 -8.00826000 -0.34326641
v -1.87038800 -8.14498560 -0.20862241
v -1.85051920 -8.09944480 -0.29541999
v -2.16728080 -8.06074320 -0.20920880
v -2.18279840 -7.99583040 -0.22362481
v -2.14337761 -8.10122160 -0.17806000
v -1.70160400 -7.84075280 0.30905440
v -1.70320977 -7.61667280 0.69957683
v -1.68195520 -7.68375600 0.70356241
v -2.10651001 -7.67566960 -0.31921920
v -2.07103623 -7.44263949 -0.22016889
v -2.08663359 -7.55540025 -0.28865584
v -2.10694320 -7.78435600 -0.34651680
v -2.09438480 -7.90020960 -0.35704720
v -2.20325760 -7.74084161 -0.15219200
v -1.76188480 -7.05577970 0.21486985
v -2.19714793 -7.60253593 -0.11372684
v -2.20117840 -7.83099200 -0.18875680
v -2.19363279 -7.91631280 -0.21104640
v -2.25606639 -7.76454960 -0.03245439
v -0.05510416 0.32746069 0.31963296
v -2.24900080 -7.83923120 -0.06174000
v -2.24438719 -7.90791600 -0.08370160
v -1.73941345 -7.31648864 0.31851418
v -1.68824800 -7.75954640 0.31239199
v -1.68449120 -7.66402502 0.31522838
v -1.69430368 -7.55703920 0.32373418
v -1.71187172 -7.44136035 0.32812797
v -1.71687031 -7.45352826 0.15313374
v -1.69762480 -7.82960000 0.09468160
v -1.72703867 -7.32970976 0.15867577
v -1.71255360 -7.58124163 0.13083734
v -1.70654960 -7.70517760 0.10396400
v -1.74756005 -7.34123686 -0.02708662
v -1.76210982 -7.47253043 -0.05176560
v -1.72313681 -7.88074240 -0.20716960
v -1.74436480 -7.75308720 -0.15644240
v -1.76367520 -7.61733200 -0.09922896
v -1.96381108 -7.50192854 -0.35669402
v -1.83353987 -7.65385955 -0.30070390
v -1.81047840 -7.77168560 -0.35068000
v -1.80404560 -7.89104080 -0.37950400
v -1.84951869 -7.51016295 -0.26090090
v -1.86436019 -7.38044576 -0.21534266
v -1.96676288 -7.38174781 -0.33111894
v -1.84031061 -7.05210592 0.43873575
v -2.25587269 -7.15635315 -0.02016196
v -2.20464485 -7.46362182 -0.10674803
v -2.05720134 -7.17975312 -0.18415891
v -1.87205191 -7.13660980 -0.21140458
v -1.77178522 -7.12712483 -0.07051958
v -1.94621111 -7.16642276 -0.29588618
v -1.75434373 -7.07894724 0.07657289
v -2.17547800 -7.19470457 -0.10566377
v -2.15485806 -7.30840608 0.52823319
v -1.93615600 -7.25361703 0.64033981
v -1.97934314 -7.65613373 -0.39754237
v -2.26451036 -7.32248464 0.35493092
v -2.31308545 -7.57245065 0.26570237
v -1.74974876 -7.20680314 0.13119050
v -1.97124593 -7.26607127 -0.30665417
v -2.28068143 -7.32441728 -0.02115139
v -2.19007191 -7.33441043 -0.10074179
v -2.07588827 -7.31079952 -0.20703062
v -1.87647779 -7.24617349 -0.18515545
v -2.32782058 -7.71649130 0.25197825
v -1.85558285 -7.20706662 0.53994508
v -1.90034206 -7.22723834 0.61110698
v -1.76167491 -7.18933833 0.27876400
v -1.97730960 -7.27467459 0.64525025
v -2.02748279 -7.28480797 0.62957671
v -2.08171112 -7.29150797 0.59445927
v -1.77993018 -7.22812340 -0.04370595
v -2.21971536 -7.32786788 0.46323312
v -2.33037114 -7.59880973 0.44295165
v -0.02344849 0.33341751 0.31103625
v -2.26581440 -7.61990240 -0.01296080
v -0.08807506 0.26148762 0.33372515
v -0.12105425 0.15550389 0.32416982
v -0.15957912 0.01035324 0.31311450
v -0.19640321 -0.15254260 0.30758631
v -0.22095556 -0.32543272 0.31871172
v -0.24424086 -0.50796658 0.35302881
v -0.27030361 -0.72619021 0.39530482
v -0.36383198 -1.31737039 0.44190717
v -0.46541001 -1.64712429 0.42898920
v -0.58117145 -1.96359338 0.40410206
v -0.71082414 -2.25333392 0.39611886
v -0.82032123 -2.49525941 0.39796142
v -0.90813052 -2.72347512 0.40015039
v -0.97341783 -2.94475258 0.39263169
v -1.02303787 -3.16021950 0.36658353
v -1.10201779 -3.40348086 0.25594395
v -1.13834528 -3.63818929 0.20184646
v -1.12279386 -3.88300733 0.18155402
v -1.11046942 -4.20872941 0.16780759
v -1.13353177 -4.56420264 0.15541801
v -1.21806407 -4.95870123 0.14205616
v -1.34235712 -5.39211136 0.14777609
v -1.52671678 -6.00358316 0.14911574
v -2.23999163 -6.51672334 0.13599937
v -1.69025474 -6.55036613 0.20099883
v -1.75937483 -6.86129554 0.26193856
v -2.25299519 -8.10047520 0.17199439
v -2.29292079 -8.03956880 0.18440961
v -2.31160399 -7.97995760 0.19074961
v -2.31514159 -7.86458960 0.23901281
v -2.31557279 -7.92374160 0.21912240
v -1.70307440 -7.84111200 0.51285200
v -1.72018000 -7.94450960 0.49417120
v -1.68345361 -7.77532880 0.52623921
v -1.68051441 -7.71471120 0.50799601
v -1.68470013 -7.63769696 0.49801667
v -1.70883120 -7.54261782 0.50044764
v -1.78615238 -7.32007773 0.47186225
v -1.74419296 -7.43760967 0.49784345
v 0.00000000 0.32274607 0.30837878
v -1.79593146 -7.04405960 0.33411523
v -1.80433383 -7.18446594 0.40806464
v -2.36412361 -7.71549760 0.43736887
v -2.25122160 -8.14828560 0.96475280
v -2.20180880 -8.14594640 0.97299039
v -2.29609040 -7.74178880 0.09579600
v -2.34888160 -7.78922000 0.43893920
v -2.31704185 -7.70364570 0.66191878
v -2.29668949 -7.43364528 0.26002093
v -2.28871360 -7.82243440 0.08298800
v -2.31703200 -7.80180960 0.24291120
v -2.28384401 -7.88838640 0.07145120
v -2.28127040 -7.95141040 0.04632079
v -2.27420960 -8.01426240 0.02346799
v -2.25737041 -8.06383760 0.03415761
v -2.22291681 -8.11120480 0.04741119
v -2.26925599 -8.11464240 0.66458800
v -2.20791359 -8.12800000 0.69775839
v -2.25195760 -8.10088480 0.34115920
v -2.13021040 -8.12746880 0.40940479
v -1.76142000 -7.98178320 0.63982081
v -2.20358240 -8.11834400 0.36059680
v -2.00598961 -8.15295920 -0.15116400
v -1.81963600 -8.16376560 0.00494719
v -1.78330559 -8.05874160 0.32476240
v -2.06206320 -8.14059680 -0.16259520
v -1.88067680 -8.16769200 -0.11980480
v -2.13043521 -8.12669840 -0.13917200
v -1.76091600 -8.01430240 0.47477441
v -1.95457680 -8.16933600 0.05040720
v -1.87283601 -8.16356720 0.11486800
v -1.78456720 -8.12069680 0.14717119
v -2.17156801 -8.13469680 0.01882399
v -2.06439120 -8.16140000 0.01630881
v -2.11216000 -8.15232800 0.01037440
v -2.17087439 -8.13767040 0.17225600
v -2.21264960 -8.12250320 0.17074800
v -1.93087680 -8.13009680 0.30359520
v -2.00518480 -8.14923120 0.24556080
v -2.09946959 -8.14820320 0.18376240
v -1.86344719 -8.09094960 0.37039840
v -1.82122960 -8.03664160 0.47947360
v -1.93965680 -7.94835680 1.99979039
v -1.94189280 -7.96095840 2.02376079
v -1.94055680 -7.96809440 2.04055919
v -2.09714800 -8.10221520 2.03375119
v -2.09714800 -8.13385760 1.94906159
v -2.10008400 -8.05510720 2.06426079
v -2.25012800 -8.11846400 1.68876960
v -2.25032801 -8.12660000 1.72197921
v -2.25032800 -8.12346400 1.75541840
v -2.23906880 -7.99964640 1.87842241
v -1.94055360 -8.11564960 1.92459760
v -1.93341760 -8.09574480 1.83416880
v -1.93362080 -8.09804480 1.81960961
v -1.93118480 -8.09514160 1.79937521
v -1.94239279 -8.05524000 2.15137682
v -1.93765360 -8.11332320 2.11994081
v -1.93875360 -8.13839360 1.99667599
v -2.24742801 -8.13680320 1.81120161
v -2.09755440 -7.95561920 1.94517121
v -2.09685440 -7.96075200 1.95627279
v -2.24463760 -7.92529440 1.73048400
v -2.24873760 -7.91118960 1.69388081
v -2.24933760 -7.91062240 1.65874479
v -2.24883120 -8.11160000 1.90163041
v -2.24553760 -8.04978720 1.91766480
v -2.09684480 -8.09634800 1.77496560
v -2.08778560 -7.86578640 1.54739120
v -2.09685440 -7.88598480 1.63318399
v -2.09855440 -7.89278160 1.66498399
v -2.24924400 -7.89739280 1.54909441
v -2.23947841 -7.87115520 1.47830959
v -2.23169360 -8.14045840 1.50041440
v -2.10299040 -7.89424240 1.76124881
v -2.24120480 -7.97053680 1.83734721
v -2.24160480 -7.96390400 1.82727841
v -2.24290160 -7.95746800 1.81397681
v -2.25377680 -7.91076480 1.58762401
v -2.24290480 -8.02531680 1.91636160
v -1.94026320 -7.87744400 1.78854240
v -1.94249920 -7.87216560 1.84128641
v -1.94076320 -7.89217040 1.90150240
v -1.93926320 -7.90821120 1.92870558
v -1.94409280 -7.97372400 2.05566079
v -1.94329280 -7.97806000 2.06199361
v -1.94469280 -7.98412880 2.06962641
v -1.94449600 -7.99226160 2.08622480
v -2.35161600 -8.12455680 1.45157999
v -2.37729280 -8.11975520 1.50463359
v -2.24942801 -8.12006400 1.67536801
v -2.09705440 -7.97482080 1.97527439
v -1.92526480 -7.82239840 1.56018640
v -1.93109760 -7.86531120 1.66712320
v -1.93283040 -7.87514400 1.71302479
v -2.10064480 -8.13305440 1.88894879
v -2.24290480 -8.01221520 1.91162882
v -2.24070480 -8.00747920 1.90206000
v -2.23946880 -8.00477920 1.89048801
v -2.10288720 -7.89833920 1.80131759
v -2.10308720 -7.91264400 1.85346160
v -2.10358720 -7.92401280 1.88046160
v -1.94529600 -7.99983360 2.12170641
v -1.94623200 -8.00890240 2.14054401
v -1.94639600 -8.02350720 2.14594081
v -1.94409600 -8.03256960 2.15501281
v -1.92785200 -8.09867440 1.78627361
v -1.91928320 -8.11491840 1.72101841
v -1.91728000 -8.12642960 1.68577919
v -1.92486400 -8.14628800 1.55456561
v -2.24120480 -7.99591360 1.86611761
v -2.23990480 -7.98643840 1.86158479
v -2.24010480 -7.97890560 1.85395199
v -2.09714480 -8.10791360 1.81312801
v -2.09744480 -8.10498080 1.80052962
v -2.09684480 -8.09948400 1.78606400
v -2.39727919 -7.90273520 1.49370399
v -2.09909040 -7.99376160 2.03349040
v -2.09824800 -8.00282720 2.06256082
v -2.09878400 -8.02022560 2.06973280
v -2.24250160 -7.94159920 1.76149039
v -2.39617919 -7.90813200 1.52934641
v -2.39473360 -8.10704720 1.52690719
v -2.24952800 -8.12056080 1.66694481
v -2.24429520 -8.11173120 1.61880079
v -2.24450159 -8.13655360 1.58830719
v -2.07444159 -8.13742560 1.55830800
v -2.09287919 -8.12204560 1.66784481
v -2.09281520 -8.11109520 1.70831361
v -2.09918720 -7.99639760 2.04305600
v -2.10009040 -7.99326160 2.00428080
v -2.09805440 -7.98862560 1.98827601
v -2.09705440 -7.98598960 1.98374641
v -2.34992241 -8.01448720 1.72728961
v -2.33605680 -8.03502160 1.77150400
v -2.42667280 -8.02895280 1.76049281
v -2.41067120 -8.01175120 1.72235360
v -2.34512560 -8.03035280 1.77459760
v -2.41984000 -8.02202000 1.76452562
v -2.40693520 -8.01378720 1.72698640
v -2.35285841 -8.01578400 1.73092241
v -2.31488321 -8.05399520 1.71499121
v -2.44741041 -8.04429360 1.70795201
v -2.41750721 -7.99254640 1.70958479
v -2.35035841 -7.99384640 1.71392081
v -2.32455201 -8.06543120 1.75016641
v -2.41417121 -7.99888240 1.71611759
v -2.44007761 -8.04579360 1.73148642
v -2.35045840 -7.99817920 1.72135681
v -2.35789440 -8.05302000 1.80784642
v -2.36362720 -8.04081840 1.80390721
v -2.35575519 -8.12567680 1.69181760
v -2.35999441 -8.10620320 1.77037440
v -2.42757281 -8.09573440 1.75796319
v -2.40533840 -8.04042160 1.79977122
v -2.43240881 -8.10727520 1.69745039
v -2.41007120 -8.05492320 1.79987440
v -2.35165841 -8.02461680 1.77633360
v -2.41217440 -8.02132000 1.76502562
v -2.40290240 -8.01478720 1.73151920
v -2.35445521 -8.01842000 1.73442241
v -2.36416320 -8.03218560 1.79637122
v -2.40040560 -8.03108880 1.78999921
v -2.45034319 -8.04782960 1.69464722
v -2.35075840 -7.98357440 1.70485521
v -2.41864000 -7.98901360 1.70241599
v -2.31881921 -8.05035920 1.69325359
v -2.35859119 -8.12591280 1.68185200
v -2.43404161 -8.10663920 1.68588480
v -2.34109280 -8.02475600 1.74902720
v -2.42223680 -8.01618720 1.74175522
v -2.34662561 -8.02202000 1.75216000
v -2.41530400 -8.01578720 1.74548801
v -2.32065201 -8.01872000 1.71168799
v -2.43674161 -8.01568720 1.70964880
v -2.43474481 -8.02062000 1.72475041
v -2.32928480 -8.02445280 1.73332561
v -2.41007440 -8.01568720 1.75122402
v -2.35235840 -8.01892000 1.75416001
v -2.43887761 -8.01248720 1.69698001
v -2.32125201 -8.01522320 1.70192239
v -2.42577600 -8.04052160 1.77853360
v -2.34792560 -8.03438560 1.79050241
v -2.32718799 -8.08499840 1.69678641
v -2.44197761 -8.07146400 1.74579439
v -2.34239281 -8.04565120 1.79054160
v -2.33372080 -8.08106880 1.76183842
v -2.42004320 -8.02955280 1.77953041
v -2.45024640 -8.08196880 1.70168001
v -2.35559440 -8.02795280 1.78770241
v -2.40927440 -8.02785280 1.77833041
v -2.32818799 -8.08883440 1.68872081
v -2.45064320 -8.08076880 1.68717841
v -2.41610400 -7.96617280 1.67430639
v -2.35559440 -7.95580080 1.67030959
v -2.32699439 -8.03699360 1.65317841
v -2.45344321 -8.03082800 1.65830480
v -2.35779119 -8.12541280 1.64157681
v -2.42897279 -8.09600640 1.63887041
v -2.33092401 -7.99098240 1.65824400
v -2.43724161 -7.98904960 1.66697361
v -2.33362079 -8.08150160 1.64590961
v -2.45961521 -8.05873120 1.65093600
v -2.42797601 -7.95197120 1.65790481
v -2.35085840 -7.94223520 1.64857200
v -2.33199440 -8.03459680 1.62760479
v -2.45847921 -8.01745920 1.63746721
v -2.35689121 -8.11354400 1.60646719
v -2.42667279 -8.08747360 1.60846080
v -2.33532079 -7.98594960 1.63417040
v -2.44057760 -7.98291680 1.64803599
v -2.33605681 -8.07466880 1.62053601
v -2.46141521 -8.05409840 1.62546240
v -2.42981521 -7.94587760 1.62379840
v -2.35619759 -7.93920560 1.61613279
v -2.33333040 -8.03509680 1.61843599
v -2.46401519 -8.01865920 1.62052959
v -2.36112719 -8.11074720 1.60039841
v -2.42587599 -8.08643760 1.59755920
v -2.33635681 -7.97798080 1.61796880
v -2.44431361 -7.97285120 1.62680159
v -2.33895681 -8.07446880 1.60956719
v -2.46231521 -8.05513440 1.61753281
v -2.42254640 -7.93367280 1.59166559
v -2.36513359 -7.93550880 1.58522960
v -2.33513040 -8.03309680 1.60627040
v -2.46281520 -8.01606240 1.59355921
v -2.36532720 -8.10287520 1.59012961
v -2.42687599 -8.08253760 1.59062640
v -2.33765999 -7.97858720 1.60203440
v -2.44711679 -7.96811520 1.59456241
v -2.34369279 -8.07630480 1.59809839
v -2.46441839 -8.05129840 1.59929841
v -2.43654479 -8.10333920 1.67571600
v -2.45334321 -8.07503600 1.68004879
v -2.44930719 -8.04219680 1.68277840
v -2.41780401 -7.97410880 1.68851121
v -2.36049119 -8.12701280 1.67198320
v -2.35205521 -7.97220560 1.68985039
v -2.32455201 -8.00695120 1.68268479
v -2.32235841 -8.04706240 1.67945199
v -2.43754161 -8.00021840 1.68387519
v -2.32988481 -8.09217040 1.67725520
v -2.39866961 -8.12331280 1.63967681
v -2.39343360 -8.13548160 1.66765039
v -2.39113359 -8.13444560 1.67731599
v -2.37642880 -8.01688400 1.75496000
v -2.39083359 -8.13164880 1.68424559
v -2.38410080 -7.95590400 1.67584241
v -2.38993681 -7.95097120 1.65296879
v -2.39183680 -7.93570880 1.61796559
v -2.38619760 -8.10640320 1.77047119
v -2.38166480 -8.06175600 1.81487919
v -2.37552880 -7.98851040 1.71641761
v -2.37672880 -7.98067760 1.71048481
v -2.37872880 -7.98257760 1.70171601
v -2.39507601 -7.92503680 1.58746560
v -2.38306480 -8.04485440 1.80480401
v -2.39343359 -8.11394400 1.60593121
v -2.38006480 -8.03458560 1.79503521
v -2.38056800 -8.02511680 1.78296642
v -2.38026800 -8.02102000 1.77016160
v -2.37692880 -8.01598720 1.73182241
v -2.37662880 -8.01498720 1.72708641
v -2.37532880 -8.01148720 1.72195361
v -2.38346481 -7.97270880 1.68805039
v -2.39303359 -8.11051120 1.59706240
v -2.39059760 -8.10831120 1.58942961
v -2.40158240 -7.88596640 1.41778321
v -2.36946320 -8.10041120 1.55771679
v -2.38780079 -8.10220800 1.54934799
v -1.56471040 -7.97668640 1.38975682
v -1.58721200 -7.89559200 1.37523680
v -2.49448559 -8.07724720 1.24324640
v -2.49490161 -8.00546240 1.23715600
v -2.45886879 -7.96058240 1.24669841
v -1.61538081 -7.82913520 1.36481200
v -1.68776400 -7.76076000 1.38532479
v -1.76750480 -7.73344000 1.39821841
v -1.85151280 -7.75804640 1.41642960
v -1.91708640 -7.77618240 1.41369360
v -1.96832080 -7.78532960 1.40683600
v -2.02213361 -7.78926720 1.39533120
v -2.06297439 -7.79880800 1.37929359
v -2.10768241 -7.81115200 1.36753119
v -2.16946240 -7.81588320 1.33059680
v -2.21317040 -7.83104720 1.28742960
v -2.26091760 -7.85169120 1.27227039
v -2.44413520 -8.13835360 1.26350880
v -2.36811759 -8.17221760 1.28480720
v -1.55484800 -8.08898720 1.39851121
v -1.59394319 -8.14452480 1.41041281
v -1.70661040 -8.17500160 1.42632880
v -1.80835600 -8.17924880 1.44090559
v -1.88246400 -8.16828000 1.44401361
v -2.30093600 -8.17530800 1.30627760
v -2.24973120 -8.16523600 1.32477600
v -2.18708240 -8.17578320 1.35998240
v -2.13884160 -8.15493920 1.37677761
v -2.07043519 -8.15363920 1.40431520
v -1.94712800 -8.17365520 1.42594480
v -2.34260880 -7.86922720 1.23736880
v -2.40752480 -7.90796800 1.23383440
v -1.83627360 -8.13522800 0.19921840
v -0.72674529 -0.79681272 1.11270729
v -0.50109436 -0.88305333 0.91017481
v -0.36803533 -0.95448764 0.66503974
v -0.30826892 -0.99263480 0.43104429
v -0.29711567 -1.00254802 0.22343355
v -0.37282643 -0.97964205 -0.00035483
v -0.54245003 -0.92695714 -0.23068400
v -0.79355239 -0.85767349 -0.44812869
v -1.07715455 -0.79702732 -0.56551179
v -1.33673802 -0.72048488 -0.57957112
v -1.57429391 -0.63987311 -0.46807065
v -1.77624903 -0.57669822 -0.27350977
v -1.92227954 -0.51903656 -0.03940062
v -1.98118817 -0.49103286 0.24437633
v -1.98562818 -0.46822148 0.50781465
v -1.92216781 -0.46605273 0.72762921
v -1.80689588 -0.47264324 0.93529364
v -1.61891897 -0.51630184 1.12482682
v -1.33935749 -0.59382951 1.24667216
v -1.02263585 -0.68281643 1.27750866
v -0.30108800 8.20652080 1.46449120
v -0.33687200 8.20692078 1.46179120
v -0.43433680 8.16803680 1.37411040
v -0.43013680 8.17413362 1.38890720
v -0.42454000 8.17953038 1.39790720
v -0.40424640 8.19192721 1.42430080
v -0.37315920 8.20102398 1.44949760
v -0.26220400 8.19752401 1.46219120
v -0.18203600 8.15094640 1.42810400
v -0.19293280 8.14584958 1.42280720
v -0.20722640 8.14105279 1.43080400
v -0.18933280 8.16224323 1.43420400
v -0.19472960 8.16954003 1.44500080
v -0.18163600 8.15604643 1.43130080
v -0.42464320 8.14664641 1.37880720
v -0.23331360 8.13675601 1.44529760
v -0.26590080 8.13345598 1.45709760
v -0.20352640 8.17523679 1.44920080
v -0.30328800 8.13085923 1.46139440
v -0.22821680 8.18673037 1.45429760
v -0.34577200 8.12885921 1.45819440
v -0.38465600 8.13285599 1.42900080
v -0.40894960 8.13795278 1.40240400
v -0.43203680 8.15504319 1.36741360
v -0.43453680 8.16144001 1.36471360
v -0.43623680 8.16453997 1.36741360
v -0.21632320 8.13795279 1.43400080
v -0.42744000 8.15014641 1.37321040
v 0.33707200 8.20592398 1.46908800
v 0.29988800 8.20752078 1.47618800
v 0.33597200 8.22151440 1.47068800
v 0.29838800 8.21961761 1.47918800
v 0.33657200 8.23241120 1.46839120
v 0.29788800 8.23061121 1.47878800
v 0.37435920 8.20122397 1.45839120
v 0.37475600 8.21431762 1.45769120
v 0.37645600 8.22281438 1.45349440
v 0.40774640 8.19092721 1.43499760
v 0.40824640 8.20402082 1.43749760
v 0.41584320 8.21201762 1.43420080
v 0.42974000 8.17863038 1.40930080
v 0.43613680 8.18682723 1.40520400
v 0.44303680 8.19562399 1.40550720
v 0.43353680 8.17283358 1.39590400
v 0.44513360 8.18053038 1.39190720
v 0.45503040 8.18543041 1.38391040
v 0.44133680 8.16573678 1.38380720
v 0.44993040 8.17113358 1.37431040
v 0.46062720 8.17413361 1.36751360
v 0.44123680 8.16343998 1.37351040
v 0.45293040 8.16473680 1.36371360
v 0.46232720 8.16393681 1.35731680
v 0.43953680 8.15734000 1.36851040
v 0.45113040 8.15803997 1.35871360
v 0.46092720 8.15644322 1.35402000
v 0.43543680 8.15154318 1.36871040
v 0.44613360 8.14844637 1.35801360
v 0.45822720 8.14554641 1.35342000
v 0.42774320 8.14274640 1.38010720
v 0.43514000 8.13045278 1.37171040
v 0.44203360 8.12055597 1.36341360
v 0.41344960 8.13305278 1.40530400
v 0.41704640 8.11875598 1.39420720
v 0.42354320 8.11056241 1.38250720
v 0.38635600 8.12515597 1.43479760
v 0.38855600 8.10726241 1.42670080
v 0.39245280 8.09716557 1.41790400
v 0.35056880 8.09536880 1.43799760
v 0.34846880 8.10336561 1.44839440
v 0.34877200 8.12165918 1.46109440
v 0.30598480 8.09367200 1.45039440
v 0.30458800 8.10356563 1.45559440
v 0.30178800 8.12255921 1.46909120
v 0.26370400 8.09736880 1.45299440
v 0.26350400 8.10806560 1.45629440
v 0.26590080 8.12645601 1.46309440
v 0.22611680 8.10466561 1.45189760
v 0.23011680 8.11376238 1.45269760
v 0.22991680 8.12985603 1.45199760
v 0.17753600 8.12315920 1.44240080
v 0.18663280 8.12685601 1.43920080
v 0.20192640 8.13695283 1.43600080
v 0.26240400 8.19972397 1.47199120
v 0.25810400 8.21222080 1.47268800
v 0.25640400 8.22171441 1.47348800
v 0.22821680 8.18673037 1.46339440
v 0.22222000 8.19822400 1.46969120
v 0.21742000 8.20592081 1.47289120
v 0.20122640 8.17353681 1.45629440
v 0.19352960 8.18413362 1.45969440
v 0.18832960 8.18952718 1.46549120
v 0.17463920 8.16094318 1.43600080
v 0.16594240 8.16403999 1.44439440
v 0.15574240 8.16693998 1.44509120
v 0.16914240 8.15464638 1.43020080
v 0.15954560 8.15714318 1.43969440
v 0.15214560 8.15924321 1.44129440
v 0.17064240 8.15014641 1.42760080
v 0.15704560 8.14634641 1.43829760
v 0.15024560 8.14564959 1.44169440
v 0.17753600 8.14184961 1.42860400
v 0.16044560 8.13864958 1.43919760
v 0.15214560 8.13655283 1.44209760
v 0.43603680 8.09427198 1.35902000
v 0.40174960 8.07997841 1.38841040
v 0.35566560 8.07128479 1.41640400
v 0.30278480 8.06978477 1.43479760
v 0.25340720 8.07408160 1.44279760
v 0.21142320 8.08617522 1.44689440
v 0.15514560 8.11746243 1.44559440
v 0.45942720 8.21182078 1.39271040
v 0.47522080 8.19392720 1.36882000
v 0.48391760 8.17843357 1.35402640
v 0.48631760 8.16553997 1.34692640
v 0.48651760 8.15524638 1.34562960
v 0.48391760 8.14435281 1.34342960
v 0.46062720 8.11326560 1.34472320
v 0.34307200 8.25380799 1.47138480
v 0.29379120 8.25440798 1.48178160
v 0.38785280 8.24570799 1.44899440
v 0.42893680 8.23021439 1.42610400
v 0.24620720 8.24081117 1.47908160
v 0.20862320 8.22371438 1.48048160
v 0.17703600 8.20992078 1.47818480
v 0.14035200 8.17873359 1.45618800
v 0.13115520 8.16174321 1.44488800
v 0.13085520 8.14614961 1.44358800
v 0.13735200 8.13075597 1.44309120
v 0.17793600 8.17313681 1.45189440
v 0.17173920 8.17673362 1.45409120
v 0.18813280 8.16583998 1.44829760
v 0.15524560 8.19532719 1.46828480
v 0.12025840 8.19173038 1.46518160
v 0.10995840 8.17084002 1.45238160
v 0.10946160 8.15114643 1.45268160
v 0.11785520 8.13585600 1.45248480
v 0.13735200 8.21152398 1.47407840
v 0.09846480 8.19612722 1.48236880
v 0.09036800 8.16943683 1.47426880
v 0.09326480 8.14574640 1.47167200
v 0.10086160 8.12705601 1.47097520
v 0.11545840 8.22022081 1.49076880
v 0.07417120 8.19092720 1.50945600
v 0.06867440 8.15713677 1.50005600
v 0.07797120 8.13474638 1.50015600
v 0.08556800 8.11075920 1.49905920
v 0.08946800 8.22361443 1.51455600
v 0.06147760 8.03457522 1.60112400
v 0.04798080 8.18402398 1.51844320
v 0.04548080 8.15173363 1.51994320
v 0.05058080 8.11364640 1.53424000
v 0.06457760 8.07626241 1.55074000
v 0.06147760 8.21371441 1.52224320
v 0.03318720 8.04466879 1.60421760
v 0.02549040 8.18182082 1.52763680
v 0.02509040 8.15163362 1.53583360
v 0.02859040 8.11644322 1.54883040
v 0.03398720 8.08405599 1.56792400
v 0.02949040 8.20541122 1.52803680
v 0.44773040 8.08547838 1.35492320
v 0.40814320 8.06668482 1.37971360
v 0.35686240 8.05699119 1.40650400
v 0.29948800 8.05599119 1.42849760
v 0.24371040 8.06348800 1.43939440
v 0.19772640 8.07787838 1.44509440
v 0.13524880 8.11826559 1.45058800
v 0.47492080 8.21651761 1.38541360
v 0.49311440 8.19992718 1.36222640
v 0.50211120 8.18093362 1.34703280
v 0.50350800 8.16733999 1.34203600
v 0.50301120 8.15474639 1.33893600
v 0.49861120 8.14315599 1.33643600
v 0.47452080 8.10816882 1.34042960
v 0.34476880 8.26460161 1.48167840
v 0.28799120 8.26560161 1.49447520
v 0.39364960 8.25690483 1.45548800
v 0.43713040 8.23991121 1.42390400
v 0.24021040 8.25620481 1.49277200
v 0.19722640 8.24100803 1.49027520
v 0.16234240 8.22801758 1.48367840
v 0.51890160 8.18943039 1.34093920
v 0.51380480 8.20592083 1.35762960
v 0.49501120 8.22521121 1.38321680
v 0.15213920 7.92653282 1.50736240
v 0.05897760 7.95200401 1.65840800
v 0.02908720 7.94889761 1.68159840
v 0.14064880 8.24191120 1.50046560
v 0.10745840 8.24630477 1.52145280
v 0.07797120 8.24330162 1.53564320
v 0.03818720 8.23169842 1.53433680
v 0.34506880 8.27628880 1.49296560
v 0.28069760 8.27698883 1.51225920
v 0.40344320 8.26929197 1.46557840
v 0.46062080 8.25030478 1.42580080
v 0.22431680 8.27119522 1.51365920
v 0.17723600 8.25620159 1.51366240
v 0.34587200 8.30607598 1.51555920
v 0.26530080 8.30327600 1.53834640
v 0.41774000 8.29607919 1.48137520
v 0.48461440 8.27459201 1.43040080
v 0.19972640 8.29518242 1.54364640
v 0.14344560 8.27049197 1.53474960
v 0.11165520 8.01389759 1.54145280
v 0.41734000 8.04709440 1.37521360
v 0.19332320 7.88844557 1.48327200
v 0.51870160 8.17143998 1.33224240
v 0.51790160 8.15374958 1.32944240
v 0.51310480 8.13875597 1.32824240
v 0.53529200 8.19922718 1.33134880
v 0.53169840 8.22221437 1.34743920
v 0.51650480 8.24990157 1.37692320
v 0.36206240 8.03490082 1.40010400
v 0.39614960 7.96072641 1.40469760
v 0.53709200 8.17624002 1.32145200
v 0.53269200 8.15375280 1.31415200
v 0.52859520 8.13036243 1.31474880
v 0.50810480 8.08588160 1.32083600
v 0.14164240 7.89854240 1.51785920
v 0.08766800 7.92711997 1.63911440
v 0.06367760 7.92061363 1.68010160
v 0.03668720 7.91191041 1.70549200
v 0.10555840 7.92722641 1.59533040
v 0.17203280 7.85725517 1.49406560
v 0.34187520 8.34556003 1.53615280
v 0.25270720 8.35246000 1.55574000
v 0.42474000 8.33576640 1.49027520
v 0.49791120 8.31937597 1.42920400
v 0.15643920 8.34916642 1.56753360
v 0.10426160 8.29198563 1.55984000
v 0.55758560 8.21692079 1.30985840
v 0.54988880 8.24910481 1.32864880
v 0.53819840 8.28688882 1.36582640
v 0.45522080 7.98092003 1.36771040
v 0.08836800 8.02568799 1.57463680
v 0.55758240 8.18484002 1.30146480
v 0.55308240 8.15245603 1.29456160
v 0.54518560 8.12186881 1.29425840
v 0.52769520 8.06819123 1.30483920
v 0.49360800 7.93303602 1.35591680
v 0.04728080 8.29137918 1.55733360
v 0.34317520 8.39854081 1.53065920
v 0.25230720 8.40533440 1.55284640
v 0.42464000 8.38485039 1.48407840
v 0.50211440 8.36246001 1.42010400
v 0.18723280 8.99559442 1.31716160
v 0.06817440 8.36965363 1.57473360
v 0.34607520 8.44902159 1.52156560
v 0.25290400 8.45621519 1.54865280
v 0.42584320 8.43033120 1.46908800
v 0.50161440 8.40054719 1.40181040
v 0.15963920 8.40842799 1.56713680
v 0.06686259 8.41122162 1.56893680
v 0.15944240 8.46290563 1.56464320
v 0.06757120 8.46769922 1.56024000
v 0.39655920 8.68412242 1.41081360
v 0.29519440 8.71850642 1.46099760
v 0.48892080 8.63934158 1.33394560
v 0.54739200 8.56497043 1.23128080
v 0.18003280 8.63113200 1.51766880
v 0.08607120 8.64242881 1.52076240
v 0.41914640 8.80527119 1.32494240
v 0.30688800 8.86054882 1.38022960
v 0.50840800 8.73170001 1.23127440
v 0.56867600 8.64123843 1.12612240
v 0.19023280 8.74409360 1.48528800
v 0.09037120 8.75758722 1.48978160
v 0.58567600 8.23651442 1.27977440
v 0.57828560 8.27399839 1.30285840
v 0.55479520 8.32207922 1.34863600
v 0.58167280 8.19813678 1.26428080
v 0.57837280 8.15415918 1.25917440
v 0.56887600 8.11317519 1.26076800
v 0.55118240 8.04040083 1.27924560
v 0.60677280 8.25091437 1.23168400
v 0.59538240 8.29918881 1.26476800
v 0.56489520 8.35506959 1.32484240
v 0.60806640 8.20173681 1.21399040
v 0.63925360 8.28169840 0.98915760
v 0.62196000 8.38475363 1.04503840
v 0.59336960 8.48051201 1.13081600
v 0.65465040 8.17424002 0.95066720
v 0.66325040 8.06908163 0.92797040
v 0.66165040 7.96011999 0.91917040
v 0.62606000 7.76059360 0.95986400
v 0.62195360 8.42353757 0.94817680
v 0.59886000 8.53688638 1.02755760
v 0.60495360 8.57007681 0.96278000
v 0.08017120 7.75996803 1.69208880
v 0.07477440 7.76536481 1.70888560
v 0.08237120 7.78095517 1.71918240
v 0.09286800 7.80824562 1.71558560
v 0.09446800 7.83943919 1.70409520
v 0.09377661 7.89212958 1.66660480
v 0.11835840 7.84684242 1.64561440
v 0.11295840 7.89343278 1.60932080
v 0.14694240 7.84835520 1.53854960
v 0.14214560 7.87074880 1.53015280
v 0.15743920 7.82566479 1.51025920
v 0.08656800 7.70120321 1.57313360
v 0.12434880 7.72189681 1.52985600
v 0.13595200 7.78366797 1.62621760
v 0.16043920 7.74359043 1.49206880
v 0.06637760 7.88352322 1.70918880
v 0.03888720 7.87612001 1.72848240
v 0.06437760 7.81283920 1.73917600
v 0.03179040 7.81383919 1.75386960
v 0.05688080 7.78085202 1.74077280
v 0.02549040 7.78195203 1.75536640
v 0.05948080 7.74517440 1.69338880
v 0.05428400 7.74387121 1.70558240
v 0.04898400 7.76126158 1.73067600
v 0.02369360 7.75496158 1.74266960
v 0.04338720 7.73138079 1.67489520
v 0.03588720 7.72378400 1.68189200
v 0.03598720 7.73817442 1.71077920
v 0.01679680 7.73067441 1.71577600
v 0.04498720 7.71819042 1.63970800
v 0.03589040 7.70659361 1.64140800
v 0.02189360 7.71528719 1.67379520
v 0.01209680 7.70859042 1.67119520
v 0.05768080 7.70779682 1.60562080
v 0.05338080 7.68260638 1.60732080
v 0.02059360 7.69709998 1.63560800
v 0.01049680 7.69020321 1.63141120
v 0.14614240 7.74738723 1.52854960
v 0.15444560 7.77387762 1.56663680
v 0.11795200 7.72999361 1.53984960
v 0.11465520 7.76037440 1.62181760
v 0.12015520 7.76967119 1.62531760
v 0.13774880 7.76267758 1.57713360
v 0.12525200 7.75448078 1.58533040
v 0.12544880 7.74198721 1.55384320
v 0.13514560 7.74398721 1.54004640
v 0.08177120 7.75467120 1.67829520
v 0.06407760 7.74597439 1.68059200
v 0.05068400 7.73598081 1.66429840
v 0.05048400 7.73058723 1.63401120
v 0.06287760 7.72599040 1.60042400
v 0.08155619 7.72229359 1.57273680
v 0.10865520 7.70490319 1.54424640
v 0.10465840 7.72119679 1.54794640
v 0.10945840 7.78885840 1.68079840
v 0.16034240 7.78907120 1.55484000
v 0.16563920 7.76518080 1.50665600
v 0.11855520 7.82044882 1.66620480
v 0.15154240 7.82866163 1.54714320
v 0.15833920 7.81736479 1.51835600
v 0.02859040 7.67190962 1.61511760
v 0.01389680 7.66551282 1.61511760
v 0.11065520 7.73589041 1.55534320
v 0.10345840 7.75857441 1.61241760
v 0.11345520 7.75728078 1.58623040
v 0.11425200 7.74148722 1.56664000
v 0.08337120 7.75097121 1.66060160
v 0.06887440 7.74697441 1.66389840
v 0.06008080 7.74177762 1.65170480
v 0.05748080 7.74028081 1.62581440
v 0.06648941 7.74188397 1.59572400
v 0.08176800 7.73748719 1.57243360
v 0.09946160 7.73329040 1.55774000
v 0.07187440 7.56734162 1.62801440
v 0.04388400 7.57304157 1.62811120
v 0.01769360 7.55754160 1.63461120
v 0.13584240 7.71080321 1.52055920
v 0.08936800 7.67821282 1.57783360
v 0.11705520 7.68420958 1.54854320
v 0.26230400 7.44469281 1.45105639
v 0.22462000 7.50996722 1.50885920
v 0.10116160 7.76716800 1.67050160
v 0.09826480 7.75837117 1.65850160
v 0.09515299 7.75517119 1.64320800
v 0.10576160 7.77766481 1.68049840
v 0.24311040 7.49057682 1.47988098
v 0.26440400 7.45918962 1.45292797
v 0.18183280 7.39951200 1.50446240
v 0.22321680 7.41680240 1.47667200
v 0.20802320 7.59523839 1.52555600
v 0.24541040 7.42929920 1.46037840
v 0.19522640 7.54875122 1.54044960
v 0.19662960 7.52396079 1.53794960
v 0.23281360 7.56705119 1.51096240
v 0.22531680 7.52556079 1.51555920
v 0.24701040 7.50177038 1.47998098
v 0.28389760 7.45898962 1.44434334
v 0.28649440 7.43689598 1.44199734
v 0.10225840 7.74938402 1.56923680
v 0.09706160 7.76457122 1.60552400
v 0.10485840 7.76207762 1.58503040
v 0.10795520 7.74648399 1.57343680
v 0.08227120 7.74967118 1.64750800
v 0.07447440 7.75197439 1.64560800
v 0.06587440 7.75667441 1.63981120
v 0.06577440 7.75927441 1.61651760
v 0.07237440 7.76157762 1.59242720
v 0.08207120 7.74818081 1.57613360
v 0.09236480 7.75048079 1.56923680
v 0.08846800 7.76476803 1.63131440
v 0.08796800 7.77137119 1.60312400
v 0.09696480 7.76877437 1.58353040
v 0.08017120 7.76776799 1.62801440
v 0.07757120 7.76967122 1.60812400
v 0.08396800 7.77077440 1.58453040
v 0.07397120 7.76746803 1.62791440
v 0.26040400 7.41070557 1.44958160
v 0.23570179 7.39121202 1.46537840
v 0.18563280 7.36932161 1.49786880
v 0.25570720 7.46018641 1.45589058
v 0.25090720 7.44959280 1.45527840
v 0.23731360 7.43919598 1.46467520
v 0.21892000 7.42859599 1.48277200
v 0.18243280 7.41120563 1.51026240
v 0.23881360 7.48737682 1.47994679
v 0.22102320 7.50107042 1.50435920
v 0.10606160 7.54744803 1.61082080
v 0.16663920 7.53025759 1.56593680
v 0.19572960 7.51726722 1.53624960
v 0.21722320 7.49277359 1.50116240
v 0.19282960 7.50316719 1.53264960
v 0.21052320 7.48817682 1.49766240
v 0.18943280 7.49597361 1.52585280
v 0.20482640 7.48277998 1.48696560
v 0.18653280 7.48777677 1.51235920
v 0.19962960 7.48117999 1.48126880
v 0.18053600 7.48597679 1.50386240
v 0.19422960 7.48138002 1.47067200
v 0.17275101 7.48377998 1.49496560
v 0.24981040 7.46488642 1.45679058
v 0.24641040 7.45348961 1.45735318
v 0.23371680 7.48507682 1.47690619
v 0.24471360 7.46598639 1.45719057
v 0.24271360 7.45708640 1.45837840
v 0.22551680 7.48198001 1.47476880
v 0.23521680 7.46468642 1.45591579
v 0.23531680 7.46108638 1.45571579
v 0.21742320 7.47838001 1.46867200
v 0.23171680 7.46508323 1.45198160
v 0.23281680 7.46078641 1.44968480
v 0.21422320 7.47848001 1.46187520
v 0.23182000 7.47058320 1.43648800
v 0.23401680 7.46428320 1.43302859
v 0.21002640 7.47997997 1.45217840
v 0.20462640 7.47748639 1.46057840
v 0.20462320 7.46698641 1.47747520
v 0.20862320 7.45119277 1.48547200
v 0.21392000 7.44099279 1.48456880
v 0.23151680 7.44739278 1.46647520
v 0.22781680 7.45138960 1.46637520
v 0.22012000 7.46238638 1.45957840
v 0.22032000 7.46908639 1.44818480
v 0.22322000 7.46598318 1.42629120
v 0.21132640 7.47448319 1.43558800
v 0.16614240 7.51616402 1.56133680
v 0.16344240 7.50676720 1.55314000
v 0.16254240 7.49297359 1.53484960
v 0.04648400 7.55954802 1.63491120
v 0.11047341 7.53325441 1.60472080
v 0.10874979 7.51876078 1.59332720
v 0.10945840 7.50006718 1.56703360
v 0.02039360 7.55055120 1.63990800
v 0.07987440 7.55484802 1.62571440
v 0.08057120 7.53795120 1.61841440
v 0.08227120 7.52185762 1.60792080
v 0.08297120 7.50156721 1.57713040
v 0.05018080 7.53895119 1.62811120
v 0.05328080 7.52225760 1.61691760
v 0.05497760 7.50146719 1.58462720
v 0.02299360 7.53415442 1.63261120
v 0.02328179 7.51946083 1.62151440
v 0.02779040 7.49977040 1.58892720
v 0.15894240 7.48787682 1.52475280
v 0.10736160 7.49257041 1.55164000
v 0.08207120 7.49097362 1.55763680
v 0.05158080 7.48867357 1.56523680
v 0.02649040 7.48777682 1.56913680
v 0.16373920 7.47958322 1.49306560
v 0.17033920 7.46818643 1.50835920
v 0.17733600 7.44559283 1.51595920
v 0.18063280 7.42999923 1.51395920
v 0.12964019 7.35632798 1.51656240
v 0.13455200 7.40281200 1.53904960
v 0.11465840 7.47658318 1.53744960
v 0.11905520 7.46608642 1.54474640
v 0.12835200 7.44209597 1.54974320
v 0.13265200 7.42190238 1.54724640
v 0.05738080 7.34483121 1.52456240
v 0.06707440 7.39161842 1.56514000
v 0.05378080 7.47337998 1.56094000
v 0.05408080 7.46618638 1.56733680
v 0.06077760 7.43869600 1.57693360
v 0.06437760 7.41790881 1.57633360
v 0.18793280 7.49167362 1.51685600
v 0.20722640 7.48567682 1.49266560
v 0.22002000 7.48057999 1.47287200
v 0.23831360 7.46618639 1.45675318
v 0.23791360 7.45998638 1.45731579
v 0.20672320 7.45898957 1.48337200
v 0.22282000 7.45748959 1.46557520
v 0.16394240 7.50027038 1.54324640
v 0.11005840 7.50876398 1.58053040
v 0.08247120 7.51026398 1.59402400
v 0.05448080 7.51036400 1.60222080
v 0.02639040 7.50816399 1.60742080
v 0.17353600 7.45858963 1.51635920
v 0.12155520 7.45598958 1.55024320
v 0.05768080 7.45528960 1.57433360
v 0.08137120 7.48607679 1.53614960
v 0.10286160 7.48607679 1.53074960
v 0.14764560 7.48657683 1.51085920
v 0.05078080 7.47737999 1.55364000
v 0.11136160 7.48327678 1.53515280
v 0.15865101 7.48697997 1.47247520
v 0.02199360 7.48047999 1.53104640
v 0.04928400 7.48557998 1.52744640
v 0.19792960 7.48847682 1.45807840
v 0.16464240 7.49007677 1.48286880
v 0.23483181 7.47638000 1.41569440
v 0.24551360 7.47027682 1.40840080
v 0.20972640 7.48557679 1.43978480
v 0.23543181 7.45828320 1.40790080
v 0.20612640 7.46178319 1.42149440
v 0.08057120 7.49887681 1.53175600
v 0.10016480 7.50177358 1.52325600
v 0.14484880 7.49427361 1.50316240
v 0.05817760 7.48048002 1.53694960
v 0.10296160 7.48617681 1.52045920
v 0.17393600 7.47348322 1.44018160
v 0.02109360 7.49758003 1.53325600
v 0.05018400 7.49828001 1.52895600
v 0.21142320 7.52256080 1.45069120
v 0.16933920 7.52425759 1.46198160
v 0.26782762 7.49706401 1.39593402
v 0.27992122 7.48017037 1.39113722
v 0.22741680 7.51956078 1.43069760
v 0.25121040 7.44128001 1.40001360
v 0.21972000 7.43638323 1.40971040
v 0.06507440 7.52985441 1.51785600
v 0.09226800 7.52645437 1.50716240
v 0.14024880 7.52505442 1.48267200
v 0.06777440 7.45118637 1.52156240
v 0.11665840 7.45568322 1.49877200
v 0.18633280 7.44638320 1.42620080
v 0.01959680 7.52876082 1.52665280
v 0.04058720 7.52925763 1.52375600
v 0.21352640 7.57474162 1.45529120
v 0.17663920 7.58144160 1.47977840
v 0.27023622 7.52115761 1.38883722
v 0.28574483 7.48386717 1.37724362
v 0.23232000 7.56594477 1.43419760
v 0.25261040 7.40668960 1.39432000
v 0.21782320 7.39659603 1.40791360
v 0.06127760 7.57513838 1.51925600
v 0.08756800 7.57803842 1.51265920
v 0.14325200 7.58293842 1.49467200
v 0.06577760 7.40670240 1.51456560
v 0.12375520 7.41619917 1.48557840
v 0.18073600 7.40409598 1.42810400
v 0.01528499 7.57134163 1.52565280
v 0.03898720 7.57333843 1.52255280
v 0.21762960 7.62872562 1.45769120
v 0.17614240 7.63222562 1.48327840
v 0.27484803 7.55104801 1.37826403
v 0.29405344 7.49306398 1.36255862
v 0.23932000 7.61683197 1.43499760
v 0.25321040 7.38349601 1.38722320
v 0.21592320 7.36650558 1.40321680
v 0.05827760 7.62231922 1.52395600
v 0.08447120 7.62651921 1.51665920
v 0.14335200 7.63281920 1.49787200
v 0.06277760 7.36791841 1.50376880
v 0.12705520 7.37511200 1.47028480
v 0.17643600 7.37130882 1.42210720
v 0.01499680 7.61622241 1.53015280
v 0.03748720 7.62232239 1.52665280
v 0.22192960 7.69230639 1.45619440
v 0.17914240 7.69920318 1.48428480
v 0.29198886 7.58423838 1.35789405
v 0.30788566 7.50173719 1.33728003
v 0.24711680 7.67661281 1.42450400
v 0.25830720 7.35420559 1.36153280
v 0.21862000 7.32882160 1.37491680
v 0.06057760 7.69289680 1.51956240
v 0.08665939 7.69299680 1.51606880
v 0.14295200 7.69959999 1.50138160
v 0.04828080 7.30774720 1.44958800
v 0.13445200 7.32403439 1.41410080
v 0.17573600 7.32592802 1.38781040
v 0.01389680 7.67589997 1.52346240
v 0.03248720 7.68410001 1.52366240
v 0.21372320 7.76758082 1.38081680
v 0.17142419 7.78377121 1.39301360
v 0.31555011 7.62515780 1.30832506
v 0.34414371 7.52833078 1.28310784
v 0.25021040 7.74538717 1.36602320
v 0.27750080 7.35031201 1.29785520
v 0.23191680 7.31073118 1.30405200
v 0.05587760 7.79666162 1.43339440
v 0.08436800 7.79946157 1.42579760
v 0.13564880 7.79086803 1.40210720
v 0.06487760 7.24202767 1.35750832
v 0.13285200 7.28624399 1.33391238
v 0.18463280 7.29894081 1.31144560
v 0.00669680 7.77396802 1.43739440
v 0.03008720 7.78666483 1.43739440
v 0.21561680 7.85105202 1.25886160
v 0.18252960 7.86764557 1.26265840
v 0.34581690 7.68304184 1.20403123
v 0.36357274 7.55822117 1.18392582
v 0.26220400 7.82906158 1.25186480
v 0.30209120 7.37241201 1.17089680
v 0.24980720 7.33942161 1.16979680
v 0.06097440 7.90532639 1.28595200
v 0.09046480 7.90732960 1.28165200
v 0.14975421 7.88593922 1.27045840
v 0.06687760 7.21193217 1.18365277
v 0.14834560 7.25169198 1.18172202
v 0.20532320 7.29808162 1.17534957
v 0.00509680 7.87543603 1.28954880
v 0.03288400 7.89312961 1.28784880
v 0.26050080 7.89952962 1.06093520
v 0.22761360 7.92262323 1.06243520
v 0.37875920 7.71659041 1.03184800
v 0.39045600 7.58683200 1.00995440
v 0.30008480 7.86554239 1.05533840
v 0.31778160 7.37830880 1.00844579
v 0.27170080 7.33511841 1.00186080
v 0.08206800 7.95780718 1.07043200
v 0.12025200 7.96290718 1.06973200
v 0.18881459 7.93801681 1.06173520
v 0.07907120 7.19448473 1.01604358
v 0.16044240 7.22622403 1.01326240
v 0.22811680 7.26854609 1.00760176
v 0.00749680 7.92341682 1.07662880
v 0.04408080 7.94441039 1.07303200
v 0.26300080 7.85603601 0.84191840
v 0.22621680 7.87852959 0.84531520
v 0.39005600 7.69469683 0.81142800
v 0.37755920 7.59772883 0.79943440
v 0.30548800 7.82224881 0.83571840
v 0.31988160 7.40757558 0.79841078
v 0.29887120 7.33729717 0.77545485
v 0.08536800 7.91401360 0.85131200
v 0.12185520 7.91561358 0.85011200
v 0.19032960 7.89092318 0.84221520
v 0.08400077 7.08040885 0.68757389
v 0.18441184 7.21078411 0.66741600
v 0.26364304 7.25560446 0.71091565
v 0.01599680 7.89222322 0.86560880
v 0.05008080 7.90511678 0.85481200
v 0.23211360 7.76647117 0.64978880
v 0.19412960 7.78096477 0.65578560
v 0.35117200 7.66320960 0.61580160
v 0.33537840 7.60823198 0.58811120
v 0.27559760 7.74537757 0.63969200
v 0.23094042 7.48197999 0.56902080
v 0.22213126 7.39191518 0.56347389
v 0.07367440 7.80605517 0.66628240
v 0.10026480 7.80275521 0.66938240
v 0.15694240 7.78226162 0.67238240
v 0.06940163 7.26699861 0.56614493
v 0.12094966 7.29005357 0.56051271
v 0.17833046 7.32981400 0.56619142
v 0.01688499 7.79375838 0.67547920
v 0.03978720 7.80145837 0.66928240
v 0.16214240 7.64701921 0.54602720
v 0.15104560 7.66990965 0.54542720
v 0.24521040 7.61992881 0.53203360
v 0.22791680 7.58284158 0.53373360
v 0.17873600 7.64041921 0.54402720
v 0.17843600 7.53346082 0.53633040
v 0.16064240 7.51436717 0.53923040
v 0.05508080 7.67690645 0.54602720
v 0.07827120 7.66031280 0.54802720
v 0.12205520 7.67680645 0.54422720
v 0.04748400 7.48247998 0.53723040
v 0.08836800 7.49307680 0.54363040
v 0.13225200 7.49787357 0.53343360
v 0.01738179 7.65421603 0.56432080
v 0.03349040 7.67420645 0.54792720
v 0.25940400 7.52466401 1.48388097
v 0.30638480 7.45868963 1.43287249
v 0.27429760 8.61384483 1.49737840
v 0.37196560 8.58986079 1.46129440
v 0.45513360 8.55158000 1.39341680
v 0.53110480 8.49500557 1.31654560
v 0.63886000 8.26950478 1.08452560
v 0.64545360 8.18124319 1.05313520
v 0.62186640 8.35376959 1.13600960
v 0.59288240 8.42723761 1.22807760
v 0.18023600 7.33073438 1.48557520
v 0.12914019 7.31454078 1.50296880
v 0.05768080 7.30444402 1.51786880
v 0.30248800 7.42839920 1.42550054
v 0.07077760 7.02698080 1.33587675
v 0.14443631 7.03884614 1.31276205
v 0.12785200 7.26885359 1.49437200
v 0.27719760 7.38821519 1.43538800
v 0.24131040 7.36362159 1.45538160
v 0.06737760 7.24986322 1.53006240
v 0.18203600 7.29364718 1.45788160
v 0.53785891 7.50712330 1.07201437
v 0.56745238 7.58912055 0.99053682
v 0.50308145 7.33059208 1.03435531
v 0.60175872 7.63195440 0.58849845
v 0.55515135 7.39979329 0.73938332
v 0.52489120 7.30649763 0.78169927
v 0.48944977 7.24632402 0.84269043
v 0.44813355 7.20137106 0.91548411
v 0.35080454 7.12834724 1.07325808
v 0.06805293 7.00484369 1.27719833
v 0.52970387 7.34570648 0.57875596
v 0.14317393 7.01876497 1.25432614
v 0.56563916 7.40991772 0.49303540
v 0.52191407 7.24805467 0.53557743
v 0.55691176 7.30038421 0.44563763
v 0.52310573 7.12556680 0.49769449
v 0.55721158 7.17471897 0.40884925
v 0.53619067 6.99096343 0.46321933
v 0.57251409 7.04197381 0.37447927
v 0.58333077 6.87457471 0.42174523
v 0.60534627 6.92607935 0.33333974
v 0.63580366 6.77722132 0.36747797
v 0.67020043 6.84247813 0.27987254
v 0.72152158 6.71185490 0.31740462
v 0.75517382 6.76859978 0.23038234
v 0.47290338 7.22604934 0.69561560
v 0.50093228 7.27930277 0.64257695
v 0.45065685 7.14673542 0.66141830
v 0.49476985 7.19471541 0.60604923
v 0.45875922 7.04336497 0.62074423
v 0.49915909 7.08305194 0.56390716
v 0.48231020 6.91859895 0.58857531
v 0.51817702 6.95545871 0.52993413
v 0.51533842 6.79089069 0.55041590
v 0.55682368 6.83187626 0.49014632
v 0.58584097 6.68745572 0.50513054
v 0.61235574 6.72940120 0.43765367
v 0.65494378 6.59988387 0.45328394
v 0.70090128 6.66094233 0.39011681
v 0.43896603 7.18034597 0.74926678
v 0.44129898 6.88796345 0.64756421
v 0.47473915 6.75803679 0.61786055
v 0.53360562 6.64312235 0.57947979
v 0.61160475 6.55444374 0.52303819
v 0.06946754 6.97650505 1.13676858
v 0.14137520 6.98681333 1.10867582
v 0.32401081 7.08308077 0.93578945
v 0.06385707 6.95697248 1.00464832
v 0.13117199 6.96053654 0.99087596
v 0.29690241 7.02795416 0.87495793
v 0.05724708 6.86819165 0.92810312
v 0.11781111 6.87379451 0.91458057
v 0.27226757 6.94112835 0.82177183
v 0.05897265 6.72599887 0.92574822
v 0.23833554 6.77976025 0.83561561
v 0.11793806 6.73742597 0.90628850
v 0.25159427 6.37253668 0.76406680
v 0.29254213 6.80382887 0.79284173
v 0.06122980 6.60034156 0.86533238
v 0.26280533 6.64541111 0.79684328
v 0.12405751 6.61317268 0.85073876
v 0.21370049 6.49766129 0.79017848
v 0.31694963 6.66565115 0.76321647
v 0.06876578 6.46294638 0.81487297
v 0.28359551 6.51607871 0.76169315
v 0.14012918 6.47904269 0.80716341
v 0.19205701 6.62943989 0.82908016
v 0.35142535 6.54079495 0.73139113
v 0.07931135 6.33334229 0.77954899
v 0.33821352 6.40045096 0.73586178
v 0.16497837 6.34872929 0.77422223
v 0.17608177 6.75799540 0.86300212
v 0.41212610 6.43259656 0.69606850
v 0.56712972 7.35042643 0.32366850
v 0.56061440 7.22293066 0.28678183
v 0.56087473 7.09127281 0.25353103
v 0.60709116 6.98799508 0.21728899
v 0.67710697 6.89812196 0.17837469
v 0.76234635 6.81846407 0.13468152
v 0.51859158 7.39756761 0.19585808
v 0.52230541 7.26865277 0.16728208
v 0.54611558 7.14477104 0.14187465
v 0.58436483 7.02932068 0.11033825
v 0.65083717 6.92246918 0.08495786
v 0.72807818 6.83128833 0.04110045
v 0.43457263 7.42454343 0.07775858
v 0.44763154 7.29983515 0.07132260
v 0.48363535 7.17876584 0.05150176
v 0.52512501 7.06298078 0.03311618
v 0.59583430 6.94479431 -0.00079919
v 0.68184163 6.84183137 -0.04684506
v 0.35979298 7.44870311 0.00173541
v 0.36540175 7.33080361 -0.01228332
v 0.40100414 7.20498024 -0.02647580
v 0.43700623 7.08795902 -0.04383157
v 0.51530838 6.95562856 -0.07477009
v 0.60378185 6.83804132 -0.12495127
v 0.28304707 7.47456947 -0.07459059
v 0.29480317 7.35409814 -0.07808693
v 0.32166465 7.22482033 -0.09230524
v 0.34116172 7.10202114 -0.10726104
v 0.41840796 6.94865748 -0.14737831
v 0.50375383 6.81586015 -0.19937286
v 0.21182998 7.50590185 -0.12914691
v 0.22017694 7.37999269 -0.13217150
v 0.23632087 7.24755909 -0.14352096
v 0.25063441 7.10725562 -0.15488668
v 0.30252103 6.94579125 -0.20561211
v 0.38026320 6.79659263 -0.25778276
v 0.68473760 7.94843598 0.71844400
v 0.73991520 8.40175997 0.42236240
v 0.53660480 8.98854238 0.06640640
v 0.44414000 9.06521361 0.02342560
v 0.71402480 8.63577678 0.31060720
v 0.68853440 8.74423202 0.22404560
v 0.72761840 8.29819523 0.44814960
v 0.65632573 7.73091600 0.66859843
v 0.68184400 8.06818800 0.77971520
v 0.67894400 7.95863280 0.76451840
v 0.64805680 7.73931920 0.74764690
v 0.67514400 8.18754000 0.80250560
v 0.64854720 8.30038879 0.86759280
v 0.72791840 8.33498560 0.51352720
v 0.73251840 8.26090802 0.39117200
v 0.73351840 8.18333999 0.33609440
v 0.69553760 7.98642000 0.31989760
v 0.71873120 8.06149120 0.31390080
v 0.62126000 8.94954558 0.37639760
v 0.42104320 9.16635921 0.32172640
v 0.51120800 9.09658801 0.34891360
v 0.33147200 9.16803998 0.86073440
v 0.61041725 7.66490064 0.49384351
v 0.59023873 7.46731035 0.37407096
v 0.55318879 7.53501895 0.23720517
v 0.45854397 7.54697546 0.09329804
v 0.37921753 7.55858801 0.00537425
v 0.28939431 7.58826201 -0.08380676
v 0.21055370 7.60689599 -0.13463731
v 0.35029370 7.14425290 1.14409096
v 0.45538775 7.22475152 0.99668439
v 0.50170863 7.27492359 0.92595810
v 0.54191033 7.33976541 0.86217885
v 0.57450751 7.43415195 0.82037970
v 0.35137200 8.49840238 1.50667520
v 0.29109120 7.35613117 1.41139760
v 0.24621040 7.31934080 1.43789120
v 0.03538720 7.83422960 1.74877280
v 0.27069760 7.62203199 1.47664838
v 0.50000480 8.01900719 1.32832640
v 0.53479200 7.97872002 1.31203280
v 0.46082400 8.07168480 1.35022320
v 0.49211440 8.10167523 1.33483280
v 0.43243360 8.01680399 1.37291360
v 0.48081760 8.05139441 1.33912640
v 0.13974560 8.00310721 1.50656560
v 0.37785600 7.99881040 1.40150080
v 0.10455840 8.08607202 1.49196880
v 0.59276640 7.67773972 0.96912845
v 0.59480516 7.59347200 0.67940744
v 0.60669207 7.55233963 0.80175642
v 0.21939455 7.05256547 1.20087145
v 0.21623904 7.08492632 1.31210991
v 0.45637383 7.26310551 1.09414840
v 0.28100415 7.12150726 1.26116671
v 0.34449127 7.16280701 1.20767253
v 0.14720912 7.05435561 1.35615308
v 0.07187760 7.03944468 1.38213936
v 0.28904543 7.08949696 1.13712717
v 0.21772975 7.06903509 1.26509451
v 0.28531335 7.10509561 1.20529502
v 0.26948535 7.04851514 0.99837122
v 0.24675755 6.99840258 0.92469088
v 0.19300244 6.97532084 0.96239251
v 0.20813435 7.01383475 1.05832798
v 0.41310089 7.15376610 0.80491222
v 0.38243941 6.85806179 0.70640090
v 0.42246649 6.71623187 0.68442941
v 0.47634399 6.60427292 0.64115788
v 0.54872056 6.50594461 0.58801145
v 0.62647959 7.71632240 0.58725301
v 0.61707836 7.70781146 0.42067329
v 0.66485040 7.91394879 0.28111360
v 0.60982154 7.90241204 0.13615920
v 0.53307534 7.93086158 0.00707951
v 0.46216661 7.95853156 -0.12349058
v 0.36334584 7.97584883 -0.21774112
v 0.26953253 7.98824876 -0.27603022
v 0.68104080 7.98392000 0.26382000
v 0.63207734 8.00008006 0.10240896
v 0.55137600 8.03087365 -0.02340610
v 0.47694576 8.06811362 -0.15989114
v 0.37506042 8.09190720 -0.24449017
v 0.28379882 8.10470717 -0.30927166
v 0.69603440 8.05869120 0.25252640
v 0.63695040 8.12458480 0.06968400
v 0.56236960 8.16117522 -0.05347120
v 0.47979840 8.19886240 -0.18472000
v 0.39063360 8.22375599 -0.27547840
v 0.30136880 8.23845283 -0.34095280
v 0.72332480 8.23592080 0.26511680
v 0.65404080 8.36308881 0.07888720
v 0.58986320 8.43436320 -0.06114880
v 0.51109200 8.48845041 -0.18901040
v 0.42962720 8.52064083 -0.26927520
v 0.34726560 8.55223122 -0.32734960
v 0.73071840 8.35547923 0.34898800
v 0.71142800 8.55251201 0.19444560
v 0.64624400 8.65577361 0.08259360
v 0.57647280 8.74283843 -0.02566800
v 0.48121120 8.82240322 -0.11912000
v 0.39564960 8.89478080 -0.17810080
v 0.36365920 9.19383677 0.63021760
v 0.47511760 9.12156558 0.63021440
v 0.44772720 9.10076879 0.85263120
v 0.57747280 8.68732559 1.05894480
v 0.57937280 9.00271360 0.60961760
v 0.65904080 8.81758717 0.59591440
v 0.52470160 8.79757762 1.17250320
v 0.67943440 8.81130000 0.40718160
v 0.70102480 8.68815120 0.46565920
v 0.72461840 8.43234720 0.50103360
v 0.42534000 8.88723921 1.25857440
v 0.30958480 8.95151361 1.29756480
v 0.19043280 8.89963601 1.40382320
v 0.08657120 8.92082961 1.40862000
v 0.62774720 8.80639043 0.74856000
v 0.55098240 8.99241361 0.82144080
v 0.68243120 8.67964481 0.59921120
v 0.65933760 8.66324480 0.70766960
v 0.06861436 6.98807994 1.21914892
v 0.14286271 7.00330320 1.18917931
v 0.59972412 7.55706488 0.46097460
v 0.21673981 7.03543410 1.13060960
v 0.28493809 7.07352676 1.06618794
v 0.34198493 7.11231412 1.00081881
v 0.57717552 7.50407100 0.55750583
v 0.55555514 7.43539217 0.63293164
v 0.53038342 7.34778090 0.68616442
v 0.47030207 7.22453793 0.78347890
v 0.43305825 7.18131034 0.85091092
v 0.50100441 7.27487197 0.73489332
v 0.61796789 7.61305745 0.36084572
v 0.64111492 7.89358199 0.22556736
v 0.66287955 7.98155000 0.18893920
v 0.68364400 8.08949443 0.16784560
v 0.70973120 8.28900800 0.19134240
v 0.72412160 8.43085038 0.30071040
v 0.70982160 8.52990240 0.50074320
v 0.53828880 8.92742958 0.98187360
v 0.60165360 8.77649998 0.87771520
v 0.63994080 8.63975442 0.80533440
v 0.42993360 9.04848478 1.04516400
v 0.08207440 9.02258799 1.32416160
v 0.31437840 9.11455918 1.06465760
v 0.10169767 6.75261685 -0.28962127
v 0.07064089 7.54695692 -0.17861581
v 0.07183357 7.41793861 -0.17765338
v 0.08107120 9.16753680 1.09674160
v 0.17063920 8.97335843 -0.22938800
v 0.12895200 8.59111520 -0.40202400
v 0.06658561 7.65611270 -0.20133361
v 0.12485200 9.26271121 0.65241440
v 0.18163280 9.24713042 0.30923280
v 0.11285840 8.25194965 -0.42512400
v 0.10195299 8.11053082 -0.39552292
v 0.08834228 7.99717246 -0.34101186
v 0.08956480 9.23101759 0.89652160
v 0.07293834 7.11632700 -0.19663665
v 0.07211910 7.27903918 -0.18196083
v 0.07642773 6.93139201 -0.22165419
v 0.41092723 7.11372930 0.71432856
v 0.38256780 7.09613080 0.76644251
v 0.40257466 7.01057471 0.67582866
v 0.36101226 6.99347047 0.73007319
v 0.22896426 6.90743464 0.86681598
v 0.17795185 6.88494382 0.89768746
v 0.14463111 7.53392970 -0.16283387
v 0.19569645 6.94021152 -0.22203900
v 0.20852000 9.21432402 0.87952800
v 0.14333501 7.63831882 -0.17460655
v 0.18560410 7.99504884 -0.32171340
v 0.15171298 7.26545981 -0.16897780
v 0.24202232 6.77328157 -0.27911030
v 0.24580720 8.57462161 -0.36833680
v 0.21641360 8.24775281 -0.38593680
v 0.19990819 8.10834258 -0.35200998
v 0.30189120 8.94666801 -0.22009120
v 0.29079120 9.22193998 0.30963280
v 0.16042021 7.11340603 -0.18383847
v 0.24170720 9.23782078 0.64371440
v 0.14510846 7.40604283 -0.15880089
v 0.18862640 9.15014320 1.09864800
v 0.33657200 8.20582081 1.44649440
v 0.30228800 8.20462082 1.45479120
v 0.37245920 8.20182397 1.43650080
v 0.40054960 8.19192718 1.40770720
v 0.41964320 8.18483038 1.38311360
v 0.42954000 8.17563360 1.37221360
v 0.43183680 8.16913678 1.36541680
v 0.43483680 8.16453997 1.36141680
v 0.43403680 8.16104002 1.36111680
v 0.42844000 8.15504319 1.36071680
v 0.42004320 8.14964643 1.37371360
v 0.40074960 8.13984963 1.39520720
v 0.38055920 8.13335600 1.41970400
v 0.34557200 8.13185600 1.44319760
v 0.30578800 8.13055920 1.45229760
v 0.26990080 8.13525603 1.44839760
v 0.23671360 8.13765601 1.43650080
v 0.21472320 8.14315277 1.42710720
v 0.26390400 8.19732402 1.45249440
v 0.23121680 8.18473040 1.44629760
v 0.21432320 8.17523679 1.44660400
v 0.20862960 8.16424321 1.43720400
v 0.20292960 8.15814321 1.43450720
v 0.20292960 8.15234640 1.43100720
v 0.20973821 8.14854958 1.42850720
v 0.21082640 8.16933998 1.44290400
v 0.33967200 8.20452401 1.42820720
v 0.30298480 8.20402401 1.43750400
v 0.37645600 8.19992720 1.41171040
v 0.40144960 8.19502722 1.38741680
v 0.41854320 8.18543037 1.36722000
v 0.42784000 8.18093361 1.35732320
v 0.43204000 8.17333681 1.34992640
v 0.43133680 8.16873678 1.34642960
v 0.43163680 8.16464001 1.34362960
v 0.43253680 8.16084320 1.34222960
v 0.42524000 8.15024640 1.35022640
v 0.40154960 8.13864963 1.37072000
v 0.38055920 8.13595280 1.39671360
v 0.34766880 8.12985601 1.42191040
v 0.30218800 8.13175599 1.43360720
v 0.26930080 8.13275600 1.43181040
v 0.23131680 8.14065277 1.41561360
v 0.21712320 8.14554961 1.40961680
v 0.26050400 8.19842719 1.43620720
v 0.22731680 8.18883039 1.42991040
v 0.21272320 8.18183361 1.42251360
v 0.20952640 8.16773999 1.41971360
v 0.20472960 8.16144317 1.41721360
v 0.20352960 8.15654639 1.41611360
v 0.20802960 8.15304641 1.41301680
v 0.21252640 8.17343681 1.41961360
v 0.33907200 8.24780482 1.43960400
v 0.29858800 8.24810482 1.44950400
v 0.37635600 8.24040800 1.42331040
v 0.40194640 8.22821438 1.40281680
v 0.42164000 8.21372077 1.38452000
v 0.43553680 8.19882397 1.37042320
v 0.44343360 8.18713039 1.36212640
v 0.44713040 8.17513683 1.35702960
v 0.44923040 8.16244001 1.35642960
v 0.44783040 8.15154639 1.34452960
v 0.43513680 8.12765602 1.35942320
v 0.41584320 8.10906562 1.37752000
v 0.38875280 8.09107198 1.39611360
v 0.34336880 8.08687838 1.41441040
v 0.29169120 8.07527842 1.43530720
v 0.24960720 8.08297521 1.43080720
v 0.22032000 8.09477200 1.42191360
v 0.19023280 8.11426241 1.40801680
v 0.25310720 8.23800801 1.44890400
v 0.21722000 8.22131757 1.43950720
v 0.19242960 8.20282399 1.42631360
v 0.17233920 8.17243999 1.40412000
v 0.17044240 8.15914317 1.39862320
v 0.17153920 8.14674962 1.39682320
v 0.17673920 8.13285600 1.40182000
v 0.17863600 8.18563363 1.41461680
v 0.33907200 8.28518880 1.40912000
v 0.29429120 8.28578882 1.41641680
v 0.37635600 8.26979522 1.39462320
v 0.40484640 8.25400158 1.37812960
v 0.42553680 8.23531122 1.36513280
v 0.44123040 8.21701759 1.35403600
v 0.45102720 8.19842718 1.34573920
v 0.45712720 8.18043363 1.34154240
v 0.45922720 8.16433999 1.33894240
v 0.45652720 8.15014960 1.33704240
v 0.44333040 8.11816242 1.34503920
v 0.42634000 8.09437200 1.35463280
v 0.39404960 8.06938160 1.36852960
v 0.35016880 8.05209123 1.38222640
v 0.28959120 8.04389439 1.38812320
v 0.24331040 8.05508798 1.38522640
v 0.21282320 8.06858160 1.37802640
v 0.17733600 8.09996880 1.37062960
v 0.24541040 8.27649198 1.41701680
v 0.20332640 8.25200477 1.40842000
v 0.17783600 8.22591438 1.39772320
v 0.15794560 8.17973677 1.38092960
v 0.15644560 8.16254320 1.37713280
v 0.15744560 8.14504963 1.37313280
v 0.16464240 8.12465920 1.37083280
v 0.16324240 8.20122720 1.38672640
v 0.33627200 8.30788242 1.37493600
v 0.28929120 8.30857920 1.37933600
v 0.37575600 8.29208557 1.36523920
v 0.40354320 8.27119517 1.35234240
v 0.42463680 8.25200478 1.34144560
v 0.44253040 8.23261439 1.33154880
v 0.45222720 8.21082397 1.32285200
v 0.45782400 8.18813357 1.31695200
v 0.45902400 8.16834000 1.31415520
v 0.45602400 8.15054960 1.31145520
v 0.44363040 8.11466561 1.31255200
v 0.42583680 8.08907519 1.31955200
v 0.39574960 8.06038799 1.32934880
v 0.34896880 8.03959761 1.33634560
v 0.28799120 8.03020077 1.34124240
v 0.24041040 8.04379761 1.34224240
v 0.20852320 8.05908797 1.34064240
v 0.17383920 8.09137522 1.33984560
v 0.24151040 8.30148559 1.37813280
v 0.19792960 8.27239522 1.37323600
v 0.16874240 8.24430800 1.36433920
v 0.14764880 8.18733361 1.35024240
v 0.14754880 8.16694322 1.34604560
v 0.14934880 8.14555279 1.34204560
v 0.15764560 8.12056243 1.34074560
v 0.15514880 8.21452082 1.35773920
v 0.33227520 8.31697919 1.34524880
v 0.28739440 8.31837602 1.34804880
v 0.37055920 8.30348558 1.33855200
v 0.39974640 8.28159199 1.32985200
v 0.42053680 8.26390157 1.31875520
v 0.43733040 8.24241120 1.31015840
v 0.44762720 8.21902078 1.30336160
v 0.45362720 8.19443038 1.29686160
v 0.45482400 8.17154002 1.29386480
v 0.45252720 8.15314961 1.28946480
v 0.43863040 8.11676561 1.28866480
v 0.42083680 8.08867841 1.29286160
v 0.39084960 8.06128798 1.29776160
v 0.34706880 8.03780083 1.30245840
v 0.28749120 8.02810079 1.30735840
v 0.23881360 8.04049758 1.31075520
v 0.20852320 8.05659119 1.31185520
v 0.17303920 8.08967519 1.31395520
v 0.23911040 8.30858239 1.34784880
v 0.19842960 8.28239199 1.34364880
v 0.16874240 8.25440477 1.33764880
v 0.14575200 8.19373038 1.32705200
v 0.14445200 8.17094319 1.32385200
v 0.14754880 8.14715282 1.32005520
v 0.15664560 8.12076239 1.31675520
v 0.15204880 8.22322080 1.33165200
v 0.32817520 8.32087601 1.32055840
v 0.14445200 8.17443998 1.30626160
v 0.36665920 8.30838240 1.31646160
v 0.17083920 8.26010481 1.31615840
v 0.41704000 8.26889841 1.30086480
v 0.43133360 8.24630798 1.29356480
v 0.44942720 8.19813042 1.28137120
v 0.45162720 8.17543998 1.27827120
v 0.23831040 8.04439760 1.28716480
v 0.43403360 8.11736561 1.27137120
v 0.41634000 8.09177518 1.27237120
v 0.38854960 8.06558800 1.27387120
v 0.34416880 8.04229759 1.27677120
v 0.28579440 8.03240082 1.28176800
v 0.44812720 8.15554959 1.27347120
v 0.20892320 8.05879123 1.29126480
v 0.17363920 8.09237521 1.29466160
v 0.44313040 8.22342082 1.28766800
v 0.19922960 8.28849200 1.31935840
v 0.23801040 8.31317920 1.32225840
v 0.39584960 8.28729201 1.31036160
v 0.14635200 8.20043040 1.30865840
v 0.28499440 8.32157598 1.32245840
v 0.14754880 8.15035280 1.30266160
v 0.15684560 8.12296242 1.29856160
v 0.15344880 8.23051762 1.31295840
v 0.32507840 8.32037919 1.29826800
v 0.14664880 8.17924001 1.28956800
v 0.36016240 8.30918237 1.29626800
v 0.17483920 8.26330158 1.29656800
v 0.41124000 8.27169838 1.28437120
v 0.42693680 8.25070800 1.27827440
v 0.44143040 8.20292718 1.26707440
v 0.44272720 8.18014000 1.26267760
v 0.23791360 8.05099438 1.26537440
v 0.42803360 8.12446562 1.25358080
v 0.41144000 8.09767522 1.25258080
v 0.38395280 8.07218478 1.25208080
v 0.34046880 8.04959442 1.25347760
v 0.28389440 8.03979759 1.25947760
v 0.44223040 8.15834957 1.25857760
v 0.20952320 8.06448800 1.27127440
v 0.17523920 8.09587519 1.27657120
v 0.43693040 8.22721759 1.27207440
v 0.20212640 8.28929197 1.29856800
v 0.23971360 8.31218237 1.29926800
v 0.38884960 8.29039197 1.29047120
v 0.14814880 8.20452719 1.29116800
v 0.28299440 8.32027601 1.29926800
v 0.14824880 8.15484957 1.28596800
v 0.15744560 8.12746239 1.28127120
v 0.15814560 8.23431440 1.29336800
v 0.31987840 8.31697921 1.27617760
v 0.15074880 8.18313680 1.27007440
v 0.35446560 8.30848558 1.27397760
v 0.18023600 8.26400162 1.27437440
v 0.40314320 8.27309840 1.26478080
v 0.41883680 8.25330803 1.26098080
v 0.43313360 8.20882719 1.24928400
v 0.43533040 8.18653681 1.24568720
v 0.23871360 8.06189121 1.24178400
v 0.41913680 8.13186239 1.23598720
v 0.40364320 8.10667199 1.23228720
v 0.37675600 8.08258161 1.23029040
v 0.33557200 8.06259119 1.23049040
v 0.28259440 8.05299441 1.23498720
v 0.43203360 8.16544638 1.24148720
v 0.21262320 8.07388478 1.24908080
v 0.17783600 8.10337203 1.25578080
v 0.42883360 8.23211760 1.25548080
v 0.20672640 8.28879198 1.27557760
v 0.24151040 8.30838560 1.27647760
v 0.38185280 8.29039200 1.26987760
v 0.15504880 8.20862722 1.27097440
v 0.28179440 8.31687922 1.27637760
v 0.15284880 8.15964962 1.26647760
v 0.16174240 8.13315918 1.26107760
v 0.16374240 8.23731438 1.27257440
v 0.31668160 8.30768562 1.24788720
v 0.16284240 8.18903682 1.24308720
v 0.34586880 8.30018880 1.24618720
v 0.19232960 8.26250482 1.24738720
v 0.39004960 8.26940162 1.23899040
v 0.40504320 8.25131120 1.23709040
v 0.41873680 8.21142722 1.22689360
v 0.41873680 8.19103678 1.22239360
v 0.24461040 8.07988478 1.21569680
v 0.40574320 8.14245922 1.21239680
v 0.38994960 8.12136561 1.20779680
v 0.36625920 8.09847520 1.20490000
v 0.32907520 8.08028478 1.20530000
v 0.28299440 8.07328798 1.20939680
v 0.41784000 8.17184322 1.21939680
v 0.21862000 8.08937841 1.22239360
v 0.18773280 8.11636879 1.22909040
v 0.41424000 8.23261757 1.23209040
v 0.21602320 8.28319519 1.24768720
v 0.24671040 8.29948880 1.24728720
v 0.37025920 8.28539520 1.24339040
v 0.16794240 8.21332717 1.24368720
v 0.28239440 8.30678563 1.24748720
v 0.16444240 8.16784638 1.24048720
v 0.17283920 8.14275602 1.23459040
v 0.17693920 8.23841440 1.24518720
v 0.32667520 8.15615277 1.16711600
v 0.31847840 8.14515917 1.16741600
v 0.31258160 8.13496237 1.16941600
v 0.29259120 8.13186237 1.17011600
v 0.33307520 8.18554000 1.16561920
v 0.27679760 8.14585917 1.16811600
v 0.26570080 8.16214959 1.16621600
v 0.33097520 8.22362399 1.17321600
v 0.27339760 8.25421123 1.18571280
v 0.28329440 8.26050799 1.18940960
v 0.31778160 8.25401118 1.18531280
v 0.25630400 8.21812719 1.17341600
v 0.29139120 8.26670481 1.19280960
v 0.25470720 8.19124001 1.16851600
v 0.25830400 8.17654320 1.16731600
v 0.25980400 8.23202080 1.17671600
v 0.33337520 8.17394640 1.16581920
v 0.27149760 8.15315277 1.16661600
v 0.22731680 8.12546557 1.19120320
v 0.38515280 8.16784642 1.18920640
v 0.20562640 8.23631759 1.20800320
v 0.20102960 8.15884962 1.19800320
v 0.19352960 8.17894319 1.20230320
v 0.28639440 8.28819520 1.21430000
v 0.19762960 8.21552718 1.20630320
v 0.35126560 8.27160159 1.21070320
v 0.26130400 8.28179839 1.21180000
v 0.23731360 8.26940159 1.21040000
v 0.38575280 8.23072083 1.20130640
v 0.21402320 8.13885918 1.19270320
v 0.24041360 8.11636877 1.18860640
v 0.38824960 8.18034318 1.19140640
v 0.28699440 8.10407517 1.18370960
v 0.32077840 8.11057202 1.18250960
v 0.34736880 8.12416557 1.18220960
v 0.36685920 8.14015920 1.18440960
v 0.37765600 8.15675280 1.18710960
v 0.25780400 8.10947202 1.18660960
v 0.38844960 8.19563680 1.19290640
v 0.38884960 8.21372722 1.19680640
v 2.52368697 6.07877752 0.47829935
v 2.32167600 5.90609085 0.80071479
v 2.17504495 5.80431425 0.86105875
v 1.93860048 5.66492918 0.94024762
v 1.84909916 5.56864802 0.96852565
v 1.75136386 5.46136665 1.01322579
v 1.65057988 5.36236865 1.07628117
v 1.58562451 5.26398196 1.14027031
v 1.52020903 5.14176766 1.20333447
v 1.45732957 5.02942961 1.27093300
v 1.96834773 5.97031604 0.79794350
v 2.14659386 6.06445448 0.73047582
v 2.35869465 6.21878736 0.46277649
v 1.69577159 5.82647579 0.90832740
v 1.58173451 5.71734385 0.97585893
v 1.49414374 5.58198805 1.08129268
v 1.40436906 5.44463833 1.16149772
v 1.34760635 5.31392694 1.23325618
v 1.30715551 5.19820961 1.30536509
v 1.26786938 5.09957005 1.36458429
v 1.71001135 6.10860606 0.72001574
v 1.89126216 6.22910974 0.66150842
v 2.03308729 6.34116847 0.44693586
v 1.39394589 5.92282867 0.86368323
v 1.24231338 5.80214023 0.94707325
v 1.16863883 5.63950125 1.08948236
v 1.12883644 5.47768078 1.20598247
v 1.10863964 5.34449088 1.29497632
v 1.09439543 5.22967624 1.37132672
v 1.06684273 5.12639202 1.42684636
v 1.43484726 6.21974279 0.65911741
v 1.56064585 6.31030082 0.58426611
v 1.69751292 6.42565389 0.41669561
v 1.07627369 6.01140299 0.83057126
v 0.84862828 5.90164774 0.93234446
v 0.82279523 5.69492602 1.07457719
v 0.79707549 5.51097068 1.18755113
v 0.81557356 5.37095887 1.29384621
v 0.82515045 5.24461647 1.37646765
v 0.82821546 5.12584260 1.44220339
v 1.16852910 6.24098752 0.62822085
v 1.23213507 6.29140499 0.50779374
v 1.28634147 6.40887227 0.36503133
v 0.87363200 6.12652104 0.80154669
v 0.68551917 6.09347210 0.86343904
v 2.82400617 5.65443840 0.44300940
v 2.59638781 5.47483723 0.76150065
v 2.45740850 5.35629805 0.79044946
v 2.24058209 5.17048635 0.70671112
v 2.10647526 5.15941769 0.68768498
v 2.01081787 5.09774981 0.71972025
v 1.93105341 5.02562756 0.69901888
v 1.86513465 4.93557452 0.68680533
v 1.80539209 4.79519503 0.68342353
v 1.73202302 4.63895962 0.70224813
v 2.96999567 5.44788294 0.39279775
v 2.73065568 5.26408614 0.70802002
v 2.61234404 5.15615906 0.74267980
v 2.38159121 4.92865404 0.58336215
v 2.28671568 4.84803407 0.39893124
v 2.21985384 4.79637977 0.20438084
v 1.99153550 4.90401977 0.28991214
v 1.94408530 4.68830074 0.25175562
v 1.89260095 4.55087085 0.23378869
v 1.84512381 4.45418433 0.24133305
v 3.06602327 5.33703265 0.35767859
v 2.83477286 5.18156943 0.71124324
v 2.69560662 5.06506087 0.73956522
v 2.45034486 4.83814297 0.56517876
v 2.37229790 4.74968498 0.38052889
v 2.34124339 4.65281708 0.19234418
v 2.66161404 5.93483487 0.47931824
v 2.45192192 5.75708010 0.80914448
v 2.30877381 5.63132175 0.86794474
v 2.08033139 5.47034656 0.90541004
v 1.99884253 5.40819621 0.92540294
v 1.90625426 5.31859946 0.95232901
v 1.83135946 5.23567047 0.97339257
v 1.76302534 5.14795160 1.01588082
v 1.69296907 5.04251483 1.07907861
v 1.62336586 4.92010915 1.13137597
v 2.89420101 5.55456008 0.42843080
v 2.65737352 5.36999510 0.73568932
v 2.52810172 5.24632254 0.76408944
v 2.30366385 5.05193063 0.62573896
v 2.14204376 5.02363350 0.48363310
v 2.02622230 5.01893803 0.48681468
v 1.96723962 4.92399905 0.49153759
v 1.89516935 4.77717665 0.48178695
v 1.83731359 4.65300803 0.46871046
v 1.77495399 4.52466736 0.48169724
v 2.45339114 6.00447265 0.66336408
v 2.26555230 6.15628131 0.61585208
v 1.97542857 6.28691782 0.56744394
v 1.62716438 6.35081651 0.50369301
v 1.26822451 6.35688546 0.41746570
v 2.73427000 5.56397615 0.63455250
v 2.87444611 5.36229964 0.57332845
v 2.98184787 5.27468172 0.55232272
v 2.58456931 5.84901918 0.67277744
v 2.79432706 5.45744183 0.61133052
v 0.40981308 6.30943132 0.70149067
v 0.29535554 6.27681123 0.76033589
v 0.66009695 6.42316981 0.55076046
v 0.71851138 6.47617132 0.48736852
v 0.76128219 6.52651759 0.41927808
v 0.41983995 6.44259653 -0.45373193
v 0.19626429 6.41158888 -0.42276089
v 0.60737060 6.47282468 -0.45922177
v 0.80365008 6.51603336 -0.43727763
v 0.99823373 6.56294629 -0.38559836
v 0.52612542 5.89215576 0.96197817
v 0.10618269 5.08298237 1.35666943
v 0.12293468 5.24669878 1.31623893
v 0.26939463 6.03716273 0.91904692
v 0.13811809 5.41578661 1.24993294
v 0.15171034 5.58126034 1.16192272
v 1.13268135 6.59494927 -0.29288377
v 1.23880035 6.58517255 -0.12785004
v 1.32613474 6.58363206 0.02135483
v 1.33069986 6.54099231 0.15111497
v 1.30875212 6.48467912 0.26750014
v 1.02674969 6.57259236 0.26824029
v 1.05944598 6.63048272 0.17233181
v 1.04749519 6.66513657 0.06051086
v 0.98196459 6.67661774 -0.06082791
v 0.90261998 6.67857873 -0.17797762
v 0.82488653 6.65984562 -0.27460032
v 0.70490139 6.62198649 -0.34707735
v 0.53302887 6.57387507 -0.38933829
v 0.15917791 6.53194864 -0.38003593
v 0.36137004 6.54411304 -0.39427380
v 0.30704739 6.63856517 -0.34045325
v 0.13122573 6.62504601 -0.34273627
v 0.45960614 6.66657159 -0.32603057
v 0.59870560 6.70720796 -0.27210586
v 0.70849378 6.73945090 -0.19800751
v 0.76721326 6.74972594 -0.10566928
v 0.81715868 6.75542686 -0.01016296
v 0.15450769 5.73369488 1.06152133
v 0.87082399 6.74324551 0.09076853
v 0.87311648 6.69729235 0.19082480
v 0.84609801 6.64211761 0.27794590
v 0.32741640 5.73223034 1.06717409
v 0.32646985 5.57809225 1.17919691
v 0.30932902 5.88238474 0.98065734
v 0.43818944 6.06134882 0.90391689
v 0.18975909 6.24044128 0.77356930
v 0.49760663 6.34473430 0.66379151
v 0.80933999 6.58499127 0.35122939
v 0.64869640 6.22809805 0.66156649
v 0.22478799 6.14235782 0.82523163
v 0.51258175 6.20979753 0.73826032
v 0.34990347 6.17344426 0.79464753
v 0.83652635 6.30644176 0.53679295
v 0.89023463 6.36902090 0.46244991
v 0.91731499 6.43126166 0.40815070
v 0.97094104 6.50128785 0.34366936
v 0.08840172 6.21264884 0.76273408
v 0.10339730 6.11973439 0.81649918
v 0.12242847 6.00999818 0.90971326
v 0.14981034 5.85829685 0.99614070
v 0.31980072 5.41693292 1.26869654
v 0.32064801 5.26188769 1.34466084
v 0.32056136 5.09787739 1.40591988
v 0.58164879 5.12071815 1.43610244
v 0.55862782 5.25827530 1.36870582
v 0.54532712 5.39778281 1.27966622
v 0.52590672 5.54805277 1.18623630
v 0.54778541 5.72804916 1.06801098
v 0.46819401 6.31729596 -0.51901976
v 0.21322248 6.28195286 -0.47185397
v 0.67819152 6.35717393 -0.54678936
v 0.90559355 6.41963318 -0.56461470
v 1.12914613 6.46508992 -0.51406581
v 1.33047173 6.47062769 -0.38411185
v 1.49925708 6.48374082 -0.20146840
v 1.62673669 6.49313367 -0.03627300
v 1.70137720 6.48005201 0.12062775
v 1.71809499 6.46730577 0.26150883
v 0.49702207 6.17570148 -0.57759913
v 0.22449530 6.15339218 -0.52151230
v 0.73899673 6.22079076 -0.63565713
v 0.98610790 6.29979009 -0.66862753
v 1.23978508 6.32795036 -0.62179307
v 1.51518968 6.33681147 -0.46447258
v 1.72148533 6.35245429 -0.24595890
v 1.87752315 6.36166570 -0.04904065
v 2.00812975 6.39094855 0.12930977
v 2.05124167 6.38548858 0.30117685
v 1.70896703 6.13336019 -0.53305177
v 1.60623487 5.91244322 -0.66213670
v 1.51584676 5.74978786 -0.72537234
v 1.39808862 5.26420594 -0.82289099
v 1.35205445 5.09281028 -0.84163511
v 1.31482305 4.93095370 -0.85577642
v 1.31784774 6.14361842 -0.71142472
v 1.29295237 5.92425665 -0.77985396
v 1.22745246 5.73830747 -0.83853569
v 1.11531118 5.31916296 -0.92627328
v 1.09338449 5.17287042 -0.94143385
v 1.07078055 5.00836517 -0.94691497
v 1.01803463 6.13554197 -0.74606950
v 0.98252832 5.90154915 -0.82516020
v 0.93102419 5.73069321 -0.86901942
v 0.87054040 5.32289867 -0.92611582
v 0.86479019 5.18650869 -0.94230529
v 0.85214459 5.02865168 -0.93953513
v 0.75727072 6.06724709 -0.71731812
v 0.73292752 5.88225699 -0.77822408
v 0.68473047 5.72379950 -0.82282234
v 0.65972667 5.32204663 -0.87131166
v 0.64948894 5.18459144 -0.88726277
v 0.64237038 5.04002681 -0.87702812
v 0.50292403 6.02386812 -0.62276187
v 0.47136436 5.86737402 -0.70145392
v 0.45966673 5.72116241 -0.73997531
v 0.46680577 5.30536128 -0.79290522
v 0.46339432 5.16841299 -0.79881733
v 0.46791501 5.02022350 -0.81947479
v 0.23498939 6.03141030 -0.56793620
v 0.24394385 5.85644285 -0.61502179
v 0.25082766 5.70790610 -0.64646547
v 0.26740742 5.30548401 -0.73868066
v 0.26740918 5.16096525 -0.76306175
v 0.26008153 5.01545880 -0.78381343
v 1.94181222 6.20646140 -0.28945181
v 2.13227101 6.29972867 -0.08464513
v 2.27790587 6.33286380 0.08350489
v 2.35489484 6.29488607 0.29713534
v 2.13650636 6.11756064 -0.34244830
v 2.33066754 6.18937149 -0.13728522
v 2.45635659 6.20727719 0.05394416
v 2.54227672 6.14948271 0.27714693
v 1.96558258 5.99337577 -0.49230376
v 1.81982310 5.86406977 -0.60154128
v 1.88439100 5.64746049 -0.60107837
v 1.78815499 4.91718057 -0.48909202
v 1.75158853 4.73598902 -0.47402614
v 1.69864766 4.61151049 -0.48602297
v 2.28156351 6.01891889 -0.36668725
v 2.45903698 6.06548502 -0.17895979
v 2.59682553 6.06222268 0.03408595
v 2.67474589 6.00104416 0.26282484
v 2.10225294 5.92473738 -0.47508045
v 1.97034621 5.78991448 -0.54944324
v 1.74010211 5.71333013 -0.64729098
v 1.93029110 4.72032745 -0.18879002
v 1.87672526 4.58301087 -0.19137257
v 1.81771160 4.46952053 -0.22614073
v 2.46945544 5.79613294 -0.36528395
v 2.66192467 5.81139518 -0.21424066
v 2.79860574 5.78187345 -0.01234684
v 2.85580325 5.74028211 0.21632260
v 2.32685980 5.72320255 -0.45406755
v 2.19808950 5.60394145 -0.49610220
v 2.00348309 5.03300192 -0.29073474
v 2.04984785 4.97035703 -0.11669724
v 1.96330130 4.68474738 0.05486474
v 1.90867173 4.54801331 0.03184962
v 2.57212107 5.67514891 -0.36042954
v 2.73916260 5.68866314 -0.21963201
v 2.87721884 5.69434655 -0.02120315
v 2.92004722 5.64017090 0.21057762
v 2.42096994 5.59033064 -0.43784555
v 2.30147116 5.46324532 -0.47730686
v 2.07629979 5.00482111 -0.29057712
v 2.09500841 4.95253804 -0.12190044
v 2.09320582 4.95684417 0.06981659
v 2.67790264 5.55828283 -0.36568786
v 2.83611147 5.59377843 -0.22738252
v 2.96772574 5.58173257 -0.03200461
v 2.99926359 5.52459280 0.19346749
v 2.52978823 5.46892740 -0.44201313
v 2.40136786 5.34972873 -0.47803497
v 2.16653016 4.84627524 -0.27530550
v 2.20961604 4.77359596 -0.13376308
v 2.19263045 4.78804101 0.02076257
v 2.05514889 4.97504108 0.26558291
v 2.81722487 5.41754061 -0.37581731
v 2.96047527 5.46344712 -0.24347746
v 3.07301782 5.45312417 -0.04822753
v 3.09491243 5.39706698 0.17096841
v 2.67908704 5.32363842 -0.44649324
v 2.54759092 5.20546702 -0.47627402
v 2.28466419 4.69914765 -0.25664368
v 2.29264188 4.63638251 -0.11487560
v 2.31429019 4.63848953 0.02142844
v 2.11414965 4.96846335 0.23996142
v 2.06573569 4.95694684 0.08098289
v 2.00430115 4.85887028 0.10219388
v 1.89941753 4.96909615 -0.37061030
v 2.09579543 5.69950574 -0.51109364
v 1.99626142 4.87176684 -0.14238700
v 2.71597479 5.90324778 0.00292541
v 2.78861299 5.83713054 0.23443573
v 2.57874133 5.92719993 -0.20279665
v 2.38628988 5.90607732 -0.37597210
v 2.22508900 5.83226554 -0.45885898
v 2.38493498 5.48013235 0.82493329
v 2.53635257 5.60497358 0.78432080
v 2.76074278 5.75458553 0.46171083
v 1.90663491 5.12682561 0.87096551
v 1.96118668 5.19903883 0.85037773
v 2.05400108 5.28559636 0.84261384
v 2.16252701 5.31615852 0.82926576
v 2.67195480 5.68572534 0.65082798
v 1.68887486 4.78622841 0.91335110
v 1.76316341 4.92639659 0.89264975
v 1.82947030 5.05382583 0.89166300
v 2.10831278 5.46417374 -0.48067364
v 2.20260402 5.32837119 -0.47004180
v 2.30155883 5.21676298 -0.46727196
v 2.44071870 5.08189161 -0.46648302
v 2.01299204 5.56586692 -0.54050719
v 1.86262123 4.41509824 0.03398720
v 1.53190369 4.77688507 -0.72555477
v 1.57002254 4.90342283 -0.70019919
v 1.62349584 5.10505748 -0.66277811
v 3.20247812 5.17440173 0.34904262
v 2.95037724 5.06320338 0.72201334
v 2.80003735 4.95301145 0.76775585
v 2.54807350 4.74935651 0.60239073
v 2.46097316 4.66688657 0.40374933
v 2.42516170 4.56905316 0.20987677
v 3.11357061 5.13153466 0.55999058
v 3.03619576 5.15879032 -0.35771594
v 3.14335434 5.21990017 -0.23748813
v 3.22641627 5.25424184 -0.05347358
v 3.24257677 5.22824402 0.15374173
v 2.88793292 5.06874264 -0.42588255
v 2.74562515 4.97639990 -0.45325416
v 2.42004542 4.54618025 -0.22383101
v 2.40501259 4.51342288 -0.09024782
v 2.41492806 4.52582562 0.05290906
v 2.61568297 4.86599539 -0.44593227
v 3.35037834 4.97577628 0.36470392
v 3.13398861 4.86425417 0.76135001
v 2.96652020 4.75878088 0.80760660
v 2.69895715 4.58522044 0.65399201
v 2.61672188 4.52371323 0.45817334
v 2.57345438 4.44398526 0.25972205
v 3.26463593 4.94620397 0.59553315
v 3.21189912 4.86597111 -0.33391838
v 3.31466394 4.93212807 -0.22212282
v 3.38436566 4.98338032 -0.04897592
v 3.39001361 5.00595117 0.15873916
v 3.09450762 4.79056056 -0.39637138
v 2.95640565 4.70416362 -0.40461591
v 2.56484563 4.41625220 -0.17028083
v 2.54753073 4.39477795 -0.05001128
v 2.55079233 4.40328630 0.09047010
v 2.80769393 4.61266362 -0.39091684
v 3.47929640 4.79575453 0.40381675
v 3.28556544 4.68102053 0.78337351
v 3.13858224 4.55877785 0.81868972
v 2.90206644 4.38330208 0.67867006
v 2.81292925 4.35561894 0.48514133
v 2.74976950 4.30939716 0.29367109
v 3.41158699 4.76665288 0.62862454
v 3.35697159 4.65719346 -0.27889290
v 3.43388469 4.72144552 -0.16823112
v 3.50099352 4.76926923 -0.00164198
v 3.51173602 4.79726426 0.19713893
v 3.23524511 4.57460898 -0.34020279
v 3.12860668 4.50794859 -0.34877428
v 2.74510257 4.28283591 -0.13451082
v 2.71619958 4.26306197 -0.02402210
v 2.71405822 4.26357142 0.11824858
v 2.99965896 4.44065107 -0.33765411
v 3.60225762 4.65143606 0.44055898
v 3.39931539 4.53584055 0.78604496
v 3.27312472 4.40688301 0.81072302
v 3.07314351 4.21255335 0.67356131
v 2.98249660 4.17782616 0.49490354
v 2.91109637 4.15055302 0.30360059
v 3.53255177 4.61845224 0.64449581
v 3.45945652 4.47987627 -0.20940368
v 3.54031744 4.54806042 -0.09720049
v 3.61924894 4.60781724 0.05994070
v 3.63600808 4.63946786 0.24574356
v 3.37169537 4.40758120 -0.27247063
v 3.26651979 4.34220282 -0.29230927
v 2.90271903 4.15053310 -0.10927722
v 2.87385612 4.12879893 -0.00999614
v 2.86895792 4.12272534 0.12865143
v 3.14094318 4.28303675 -0.28253797
v 1.04996879 4.67328806 1.50790142
v 1.02165473 4.66779351 1.51625126
v 0.99252791 4.65490506 1.52483434
v 0.96908816 4.63413511 1.53074506
v 0.95486017 4.60920291 1.53495400
v 0.94875994 4.58176829 1.53477257
v 0.95483424 4.55458071 1.53155528
v 0.97173351 4.53439747 1.52454428
v 0.99934485 4.52475883 1.51365106
v 1.02989145 4.52809201 1.50305206
v 1.06134038 4.54378264 1.49342230
v 1.08500353 4.56818079 1.48647501
v 1.09893123 4.59782529 1.48476266
v 1.10253113 4.62738959 1.48539596
v 1.09363331 4.65131532 1.49094320
v 1.07523399 4.66704282 1.49921472
v 1.05175341 4.65820608 1.50729523
v 1.04293068 4.64942325 1.50972579
v 1.02911494 4.63540502 1.51365807
v 1.01467322 4.61648649 1.51661105
v 1.00205499 4.59354919 1.51960970
v 0.99336575 4.57167855 1.52068025
v 0.98848285 4.55344528 1.52194123
v 0.98985845 4.54048159 1.52094607
v 1.00221506 4.53632839 1.51535623
v 1.01492196 4.54385498 1.51184631
v 1.03106139 4.55988126 1.50702259
v 1.04538082 4.58126013 1.50371017
v 1.05777289 4.60456457 1.50120630
v 1.06458069 4.62667648 1.50089125
v 1.06791063 4.64419402 1.50213517
v 1.06509072 4.65489586 1.50334592
v 1.04549427 4.70413372 1.50582967
v 0.99713497 4.70016397 1.52070489
v 0.94978156 4.68588288 1.53364038
v 0.91353890 4.66094773 1.54379241
v 0.89271335 4.62877065 1.54934446
v 0.88839885 4.59004955 1.55031296
v 0.90526048 4.55047628 1.54250387
v 0.94082536 4.51999529 1.52920180
v 0.98895917 4.50422849 1.51126697
v 1.04218537 4.50604175 1.49192422
v 1.09205811 4.52449883 1.47741118
v 1.12710175 4.55621338 1.46653830
v 1.14651901 4.59772710 1.46248140
v 1.14668116 4.63831952 1.46554825
v 1.12711627 4.67238677 1.47619165
v 1.09045550 4.69521979 1.49048296
v 1.03728551 4.75006587 1.50153060
v 0.96428547 4.74617031 1.52117821
v 0.89426478 4.72843344 1.54209789
v 0.83922969 4.69659027 1.55925197
v 0.81122028 4.65183635 1.56827343
v 0.80503797 4.59851101 1.56995564
v 0.83379682 4.54214623 1.55953008
v 0.89138480 4.49585197 1.53789599
v 0.97069192 4.47414947 1.50816921
v 1.05224845 4.47448578 1.47723898
v 1.12678633 4.49949417 1.45233960
v 1.17851091 4.54410815 1.43601719
v 1.20515445 4.60123871 1.43137223
v 1.20118552 4.65941869 1.43933461
v 1.16699342 4.70724271 1.45820576
v 1.10643090 4.73849524 1.48051921
v 1.03128545 4.87043632 1.48758615
v 0.89659295 4.86189616 1.51473481
v 0.76515920 4.83203754 1.53659723
v 0.65475673 4.78236105 1.55679341
v 0.59154685 4.71032329 1.56946663
v 0.58900805 4.62896655 1.58336031
v 0.64351324 4.52973969 1.58247313
v 0.76107777 4.44362787 1.55916792
v 0.91608824 4.38854967 1.50637187
v 1.07301441 4.38406975 1.43793019
v 1.20934391 4.42539479 1.37875165
v 1.30209776 4.50954173 1.33572379
v 1.35029247 4.61768892 1.33105606
v 1.34667517 4.72514713 1.36266560
v 1.28139143 4.81185910 1.40985042
v 1.16209151 4.85992477 1.45590491
v 1.03663689 4.94175077 1.47703515
v 0.86280815 4.93092658 1.50618509
v 0.69025212 4.90143933 1.52580563
v 0.52860278 4.84209834 1.53525455
v 0.44849186 4.74675096 1.54154007
v 0.45045205 4.64172727 1.55338760
v 0.53036016 4.50909373 1.56866686
v 0.70102486 4.39861306 1.55807781
v 0.89495304 4.32601094 1.50070818
v 1.08962192 4.30936762 1.41200929
v 1.25590379 4.34917517 1.31535358
v 1.37354540 4.46650283 1.24702782
v 1.42772964 4.60913298 1.24738823
v 1.43285167 4.75252585 1.29941355
v 1.34509611 4.86991374 1.37348038
v 1.19613857 4.93172805 1.43522159
v 1.05204494 5.02729705 1.45924018
v 0.83783575 5.01786307 1.48693223
v 0.61462294 4.99408102 1.49142980
v 0.35481227 4.93131835 1.46794402
v 0.28662672 4.79076987 1.48474691
v 0.28988795 4.65057687 1.49167335
v 0.38602016 4.45220940 1.52126599
v 0.63947084 4.30621865 1.53656358
v 0.86988863 4.21735025 1.48187474
v 1.09473377 4.17172319 1.37949916
v 1.30240317 4.16508155 1.20494210
v 1.42926428 4.37712835 1.11929546
v 1.49624998 4.56374838 1.11757148
v 1.53667449 4.77553759 1.18786606
v 1.41219852 4.93233813 1.32723016
v 1.23906076 5.01134908 1.40598289
v 1.13178848 4.79454559 1.46934433
v 1.22011273 4.75750492 1.43573832
v 1.06065864 4.43455254 1.45988789
v 0.94481673 4.43207515 1.50699090
v 1.03335142 4.80698243 1.49767297
v 1.16439468 4.46792198 1.42201444
v 0.93234946 4.79939363 1.52247862
v 1.23613329 4.53036591 1.39484919
v 0.70568581 4.61448596 1.58385497
v 0.71070593 4.68219531 1.57726257
v 0.83382043 4.77591660 1.54527473
v 1.27104295 4.60947802 1.38952143
v 0.74674836 4.53540163 1.57508683
v 0.75573536 4.73796417 1.56260290
v 1.26977010 4.69036810 1.40616674
v 0.82971645 4.47164365 1.55079959
v 0.11738470 4.92971640 1.39016925
v 0.11741238 4.81494134 1.41517499
v 0.12505732 4.69552668 1.43514315
v 0.14194410 4.54431163 1.47058498
v 5.31136958 2.00150400 3.48735997
v 5.43149921 1.88104000 3.37931440
v 5.45661361 1.94879680 3.43338721
v 5.39422881 2.01175360 3.47986002
v 5.39232878 2.12363121 3.36148240
v 5.46419440 2.06314640 3.30375680
v 5.44280481 1.98418080 3.25953680
v 5.31709442 2.10489760 3.37736319
v 5.29019203 2.17350799 3.27339119
v 5.41677438 2.06009120 3.14094320
v 5.43756399 2.12570081 3.18613201
v 5.37530720 2.21636000 3.20164960
v 5.43200800 2.15632800 3.13219921
v 5.39953758 2.05470721 3.08690639
v 5.28083922 2.21226000 3.21500241
v 5.37587923 2.18166080 3.26098241
v 5.28898003 2.09268880 3.37403519
v 5.28695202 1.98607040 3.48090717
v 5.36994241 2.03537360 3.06280081
v 5.38433198 2.04172960 3.13319041
v 5.39742880 1.95886640 3.24785600
v 5.39926003 1.86597840 3.36560882
v 5.24084399 2.18534560 3.20189359
v 5.25912162 2.15474640 3.26561039
v 5.33865601 1.80106960 3.70692483
v 5.38678798 1.85257440 3.65063281
v 5.33548721 1.75633360 3.73591118
v 5.44326081 1.72351600 3.64114319
v 5.43791998 1.69134880 3.67101359
v 5.37470719 1.68469600 3.73628318
v 5.43900798 1.81077920 3.61479363
v 5.41810243 1.84033760 3.63135520
v 5.38912802 1.69427680 3.73856718
v 5.41191838 1.82947280 3.63727998
v 5.35220483 1.75284960 3.74327602
v 5.43697599 1.69309280 3.68620322
v 5.42982720 1.79789840 3.62239042
v 5.43809203 1.72467600 3.65768881
v 5.35094878 1.79163280 3.71371762
v 5.43698003 1.99232001 3.46252640
v 5.44553279 2.10474160 3.33296801
v 5.41600243 2.19509840 3.17203521
v 5.42302723 2.16309920 3.22857121
v 5.38093518 1.83694080 3.65785760
v 5.28479922 1.89546800 3.39046721
v 5.29165198 1.98102799 3.29877601
v 5.25872483 2.08559360 3.09009120
v 5.26042158 2.04931040 3.17020159
v 5.38883198 1.86980800 3.63732398
v 5.32146639 1.82700000 3.67325442
v 5.43688000 1.72704480 3.60173600
v 5.44346083 1.82013200 3.60362880
v 5.41954639 1.69543360 3.62278562
v 5.31185760 1.79931360 3.68750719
v 5.42389922 1.85617120 3.61829043
v 5.32706322 1.68250000 3.70034798
v 5.29995199 1.75524720 3.57873039
v 5.43272723 1.88402640 3.58913202
v 5.28995202 1.85997120 3.61280958
v 5.39933198 1.74556320 3.52701357
v 5.45138882 1.84875920 3.56581761
v 5.42887442 1.76462480 3.52793837
v 5.30356078 1.87923280 3.61170959
v 5.38584798 1.90139120 3.60839363
v 5.42715522 2.04234160 3.18332321
v 5.43908880 2.10602640 3.23291520
v 5.37667923 2.16351120 3.29234082
v 5.39026002 2.01832400 3.17904239
v 5.27393039 2.13474080 3.30349678
v 5.30094480 2.15150560 3.30904963
v 5.42865203 2.14582160 3.26492639
v 5.26924638 2.02377999 3.22616241
v 5.44613278 2.08323600 3.35872962
v 5.39752878 1.94701360 3.26763359
v 5.47271919 2.03748479 3.32406242
v 5.44248001 1.96927520 3.27644240
v 5.28792718 1.95285360 3.32442242
v 5.44503278 2.05740560 3.38658802
v 5.28788003 2.05710561 3.41109358
v 5.39390080 1.93213600 3.28401439
v 5.38697598 1.93022159 3.58063521
v 5.30525759 1.91931280 3.57022640
v 5.43167438 1.80530480 3.47955840
v 5.45611361 1.87768960 3.53608400
v 5.39830400 1.79449600 3.46924961
v 5.28995203 1.90820399 3.56224561
v 5.43375203 1.91095680 3.56250160
v 5.30007680 1.82398560 3.50243597
v 5.28682718 1.93767600 3.33810319
v 5.28695202 2.03460320 3.43149920
v 5.39715681 2.05113680 3.44350478
v 5.30984162 2.04328400 3.44247680
v 5.47021919 2.01365440 3.34972078
v 5.39645682 2.07976719 3.41619917
v 5.44207999 1.95152561 3.29622000
v 5.31576641 2.06951439 3.41884638
v 5.43905199 1.92942000 3.32205357
v 5.46286639 1.98845201 3.37895119
v 5.44413283 2.03154721 3.42064317
v 5.39483202 1.91055840 3.30841680
v 5.28738003 2.10644161 3.35612961
v 5.31419442 2.11977519 3.35665763
v 5.43960480 2.11974720 3.30913757
v 5.28472719 1.98852480 3.27742641
v 5.28932398 1.97013441 3.31256959
v 5.28768003 2.07258640 3.39401601
v 5.31879441 2.08662000 3.39976882
v 5.39392882 2.10682560 3.39164081
v 5.43870798 2.00728640 3.23070639
v 5.45131363 2.08062399 3.27509519
v 5.38730399 2.13678080 3.33944883
v 5.39765681 1.97897201 3.22142560
v 5.38497600 1.96154881 3.54305199
v 5.43619923 1.83140720 3.44869999
v 5.39790401 1.81424560 3.44204719
v 5.42952720 1.94381520 3.52431839
v 5.29897681 1.84733520 3.47308961
v 5.30934159 1.94734320 3.54442397
v 5.45241683 1.90591680 3.49657600
v 5.29198002 1.93290640 3.53877117
v 5.38597599 1.94419920 3.56472642
v 5.43517123 1.81725440 3.46438083
v 5.39870401 1.80512080 3.45462798
v 5.43145519 1.92473760 3.54749281
v 5.30157681 1.83781040 3.48801120
v 5.30791359 1.93259360 3.55897361
v 5.45391682 1.89016720 3.51967837
v 5.29195202 1.91955679 3.55122082
v 5.30430480 1.70555840 3.64852802
v 5.29577679 1.83344080 3.63964001
v 5.44718880 1.83158160 3.58439517
v 5.40478480 1.71903600 3.57132160
v 5.43382723 1.74501920 3.56172483
v 5.42802720 1.86912080 3.60301280
v 5.38730398 1.88718560 3.62284640
v 5.30658562 1.85307440 3.63697122
v 5.26393763 1.92691039 3.42280639
v 5.26816563 2.02745120 3.33491518
v 5.23086323 2.11240800 3.14102398
v 5.23566319 2.08560880 3.21413760
v 5.35020478 1.71105760 3.74613602
v 5.36321361 1.71828240 3.75235681
v 5.30807360 1.72055120 3.71078483
v 5.28071520 1.78928960 3.59449200
v 5.24588803 2.06873119 3.26760160
v 5.26386558 1.99637680 3.36228960
v 5.26243763 1.97557441 3.37979522
v 5.28294319 1.85270320 3.52532238
v 5.26036559 2.03477600 3.31776560
v 5.26786563 2.01355440 3.35133680
v 5.27731523 1.88094960 3.49552322
v 5.28234322 1.86975280 3.51170079
v 5.28644319 1.75253440 3.65208401
v 5.33871920 1.81394880 3.46678080
v 5.33401923 1.82227360 3.45102802
v 5.33664401 1.95086960 3.28421441
v 5.32152239 1.97129121 3.24508721
v 5.34672803 1.68632480 3.61638883
v 5.31662239 2.00291840 3.19605120
v 5.37733919 1.66606640 3.66943679
v 5.41308638 1.68248400 3.71566481
v 5.30474481 2.03437360 3.14621199
v 5.33711920 1.80055200 3.48057438
v 5.33484719 1.93381999 3.29806400
v 5.33804721 1.73328560 3.55567203
v 5.33557518 1.91521440 3.31431679
v 5.29416402 2.04088240 3.03278641
v 5.33357521 1.96013840 3.26921760
v 5.33261921 1.86368160 3.37053360
v 5.40987758 1.67198720 3.70965283
v 5.40245680 1.82446000 3.63445919
v 5.39566881 1.70545760 3.73899918
v 5.36000161 1.74692480 3.73818318
v 5.42568322 1.69846160 3.69044722
v 5.42078723 1.79440160 3.62477842
v 5.42739919 1.72386400 3.66416080
v 5.35533363 1.78026800 3.71008963
v 5.38077918 1.82656000 3.65569281
v 5.37156640 1.72421920 3.74473602
v 5.41748643 1.69340480 3.71472482
v 5.40509360 1.75529040 3.69971599
v 5.40129680 1.72686320 3.72464640
v 5.39990400 1.77339040 3.49182718
v 5.42997440 1.79052720 3.49790802
v 5.30025203 1.80038320 3.52354162
v 5.38714802 1.91504080 3.59278480
v 5.45351681 1.86293680 3.54953679
v 5.43412721 1.89687920 3.57457919
v 5.28892402 1.88772960 3.58012643
v 5.30286079 1.90413521 3.58497923
v 5.28301518 1.82367280 3.54462801
v 5.33479120 1.77662160 3.50350800
v 5.55561842 1.70361600 3.35122641
v 5.65304240 1.61344160 3.21480720
v 5.68035682 1.67494240 3.26791119
v 5.61977199 1.70856880 3.34114559
v 5.60459441 1.87379520 3.22142079
v 5.67213198 1.83117200 3.14103360
v 5.64118958 1.76198720 3.08280479
v 5.53501280 1.86041760 3.23187359
v 5.46144318 1.96792719 3.12134879
v 5.58752882 1.86898080 2.97568001
v 5.62722401 1.95744000 3.02218081
v 5.52962802 2.06554880 3.03295441
v 5.61914321 2.02066961 2.94301440
v 5.53934880 1.93523840 2.90250641
v 5.41245042 2.03676960 3.05971600
v 5.55345842 1.99194159 3.09811521
v 5.50929843 1.84668080 3.22329281
v 5.52867601 1.68655440 3.34784561
v 5.51017840 1.90036800 2.88898161
v 5.54896162 1.84089440 2.96349919
v 5.60895038 1.73882880 3.07169919
v 5.61175041 1.58662400 3.20342961
v 5.38523600 2.01493599 3.03988239
v 5.43233202 1.94403760 3.10161520
v 5.64406158 1.49365360 3.52418000
v 5.66239520 1.53593680 3.47029519
v 5.64853362 1.45941440 3.54705763
v 5.71011523 1.44124960 3.42421922
v 5.71268723 1.39507360 3.45092483
v 5.68386082 1.37554320 3.53184319
v 5.70320638 1.50291920 3.41360637
v 5.68625682 1.53032480 3.43705279
v 5.69488160 1.38956080 3.53131519
v 5.68050083 1.51731600 3.44240878
v 5.66008321 1.45645440 3.54637363
v 5.71479603 1.40146960 3.46677440
v 5.69449761 1.49576640 3.42328722
v 5.71125523 1.43625280 3.43884399
v 5.64958642 1.48716880 3.52443600
v 5.66574801 1.70438480 3.30510637
v 5.65409842 1.86171440 3.18445361
v 5.59295361 2.04751520 3.00151199
v 5.60380641 1.98911360 3.06482879
v 5.65873921 1.52160000 3.47211999
v 5.52276718 1.61036080 3.26453040
v 5.49233682 1.75976240 3.13468081
v 5.36777440 1.90705200 2.92144001
v 5.43160403 1.85299440 3.01553121
v 5.66246720 1.55221440 3.46136720
v 5.62516001 1.51638720 3.50656239
v 5.70621518 1.44964640 3.39783281
v 5.70519038 1.51451600 3.40329760
v 5.69598159 1.40872320 3.41455757
v 5.61655123 1.47333520 3.53360479
v 5.68995361 1.54313040 3.43008401
v 5.63110080 1.36253440 3.50809758
v 5.56465040 1.45908720 3.39613281
v 5.68915361 1.57206080 3.40947839
v 5.58463679 1.55431120 3.45909839
v 5.65140242 1.46778080 3.33560401
v 5.70326238 1.54544320 3.37670799
v 5.68320082 1.49417040 3.33526002
v 5.60502639 1.56992000 3.45822640
v 5.65418642 1.58499760 3.43839279
v 5.59868159 1.84760640 2.99848559
v 5.63564881 1.92651280 3.05633919
v 5.56061122 1.96138640 3.13217361
v 5.56354240 1.81636400 2.98710481
v 5.45150960 1.92186319 3.13770161
v 5.48117680 1.94558080 3.14765440
v 5.61328722 1.95665840 3.10013119
v 5.44322882 1.83121680 3.05251441
v 5.65599841 1.83132800 3.21001199
v 5.61304723 1.72052320 3.08757679
v 5.67363198 1.79715760 3.16909199
v 5.64644562 1.74148480 3.10371040
v 5.49350881 1.71831040 3.17090801
v 5.65619841 1.78252000 3.24337041
v 5.52077921 1.79467600 3.27053200
v 5.61517521 1.68919280 3.11663520
v 5.64137759 1.61312800 3.42024001
v 5.59167359 1.61060000 3.42696803
v 5.67384803 1.53145040 3.30020160
v 5.69793439 1.57384560 3.34557759
v 5.63835278 1.50998880 3.28809599
v 5.56948722 1.60231920 3.42171523
v 5.68585682 1.60361920 3.38620082
v 5.54646959 1.52505360 3.33917200
v 5.50618641 1.66049360 3.21971921
v 5.52137921 1.74264320 3.30369039
v 5.61184719 1.76077360 3.29606237
v 5.54579362 1.75192400 3.30974318
v 5.67143198 1.75870560 3.20375041
v 5.61234718 1.79540080 3.26655999
v 5.64774561 1.71135440 3.13499681
v 5.54632162 1.80115680 3.27618479
v 5.64874560 1.66854640 3.17122720
v 5.67443203 1.72295040 3.23175281
v 5.65839522 1.74939280 3.26824800
v 5.60462238 1.63846000 3.15921839
v 5.50287039 1.86535840 3.20974320
v 5.52778802 1.88119519 3.21376801
v 5.64341759 1.89100080 3.15782000
v 5.48271199 1.77125920 3.11955601
v 5.49220882 1.74054080 3.15040238
v 5.51412322 1.82823120 3.24097361
v 5.54096558 1.83751200 3.25065441
v 5.60559439 1.84081200 3.24022640
v 5.63476479 1.78432080 3.06359920
v 5.66245120 1.85760240 3.11589999
v 5.59134159 1.89615681 3.19725919
v 5.60139439 1.75670640 3.05661840
v 5.63272481 1.65490800 3.39045359
v 5.66812323 1.56530560 3.26794321
v 5.63295279 1.54111920 3.25676561
v 5.67890078 1.64835520 3.35171443
v 5.54969758 1.56368080 3.31336637
v 5.57862402 1.64765520 3.39823761
v 5.69210959 1.61700960 3.31241920
v 5.55843440 1.63412160 3.39540961
v 5.63558081 1.63470560 3.40706242
v 5.67222002 1.54832800 3.28452400
v 5.63642478 1.52694160 3.27344319
v 5.68592882 1.62662160 3.36869520
v 5.54684159 1.54485920 3.32666321
v 5.58574880 1.63027760 3.41108719
v 5.69853438 1.59657920 3.32857197
v 5.56285919 1.61816880 3.40753439
v 5.58365283 1.39694560 3.45315283
v 5.59778961 1.51393120 3.49378161
v 5.70326238 1.52186880 3.39358881
v 5.67143598 1.42720080 3.38031518
v 5.69675039 1.46504000 3.37061840
v 5.68725362 1.55015840 3.42325602
v 5.65784241 1.56329200 3.45424242
v 5.61610718 1.54308960 3.48335682
v 5.50868643 1.63372240 3.30046960
v 5.48655603 1.79290480 3.17794479
v 5.32849122 1.98094640 2.97052881
v 5.41667042 1.89016161 3.05792320
v 5.66397120 1.40538560 3.55572961
v 5.67767283 1.40986640 3.55057363
v 5.61024238 1.39992960 3.53976798
v 5.55174158 1.49275760 3.42990001
v 5.42914802 1.86858720 3.09658159
v 5.48325599 1.74975280 3.21174721
v 5.49258079 1.69173600 3.25718639
v 5.53528882 1.55387120 3.37730802
v 5.47533121 1.80782640 3.16524801
v 5.48435599 1.77485520 3.19629441
v 5.53558883 1.59359840 3.35110559
v 5.53568882 1.57224880 3.36385838
v 5.57124719 1.43144400 3.48509202
v 5.57525599 1.52679760 3.29694880
v 5.57535599 1.54434720 3.28325199
v 5.52605122 1.71885120 3.11433839
v 5.51785123 1.74869760 3.08476081
v 5.61535123 1.39198960 3.41345757
v 5.48662403 1.80975520 3.01431921
v 5.65764641 1.35342560 3.46707760
v 5.70808718 1.38250800 3.50120080
v 5.46854321 1.83818560 2.98288880
v 5.57558399 1.50849200 3.30932960
v 5.52624802 1.68942080 3.13584081
v 5.59501761 1.44767840 3.36376560
v 5.53710079 1.63776000 3.18260801
v 5.43939999 1.89849600 2.86710719
v 5.52877600 1.73577280 3.09928559
v 5.54965358 1.59142720 3.23154400
v 5.69909439 1.36626240 3.49651680
v 5.67732003 1.51071920 3.44544958
v 5.69855039 1.39939760 3.52740320
v 5.66518320 1.44444880 3.54199278
v 5.71208723 1.40336640 3.47427119
v 5.69034161 1.49355360 3.42480322
v 5.70633118 1.43482480 3.45089683
v 5.65665841 1.47642000 3.51959922
v 5.65808641 1.51583120 3.47119519
v 5.68377282 1.41147840 3.54078078
v 5.70557838 1.38911680 3.50439758
v 5.68796962 1.45718640 3.48719202
v 5.69452561 1.42585600 3.51159437
v 5.64207758 1.49491120 3.30517361
v 5.67754802 1.51630080 3.31335440
v 5.55049758 1.50259520 3.35724962
v 5.64833358 1.59994720 3.42784001
v 5.69946239 1.56172400 3.36015843
v 5.68632882 1.58573840 3.39942560
v 5.57724001 1.58654160 3.43719280
v 5.59750162 1.59452240 3.43934882
v 5.53908880 1.53063760 3.39504480
v 5.57911203 1.48675840 3.32610717
v 5.69812643 1.64439280 3.04707599
v 5.77069198 1.57770480 2.91330081
v 5.79507839 1.61261920 2.94919599
v 5.75488317 1.64944560 3.02118640
v 5.72250003 1.80247520 2.94328880
v 5.76574800 1.76297680 2.86290161
v 5.74425837 1.71918480 2.81965039
v 5.66094318 1.78876960 2.97240321
v 5.59430163 1.88105440 2.90498961
v 5.68384482 1.81786960 2.73701200
v 5.71518403 1.88562320 2.78691279
v 5.63442480 1.96451761 2.83974159
v 5.70417838 1.94465280 2.74123279
v 5.60723438 1.86019040 2.66441041
v 5.55745842 1.92152559 2.86770320
v 5.66028321 1.90774080 2.86747520
v 5.63084483 1.77070480 2.96475040
v 5.66742801 1.62878400 3.04082000
v 5.58594482 1.81679840 2.66651361
v 5.65423041 1.78615520 2.73135920
v 5.71361923 1.69259520 2.80474479
v 5.73982162 1.55151840 2.89799201
v 5.52744402 1.89488320 2.87262800
v 5.57028721 1.85264000 2.89766161
v 5.80177519 1.36591680 3.21306479
v 5.81080002 1.42594640 3.14843598
v 5.79763839 1.32556560 3.22997361
v 5.84923922 1.31204080 3.10230719
v 5.85216721 1.27783040 3.12115279
v 5.81412802 1.26181200 3.19047840
v 5.83791763 1.39586000 3.08776641
v 5.83083359 1.42309040 3.11335279
v 5.83654563 1.26813280 3.19823121
v 5.82636480 1.41210960 3.11910881
v 5.81615601 1.31881280 3.22668559
v 5.86093199 1.28354240 3.13614959
v 5.83674563 1.38723520 3.09741919
v 5.86043199 1.30890080 3.11728801
v 5.81159998 1.35603600 3.21477681
v 5.79135042 1.63833360 2.98449121
v 5.75779522 1.78979440 2.90119681
v 5.68384482 1.95938960 2.79394960
v 5.69805041 1.90448480 2.82920800
v 5.80894723 1.41359360 3.15243600
v 5.64521358 1.56287120 2.94539600
v 5.60155841 1.69428640 2.85965759
v 5.49154882 1.83343520 2.74246079
v 5.54010079 1.77890240 2.79284079
v 5.80877518 1.44118320 3.14081120
v 5.77374878 1.38903520 3.19734320
v 5.83757763 1.33318720 3.07556481
v 5.83958643 1.40521280 3.07878561
v 5.82764079 1.29802000 3.08488959
v 5.76037521 1.35613600 3.21113679
v 5.83143359 1.43739920 3.10557200
v 5.76587200 1.27223360 3.16117999
v 5.70217438 1.37541120 3.06722079
v 5.82650880 1.47387920 3.07973839
v 5.71336719 1.45327680 3.14902001
v 5.78760158 1.38466400 3.01322000
v 5.83243362 1.44682080 3.04819921
v 5.81344719 1.40409760 3.01960079
v 5.73800961 1.47423840 3.14864801
v 5.79749440 1.48791600 3.11320879
v 5.70095039 1.79569200 2.76331761
v 5.72626481 1.85116800 2.80899041
v 5.67546400 1.87921040 2.88535281
v 5.67020798 1.76770560 2.75000880
v 5.58729279 1.83969040 2.91294240
v 5.61703519 1.86178000 2.92269519
v 5.71153118 1.87555440 2.84608561
v 5.55285358 1.76039680 2.80579359
v 5.76944800 1.76613280 2.91317441
v 5.71611603 1.67346160 2.81309761
v 5.77620078 1.73964640 2.87690720
v 5.75261441 1.69742320 2.83103120
v 5.61555518 1.66846800 2.87668241
v 5.77237278 1.73977440 2.92505520
v 5.64209760 1.73687760 2.98482801
v 5.71904401 1.65255920 2.82565041
v 5.78591363 1.52859920 3.09512799
v 5.72685678 1.52214640 3.11931760
v 5.79916641 1.45675840 2.98431441
v 5.82520879 1.49030080 3.02283759
v 5.76469922 1.43949680 2.97276159
v 5.69645843 1.51013760 3.11523680
v 5.81988081 1.51269040 3.05713279
v 5.68952161 1.45940240 3.01268480
v 5.61708318 1.65478720 2.88557921
v 5.64462560 1.71457200 2.99360881
v 5.74253359 1.73108080 2.97397521
v 5.67379601 1.72878080 3.00389280
v 5.77710078 1.71528800 2.89091601
v 5.74063360 1.75748320 2.96302241
v 5.75511121 1.67541760 2.84611200
v 5.66966802 1.75378320 2.99261201
v 5.75491121 1.65201520 2.85979281
v 5.78022882 1.68985440 2.90474079
v 5.77527278 1.71397200 2.93710801
v 5.72204401 1.63657840 2.83750319
v 5.62404798 1.79018240 2.95389759
v 5.65419039 1.80907200 2.95885360
v 5.74551439 1.81169680 2.88884399
v 5.59293362 1.70453600 2.84698001
v 5.60845839 1.68688640 2.86868561
v 5.63517283 1.75745520 2.97187840
v 5.66451518 1.77368880 2.98185600
v 5.73407761 1.78286960 2.95434161
v 5.73160880 1.74608720 2.80779761
v 5.75359517 1.78678240 2.85074879
v 5.70864721 1.81965280 2.92883921
v 5.70209439 1.71450080 2.79109199
v 5.76863602 1.57530720 3.06739761
v 5.79016958 1.50749440 2.95631200
v 5.76142723 1.48107680 2.94413121
v 5.80763118 1.56289840 3.02337761
v 5.67197198 1.49233280 2.98838241
v 5.71913199 1.56848240 3.09088719
v 5.80673118 1.54240560 2.98727921
v 5.68823358 1.55764560 3.08955919
v 5.77548881 1.55110480 3.08264720
v 5.79436638 1.48146080 2.97116160
v 5.76429922 1.45847440 2.96121200
v 5.81165598 1.53759600 3.04275520
v 5.68352482 1.47232720 3.00345999
v 5.72445678 1.54185200 3.10753681
v 5.81425602 1.51167840 3.00666000
v 5.69266158 1.53054320 3.10351199
v 5.72640480 1.31340080 3.11711599
v 5.73454160 1.40054400 3.17828161
v 5.83818962 1.42581520 3.06820479
v 5.81203520 1.33250320 3.05473120
v 5.83014963 1.36484240 3.05075921
v 5.82940559 1.45410480 3.09391920
v 5.80371919 1.46421360 3.12755841
v 5.75838722 1.43205840 3.17295361
v 5.63523280 1.58506080 2.98679121
v 5.59720562 1.72240080 2.91150561
v 5.48815202 1.87481840 2.81363041
v 5.53354802 1.80486400 2.84418879
v 5.80006639 1.27861760 3.21644001
v 5.82393680 1.27988560 3.21813681
v 5.75526321 1.29609520 3.19052240
v 5.68916562 1.40090080 3.10431600
v 5.54879758 1.78468640 2.85504161
v 5.60973039 1.69458240 2.92729921
v 5.61222718 1.67790480 2.93665520
v 5.67541598 1.47896720 3.05645199
v 5.58565279 1.73475360 2.90025280
v 5.60493041 1.71470400 2.91840241
v 5.65716638 1.51396640 3.02947440
v 5.67011600 1.49478880 3.04672720
v 5.71412718 1.34181520 3.14875519
v 5.71061121 1.45914640 2.97484559
v 5.70188638 1.47662400 2.95853999
v 5.64422558 1.67347760 2.82343441
v 5.62777601 1.69365520 2.80655679
v 5.75561920 1.30268880 3.08594559
v 5.59334561 1.74598800 2.76850160
v 5.78653362 1.26225280 3.12774081
v 5.85172321 1.26170800 3.17778479
v 5.57876803 1.76669360 2.75264879
v 5.71876400 1.44299680 2.98464241
v 5.65195042 1.65762800 2.83498720
v 5.73131677 1.36353040 3.03590961
v 5.65285042 1.64147840 2.84651200
v 5.51613523 1.81782640 2.66579441
v 5.63682880 1.68320240 2.81570959
v 5.67898083 1.54853440 2.90810079
v 5.83518959 1.25468400 3.16477599
v 5.81745601 1.40238480 3.12132161
v 5.83951443 1.28011360 3.19465041
v 5.81955281 1.32524960 3.21642081
v 5.86027599 1.29062320 3.14745840
v 5.83288959 1.38171040 3.10123519
v 5.85780399 1.31352880 3.12646879
v 5.81302798 1.35270800 3.20586800
v 5.80611918 1.40612480 3.15263600
v 5.82806160 1.29036640 3.21072799
v 5.84851122 1.27475760 3.17707279
v 5.84424242 1.33254640 3.17064481
v 5.84734242 1.31196880 3.18319761
v 5.77152399 1.42031920 2.98638639
v 5.80329441 1.43525280 2.99759520
v 5.69222158 1.43210000 3.02650961
v 5.79113842 1.50872160 3.10238399
v 5.82803683 1.46879520 3.03594640
v 5.82490879 1.49238480 3.06848561
v 5.70088642 1.48813520 3.12688639
v 5.73098483 1.50246880 3.13167040
v 5.67721603 1.45398960 3.06972961
v 5.72439197 1.42051920 2.99526720
v 5.69090162 1.62347760 2.71971680
v 5.73015280 1.57417040 2.59623839
v 5.76402001 1.60658480 2.63376160
v 5.74938637 1.62137760 2.68654639
v 5.73956157 1.74119600 2.63690720
v 5.75539521 1.71770640 2.58102241
v 5.71344723 1.66805840 2.54739919
v 5.67029600 1.73164320 2.68525520
v 5.63456879 1.81960640 2.64590001
v 5.67736403 1.74964960 2.50308801
v 5.71748401 1.81022240 2.53841120
v 5.68360082 1.91437521 2.56590641
v 5.69172561 1.88176080 2.50485281
v 5.64933362 1.79738240 2.46746081
v 5.61695923 1.86170240 2.63373200
v 5.69977839 1.84176480 2.59256799
v 5.64089759 1.71330960 2.67810241
v 5.66395922 1.61559680 2.71928879
v 5.61476323 1.76494320 2.47318560
v 5.64452158 1.72708800 2.50076321
v 5.67977683 1.64862480 2.54214639
v 5.70571038 1.55996160 2.58945760
v 5.59408561 1.82427920 2.64238799
v 5.60687038 1.80246960 2.64687201
v 5.74611837 1.42299280 2.79805839
v 5.76219201 1.44863920 2.76126321
v 5.74543437 1.39930640 2.80803919
v 5.77807283 1.37288880 2.71415041
v 5.77748883 1.35427120 2.72137520
v 5.76712400 1.33975360 2.77837201
v 5.77697283 1.42032480 2.71711520
v 5.77227278 1.43945840 2.73577360
v 5.77644478 1.34589040 2.77972800
v 5.77248878 1.43307760 2.73980159
v 5.75492722 1.39682240 2.80698239
v 5.78398162 1.35718720 2.72918401
v 5.77797283 1.41712480 2.71913120
v 5.78445362 1.37414880 2.72165920
v 5.75612722 1.41698400 2.79749839
v 5.76584800 1.61909360 2.66143201
v 5.75479521 1.73496800 2.60813679
v 5.69757839 1.90179440 2.53429520
v 5.71338723 1.83168080 2.56495361
v 5.76303601 1.44091440 2.76309121
v 5.63708880 1.56608960 2.63548959
v 5.61033038 1.65863360 2.59753121
v 5.55907841 1.77529600 2.55333201
v 5.57922803 1.74034080 2.56685681
v 5.76163601 1.46246400 2.75726321
v 5.73121280 1.44207040 2.79186159
v 5.77071998 1.38288560 2.69734160
v 5.77564478 1.43227760 2.70805919
v 5.76480800 1.36214000 2.70325359
v 5.72284803 1.41951200 2.80138639
v 5.77301678 1.45178320 2.73074880
v 5.72644481 1.33425680 2.76673520
v 5.66379121 1.43359360 2.70200641
v 5.77802878 1.49611920 2.71437121
v 5.69281763 1.49022240 2.76972800
v 5.73413760 1.43709040 2.64914961
v 5.78042883 1.47901360 2.68532879
v 5.75485522 1.44886800 2.65147441
v 5.71420399 1.50193120 2.76942800
v 5.76349201 1.50582800 2.74328241
v 5.68641682 1.73117200 2.51524081
v 5.72421200 1.78032000 2.55033601
v 5.71070323 1.80933440 2.60534879
v 5.65554641 1.71053840 2.50981599
v 5.61359523 1.77806720 2.65036881
v 5.64126558 1.79705680 2.65342479
v 5.72464000 1.80168160 2.57867841
v 5.58865282 1.72046320 2.57005680
v 5.75762321 1.71070960 2.62054560
v 5.68702962 1.62854720 2.55299921
v 5.75782321 1.69447280 2.59327519
v 5.71870001 1.64785280 2.56005199
v 5.62268001 1.61932240 2.61471201
v 5.75959520 1.68347920 2.63409840
v 5.65045038 1.67022960 2.69498319
v 5.69145761 1.61226960 2.56355201
v 5.75853922 1.55716400 2.72010799
v 5.70617920 1.55293600 2.74875041
v 5.74733037 1.50415680 2.62617201
v 5.77720078 1.53707120 2.66299200
v 5.72408801 1.49125120 2.62058800
v 5.68373678 1.54508320 2.74652239
v 5.77577278 1.55280800 2.69216239
v 5.65443842 1.49743520 2.67194799
v 5.62803601 1.59944800 2.62160880
v 5.65640642 1.64422720 2.70503600
v 5.74508637 1.65780480 2.67072160
v 5.68477683 1.65457680 2.70716400
v 5.75922320 1.66924240 2.60755599
v 5.74246157 1.68883200 2.65874079
v 5.72162801 1.62837520 2.57133280
v 5.67854878 1.68217920 2.69863599
v 5.72440000 1.60527280 2.58155761
v 5.76072320 1.63681200 2.61868080
v 5.76132320 1.65564880 2.64757921
v 5.69422961 1.59166400 2.57457680
v 5.63657280 1.73531520 2.67124960
v 5.66559920 1.75477680 2.67703041
v 5.74674242 1.75560160 2.60061201
v 5.60490239 1.67858320 2.58810640
v 5.61645523 1.63760000 2.60638399
v 5.64535359 1.69150400 2.68675519
v 5.67522398 1.70601280 2.69151119
v 5.74188957 1.71556240 2.64828801
v 5.70771918 1.68738880 2.53651840
v 5.74794242 1.73514000 2.57184160
v 5.72930880 1.76225440 2.62825441
v 5.67405198 1.66683040 2.53129359
v 5.75261122 1.58961920 2.70462720
v 5.74020557 1.53874320 2.61239121
v 5.71716003 1.52510640 2.60583839
v 5.76884800 1.58546320 2.67761280
v 5.65203838 1.53003440 2.65636720
v 5.69772642 1.58709440 2.73629761
v 5.76944800 1.57145760 2.64924241
v 5.67408400 1.58011040 2.73234159
v 5.75521122 1.57424160 2.71225200
v 5.74253359 1.52206240 2.61911600
v 5.71968803 1.51102880 2.61226321
v 5.77227278 1.57111360 2.68513760
v 5.65513842 1.51321280 2.66336721
v 5.70275441 1.56851680 2.74222239
v 5.77387278 1.55537680 2.65706721
v 5.68113678 1.56193280 2.73896641
v 5.68242483 1.36842400 2.73632079
v 5.70586721 1.45124240 2.78660561
v 5.78032883 1.45235520 2.69693760
v 5.75314641 1.38772640 2.67900801
v 5.76463600 1.40648800 2.67543601
v 5.77922883 1.47146080 2.72322401
v 5.76606400 1.48659760 2.75541919
v 5.72115998 1.47037280 2.78060880
v 5.63013281 1.57899840 2.66563200
v 5.60750238 1.67021440 2.62162080
v 5.55156562 1.81709840 2.60156481
v 5.57840003 1.75647760 2.59311519
v 5.75408722 1.35497440 2.79776160
v 5.76586400 1.36085520 2.79858960
v 5.71373918 1.35649920 2.79250560
v 5.65913518 1.44792720 2.73174880
v 5.58742482 1.73427200 2.59504319
v 5.61615518 1.63125920 2.64072639
v 5.62248003 1.60872880 2.64942319
v 5.64991039 1.51204080 2.70446241
v 5.60320239 1.69079200 2.61349281
v 5.61183038 1.65013680 2.63277360
v 5.64781358 1.54381520 2.68330960
v 5.64961039 1.52612160 2.69323761
v 5.67717198 1.38951360 2.76343521
v 5.67110000 1.50442880 2.63528079
v 5.66667521 1.52125360 2.63005280
v 5.62899200 1.62944720 2.58386960
v 5.61691123 1.66870240 2.56502001
v 5.70331439 1.35954000 2.70762239
v 5.59923359 1.70918240 2.54476719
v 5.74186557 1.32750080 2.73479600
v 5.78412562 1.34183760 2.75472639
v 5.58848082 1.72636000 2.53884240
v 5.67170000 1.48595440 2.64337759
v 5.63581679 1.61214160 2.59139439
v 5.68298083 1.42348160 2.67260801
v 5.64366958 1.59229200 2.59852241
v 5.56903120 1.75639040 2.52754559
v 5.62303601 1.64935280 2.57344480
v 5.65422242 1.55680880 2.61007519
v 5.77520483 1.33525360 2.75027360
v 5.77161998 1.42722480 2.74117359
v 5.78346962 1.35602720 2.77760001
v 5.76218001 1.39029760 2.79987039
v 5.78295363 1.36316800 2.73483680
v 5.77587283 1.41134400 2.72238400
v 5.78275362 1.37472080 2.72781201
v 5.75615522 1.41083120 2.79437359
v 5.76170801 1.43588960 2.76411601
v 5.77079200 1.36770800 2.79470560
v 5.78742560 1.35004640 2.75635439
v 5.77504478 1.39393840 2.76063521
v 5.77804478 1.37828880 2.76656320
v 5.72784081 1.47497360 2.62944400
v 5.74975837 1.48332640 2.63629679
v 5.65403838 1.47962960 2.68067280
v 5.75976722 1.53605840 2.72813280
v 5.77792878 1.51154080 2.67327600
v 5.77670078 1.52957440 2.70241840
v 5.68543358 1.52510880 2.75624719
v 5.70967919 1.53366160 2.75647520
v 5.65071039 1.49486320 2.71474319
v 5.67272800 1.46964560 2.65000561
v 4.65350243 2.30940480 3.08972880
v 4.85857522 2.30460800 3.16556321
v 4.78682482 2.35824000 3.16109119
v 4.66613919 2.35368080 3.11966799
v 4.66401122 2.26550960 3.06736720
v 4.85490640 2.26718481 3.12849599
v 4.60319759 2.19200159 3.26749519
v 4.64156483 2.24411840 3.24337360
v 4.58814483 2.15359440 3.29905361
v 4.76502238 2.24829360 3.33367683
v 4.75517843 2.20248960 3.36093519
v 4.68127199 2.13512400 3.36431040
v 4.73445201 2.27240799 3.29003760
v 4.68922882 2.27357681 3.25548239
v 4.65978238 2.15554960 3.38928482
v 4.68638483 2.26294000 3.26200719
v 4.59086881 2.16719920 3.33384881
v 4.72324000 2.20718560 3.38485681
v 4.72693998 2.26664321 3.30419037
v 4.74042080 2.25076560 3.34467360
v 4.60564643 2.19572960 3.28561281
v 4.71401521 2.38067041 3.14901038
v 4.63947683 2.23923759 3.25228241
v 4.78549360 2.21790880 3.07037041
v 4.64556162 2.25324320 3.22982399
v 4.60422240 2.20332320 3.24249281
v 4.78372800 2.24869360 3.31557120
v 4.74327678 2.27760480 3.27808801
v 4.78144003 2.20418961 3.33165203
v 4.59536963 2.15599120 3.25678641
v 4.69285681 2.28320160 3.24642960
v 4.69760562 2.12636799 3.32534322
v 4.74234160 2.14464240 3.21390639
v 4.69970961 2.30520720 3.22530801
v 4.62385599 2.17969360 3.18299199
v 4.81802322 2.21525520 3.25792641
v 4.75991042 2.29285440 3.24798561
v 4.81523920 2.25825919 3.26713521
v 4.61897519 2.23019760 3.18842881
v 4.65118643 2.27994561 3.20121841
v 4.65798640 2.30612000 3.17581601
v 4.63302482 2.25840000 3.15077361
v 4.83414483 2.27200880 3.22485200
v 4.77251601 2.31303201 3.21988000
v 4.84252558 2.23525760 3.19883759
v 4.64193361 2.21134880 3.13145599
v 4.70496241 2.33098159 3.20483039
v 4.76784402 2.17310080 3.13924000
v 4.79734643 2.23495519 3.03314001
v 4.67506399 2.28738721 3.03521201
v 4.67819202 2.37325840 3.08335679
v 4.66495519 2.32993520 3.05839839
v 4.87045602 2.32681359 3.12500799
v 4.79767442 2.37761441 3.12583601
v 4.72719598 2.39897600 3.11695201
v 4.87078398 2.28785920 3.09164080
v 4.65778642 2.33637841 3.14600160
v 4.84449763 2.29058640 3.18646881
v 4.84917840 2.25393520 3.15750159
v 4.70829041 2.36309280 3.17666879
v 4.77589681 2.19250320 3.10007279
v 4.64467760 2.28932721 3.11648720
v 4.78019682 2.33740640 3.18522481
v 4.65485838 2.24080721 3.09427280
v 4.65535842 2.32017280 3.16343520
v 4.83977283 2.27883680 3.20764640
v 4.84698158 2.24321040 3.18010400
v 4.70346242 2.34655920 3.19560240
v 4.77117202 2.18242559 3.11750641
v 4.63835281 2.27144960 3.13719279
v 4.77644401 2.32395679 3.20680239
v 4.64743360 2.22392960 3.11607839
v 4.72203603 2.12936799 3.26709840
v 4.60767841 2.16221600 3.21575041
v 4.75145763 2.28432960 3.26393521
v 4.80051759 2.20825839 3.29776557
v 4.80053362 2.25236241 3.29326557
v 4.69718159 2.29335440 3.23610480
v 4.65006160 2.26656800 3.21577119
v 4.61274719 2.21547600 3.21505920
v 4.70895919 2.22116160 3.05593359
v 4.61914322 2.12599601 3.33542401
v 4.61024642 2.15384960 3.36218242
v 4.63294880 2.11741520 3.29382880
v 4.67126000 2.13744561 3.18691999
v 4.72261201 2.24666400 3.02003439
v 4.69343762 2.16790080 3.11927840
v 4.70529039 2.19273119 3.08386401
v 4.69783441 2.17665360 3.10399760
v 4.65275443 2.12144000 3.24053679
v 4.82489200 2.21364001 3.15131759
v 4.82851680 2.22459279 3.13351199
v 4.77638401 2.17053519 3.28982880
v 4.75425038 2.16493841 3.33442398
v 4.70296239 2.17625519 3.39603761
v 4.82059200 2.20598720 3.17035440
v 4.79646163 2.18138480 3.24109279
v 4.84919439 2.25632000 3.06568241
v 4.84189757 2.24739520 3.10916241
v 4.72572000 2.16506641 3.36933519
v 4.68518479 2.25538720 3.26803520
v 4.65252959 2.17845201 3.37985678
v 4.60371839 2.17362721 3.33857681
v 4.70969043 2.21391041 3.37813202
v 4.72786798 2.26221521 3.30379037
v 4.73106801 2.24254080 3.33894883
v 4.61144642 2.19732960 3.29496560
v 4.64020483 2.23450959 3.25338241
v 4.61789921 2.16972720 3.36357920
v 4.69543761 2.19553280 3.38848161
v 4.66318240 2.22595999 3.32972079
v 4.65362958 2.19925760 3.36597920
v 4.83320080 2.22480480 3.22264321
v 4.82556398 2.26448399 3.24502959
v 4.76181918 2.16764801 3.15601760
v 4.65328643 2.29409519 3.18783759
v 4.76646322 2.30367920 3.23503280
v 4.70223441 2.31915680 3.21687999
v 4.63480882 2.19767119 3.15216161
v 4.62660003 2.24557519 3.16705119
v 4.68670959 2.15612000 3.13861201
v 4.81203921 2.19723440 3.19425680
v 5.34118402 2.01275681 3.48851598
v 5.45266078 1.90862960 3.40620080
v 5.46013840 2.02247920 3.27966719
v 5.34610882 2.11615041 3.37706321
v 5.42095523 2.10550800 3.09194400
v 5.33168723 2.21871600 3.21563039
v 5.32938720 2.18366080 3.27219120
v 5.43466400 2.09881440 3.16430159
v 5.35571758 1.84294960 3.67371037
v 5.44338883 1.76444000 3.61983763
v 5.36112963 1.82196000 3.68097522
v 5.43377999 1.75963120 3.63327120
v 5.44881680 1.77096480 3.59952001
v 5.34448399 1.86028320 3.65450480
v 5.33398400 2.16198641 3.30349360
v 5.43898880 2.07753679 3.20898159
v 5.45994163 1.97748720 3.31830959
v 5.34860881 2.07806719 3.42382721
v 5.32567520 1.89663840 3.61236559
v 5.45466083 1.83461920 3.49932002
v 5.32577521 1.92889360 3.57890718
v 5.45631363 1.95550961 3.34414000
v 5.34488081 2.05176480 3.44975760
v 5.45106080 1.80639200 3.53930321
v 5.46123839 2.00094559 3.29567600
v 5.35160879 2.09677280 3.40249357
v 5.34310882 2.12965599 3.35472958
v 5.45184163 2.04710960 3.25409280
v 5.33695599 1.95802401 3.55117682
v 5.45466083 1.86264960 3.46678961
v 5.33060320 1.94344640 3.56622960
v 5.45538883 1.84810000 3.48416719
v 5.44936082 1.78338960 3.56690560
v 5.33167523 1.87573280 3.63447122
v 5.42709920 1.75777840 3.63460320
v 5.36181763 1.81479120 3.68081922
v 5.40652160 1.77899600 3.67963842
v 5.45406083 1.82064160 3.51742558
v 5.32464720 1.91634399 3.58915998
v 5.58453281 1.70784400 3.35032642
v 5.67110402 1.63942800 3.23566881
v 5.66837598 1.80055440 3.10789119
v 5.56965522 1.86917040 3.23057361
v 5.56545120 1.98123039 2.89028161
v 5.44399280 2.06723679 3.03897920
v 5.50276641 1.98126079 3.12064880
v 5.61391523 1.91377601 2.99431040
v 5.64570558 1.52316800 3.49773760
v 5.70738718 1.47113600 3.40996959
v 5.64810562 1.51047120 3.49813760
v 5.70349038 1.47096000 3.42106322
v 5.70878718 1.48112960 3.39318882
v 5.64167758 1.54228960 3.48635682
v 5.51844400 1.95958641 3.14475440
v 5.62889281 1.88634560 3.02011601
v 5.66537918 1.73161600 3.16641120
v 5.57730801 1.79773200 3.27678481
v 5.62904081 1.58359760 3.44957043
v 5.69138159 1.55031200 3.31773520
v 5.62088798 1.61685600 3.42396799
v 5.66477918 1.69166400 3.19471359
v 5.57750801 1.75907680 3.30541521
v 5.69690639 1.51628480 3.35069358
v 5.67180398 1.77522400 3.13415279
v 5.57478001 1.84011200 3.24847919
v 5.56182719 1.89150079 3.20926801
v 5.65582641 1.82046000 3.08645761
v 5.61063521 1.65550800 3.39660962
v 5.68425681 1.58889520 3.28580480
v 5.61276321 1.63423360 3.41191521
v 5.68778160 1.56878960 3.30258560
v 5.70516238 1.49358240 3.37502720
v 5.63589680 1.55989520 3.47077599
v 5.70037839 1.46789200 3.42803521
v 5.65147442 1.50559040 3.49673760
v 5.68314482 1.48341680 3.46621440
v 5.69310959 1.53563440 3.33111597
v 5.62278798 1.59927840 3.43674878
v 5.72754083 1.65184560 3.03609200
v 5.78529762 1.59521040 2.92946241
v 5.75959521 1.74081520 2.83758399
v 5.68712958 1.79897520 2.96322240
v 5.67712003 1.94379680 2.68198800
v 5.57149520 1.95568080 2.84959439
v 5.62694403 1.90041600 2.89270559
v 5.70320638 1.85180880 2.75274559
v 5.80094719 1.40370000 3.18265041
v 5.84547042 1.35264880 3.08958241
v 5.80499118 1.39106320 3.18381841
v 5.85117921 1.34974000 3.09920719
v 5.84151443 1.36620160 3.07580161
v 5.79346640 1.42444960 3.17145361
v 5.64617759 1.87628560 2.90778641
v 5.71545603 1.81705360 2.77802321
v 5.77187278 1.69425440 2.86710159
v 5.69568242 1.76383600 2.98558401
v 5.76765201 1.48691920 3.13536720
v 5.81432800 1.47046720 2.99835121
v 5.75527119 1.52969920 3.11083681
v 5.77074798 1.66992080 2.88165120
v 5.70343841 1.73550560 2.99673680
v 5.82658083 1.42525920 3.03210641
v 5.76944800 1.71941280 2.84929280
v 5.68945758 1.78356960 2.97480319
v 5.67783281 1.81825280 2.94754480
v 5.74451437 1.76694880 2.82520639
v 5.74494640 1.57470720 3.08220320
v 5.80047838 1.52480000 2.97021759
v 5.75084319 1.55050480 3.09758401
v 5.80740322 1.49639760 2.98569840
v 5.83586163 1.39645680 3.05504000
v 5.77870478 1.45548880 3.15452001
v 5.84805122 1.34988400 3.10696000
v 5.81007523 1.38733840 3.17979041
v 5.83313359 1.36312080 3.14891119
v 5.81982803 1.44886160 3.01100079
v 5.76202402 1.51002160 3.12108960
v 5.72117203 1.62357760 2.70843600
v 5.75333921 1.59370400 2.61407201
v 5.74648642 1.69924160 2.56393281
v 5.71094723 1.74162400 2.67014960
v 5.68214482 1.85200240 2.48651920
v 5.65619841 1.91539121 2.61341441
v 5.67659203 1.83966480 2.62341040
v 5.70527838 1.78166080 2.51792161
v 5.75245842 1.44347040 2.78205279
v 5.77750083 1.39814720 2.71060641
v 5.75615522 1.43407360 2.78160880
v 5.78090082 1.39546640 2.71813120
v 5.77491683 1.40971600 2.69735360
v 5.74630237 1.45922000 2.77745279
v 5.68621682 1.81083440 2.63356320
v 5.71163123 1.75745840 2.52894959
v 5.74568642 1.65170560 2.58703840
v 5.71344718 1.68643520 2.68433040
v 5.74094960 1.51148400 2.76197200
v 5.76944800 1.52196560 2.64653041
v 5.73654960 1.55736400 2.73896641
v 5.74771442 1.62280640 2.60001921
v 5.71694403 1.65803280 2.69425520
v 5.77054800 1.46237680 2.66423921
v 5.74721442 1.67531120 2.57771361
v 5.71397523 1.71676560 2.67667441
v 5.70459438 1.76355440 2.65766879
v 5.74026157 1.71767520 2.55438001
v 5.72882481 1.59174720 2.72358879
v 5.75996721 1.55624880 2.63045281
v 5.73202161 1.57436960 2.73111360
v 5.76409201 1.53697120 2.63717760
v 5.77364478 1.42752160 2.67712001
v 5.74154959 1.48462560 2.77162799
v 5.77902883 1.39501040 2.72142800
v 5.75585522 1.42636480 2.77963680
v 5.77072000 1.41264400 2.75168239
v 5.77014800 1.50206000 2.65348639
v 5.73937760 1.53678640 2.74809441
v 5.26699358 1.96185281 3.45994882
v 5.27001839 2.06707441 3.36300161
v 5.22843520 2.15627520 3.17248240
v 5.23935999 2.12800080 3.24445201
v 5.42488322 1.67275920 3.69344719
v 5.35450163 1.73178800 3.75231281
v 5.36628958 1.86165040 3.36035283
v 5.36658640 1.95691040 3.25470881
v 5.32617523 2.02507681 3.04462320
v 5.34623678 2.03507360 3.13206241
v 5.30407681 1.75452160 3.70325678
v 5.28187122 1.83528160 3.60942880
v 5.25214083 2.10552641 3.29108801
v 5.27041838 2.03824400 3.39542882
v 5.26971838 2.01694161 3.41150961
v 5.28114323 1.88994240 3.54948397
v 5.26789039 2.07789920 3.34534879
v 5.27031838 2.05262480 3.37927920
v 5.27944318 1.91724480 3.52566241
v 5.28184323 1.90359521 3.53858719
v 5.37869521 1.70097440 3.58760242
v 5.33843999 1.73221600 3.74370802
v 5.28989599 1.80808240 3.64611200
v 5.36456160 1.80456480 3.45712803
v 5.36546160 1.94611680 3.27386161
v 5.36331761 1.97398801 3.23037841
v 5.36356160 1.81161760 3.44267518
v 5.35888963 2.00694640 3.18177041
v 5.42715122 1.68302800 3.69657519
v 5.40418158 1.67444400 3.64231919
v 5.36546158 1.79476800 3.47074960
v 5.36366161 1.73355760 3.54006321
v 5.36658958 1.91205840 3.31041680
v 5.36646159 1.93036400 3.28861121
v 5.36601040 1.73497200 3.74556402
v 5.42436722 1.69306480 3.70138798
v 5.39671281 1.71515440 3.72859039
v 5.28041522 1.86923680 3.56708961
v 5.36406158 1.77259360 3.49062718
v 5.51051443 1.65934000 3.32911199
v 5.49180883 1.81749440 3.20183119
v 5.34872479 1.98890240 3.01389279
v 5.41839522 1.91527920 3.07635679
v 5.70883118 1.37626800 3.46950239
v 5.66558320 1.43078400 3.55766641
v 5.58262402 1.57561840 3.20828560
v 5.57019919 1.72882000 3.07912400
v 5.48236403 1.89816800 2.88102880
v 5.51456643 1.83058560 2.96562719
v 5.60715838 1.43760880 3.54160478
v 5.56337841 1.52729680 3.45041761
v 5.43490082 1.89557680 3.11936800
v 5.49333683 1.77421440 3.24384240
v 5.49806159 1.71965360 3.28590077
v 5.54546962 1.58035760 3.40577842
v 5.48188401 1.83461600 3.18920960
v 5.49343683 1.80177280 3.22031201
v 5.54047283 1.61695680 3.37834799
v 5.54376962 1.60093520 3.39067277
v 5.64146558 1.39781440 3.39912400
v 5.65549041 1.42517520 3.56013840
v 5.57599999 1.46873920 3.49632880
v 5.60895443 1.52151360 3.27884320
v 5.57049919 1.71087040 3.09420480
v 5.56370240 1.74616960 3.06197439
v 5.60705443 1.53633520 3.26331840
v 5.52974400 1.79963040 2.99006081
v 5.71217123 1.38796080 3.48516402
v 5.68304482 1.36923120 3.44289998
v 5.60998238 1.50393600 3.29332080
v 5.62651600 1.45287520 3.34356000
v 5.57342723 1.62617920 3.15829039
v 5.57345199 1.67891200 3.11810719
v 5.67333598 1.42941200 3.54884563
v 5.70873118 1.39164480 3.49126401
v 5.69785039 1.40999440 3.52080322
v 5.55102559 1.56195200 3.42165919
v 5.61433523 1.48563040 3.30930160
v 5.64834158 1.60982240 3.02425840
v 5.61138319 1.74851840 2.94419200
v 5.50625760 1.88117440 2.84594160
v 5.54865358 1.82705360 2.87653121
v 5.84805122 1.25864000 3.14405840
v 5.81920881 1.29295440 3.22520159
v 5.71317921 1.54693440 2.89679521
v 5.67844883 1.67975840 2.80211999
v 5.55720241 1.81327040 2.67476641
v 5.61596323 1.77041840 2.73568720
v 5.75419122 1.32034080 3.20568400
v 5.69687442 1.43079040 3.13628639
v 5.56200642 1.80997600 2.89210879
v 5.62243598 1.71771600 2.96276961
v 5.62563603 1.69691040 2.97392240
v 5.67996880 1.49370400 3.09394719
v 5.59975843 1.76399600 2.93466720
v 5.61801118 1.73629360 2.95084480
v 5.66701602 1.54078400 3.07266960
v 5.67547201 1.51537840 3.08302239
v 5.77906482 1.30714480 3.06980880
v 5.79591039 1.29679840 3.22564559
v 5.72048003 1.36952960 3.16977281
v 5.73928161 1.45461840 2.96383679
v 5.67852083 1.66908080 2.80990081
v 5.66679920 1.69841120 2.79089519
v 5.73700962 1.47612400 2.94380320
v 5.63434079 1.74864400 2.75366479
v 5.85947599 1.26413680 3.16119199
v 5.80309518 1.26880560 3.10842319
v 5.73985361 1.43866880 2.97676160
v 5.75606243 1.36533040 3.02397280
v 5.68664882 1.63815040 2.83057840
v 5.68082083 1.65442800 2.82005359
v 5.82423680 1.30389120 3.21383999
v 5.85549521 1.27772960 3.16714801
v 5.84504242 1.29569120 3.19045040
v 5.68476883 1.47189840 3.10832481
v 5.74578160 1.41739120 2.98711439
v 5.63838880 1.59463520 2.69819921
v 5.61488318 1.68764800 2.65126000
v 5.57137119 1.82069520 2.61977040
v 5.58155603 1.77593920 2.61672961
v 5.77583283 1.34266240 2.73235600
v 5.75848321 1.37540800 2.80509841
v 5.67844003 1.55300880 2.59521039
v 5.64848162 1.64269680 2.55112721
v 5.58649282 1.75383440 2.49254719
v 5.61029838 1.71740720 2.51167199
v 5.71819203 1.39019760 2.80218639
v 5.66824401 1.46646400 2.75589440
v 5.58895282 1.74828080 2.62092960
v 5.62393603 1.65189280 2.67156561
v 5.63056081 1.62716240 2.68342159
v 5.66109122 1.52867760 2.73093279
v 5.61115518 1.70702560 2.64023519
v 5.62071123 1.67117040 2.66304081
v 5.65206639 1.56114880 2.71095201
v 5.65789118 1.54462720 2.72058000
v 5.73468159 1.37532080 2.69206079
v 5.74703437 1.37618880 2.80564241
v 5.68947762 1.41872800 2.77942480
v 5.69434562 1.50300080 2.61779120
v 5.65583441 1.62379120 2.56077999
v 5.64102558 1.66194640 2.54200239
v 5.69031762 1.51875360 2.60966319
v 5.61552323 1.69922960 2.51862481
v 5.78345362 1.34756240 2.73916479
v 5.75691121 1.34699040 2.71460641
v 5.69887040 1.48632320 2.62401601
v 5.71295118 1.42700960 2.65297441
v 5.66748720 1.58663600 2.58156081
v 5.66195920 1.60721360 2.57110480
v 5.76713600 1.37801680 2.79991439
v 5.78595362 1.35527120 2.74349279
v 5.78067283 1.37013600 2.76959119
v 5.66071922 1.50937200 2.73838561
v 5.70309839 1.46901760 2.63126880
v 5.36762641 2.24518720 3.17651599
v 5.43870799 2.18140239 3.09344080
v 5.27664242 2.23060959 3.18699681
v 5.23189119 2.20466720 3.17116320
v 5.41244638 2.22040080 3.13950480
v 5.24599999 2.09377120 3.06681359
v 5.23751922 2.12043281 3.09764399
v 5.27395840 2.05468800 3.00182799
v 5.53132800 2.11302880 2.99913999
v 5.60995918 2.07050561 2.90372799
v 5.58842882 2.08969520 2.96090080
v 5.33664401 1.94046320 2.87007599
v 5.30381680 1.98759920 2.92976160
v 5.38420798 1.92428239 2.82369601
v 5.62017521 2.01585040 2.80835521
v 5.69299761 1.99528560 2.70101840
v 5.67626403 2.00632560 2.76169121
v 5.46274641 1.85184080 2.70707759
v 5.43051920 1.88339920 2.75943841
v 5.50145760 1.82447920 2.64699201
v 5.65744241 1.96458001 2.55709759
v 5.67339198 1.91791601 2.47449440
v 5.62970000 1.82348480 2.44498319
v 5.58873282 1.79157360 2.45340801
v 5.67692003 1.94320240 2.51395841
v 5.54388478 1.79331760 2.53552640
v 5.52896000 1.81802320 2.58313120
v 5.55547842 1.77496800 2.51821761
v 5.33458722 2.24029040 3.18267201
v 5.66111120 1.88885760 2.46451361
v 5.22086959 2.16094400 3.09919679
v 5.55483442 1.78056480 2.49000320
v 5.37325439 2.26789280 3.12777999
v 5.43155200 2.21991360 3.07203521
v 5.24721199 2.26310880 3.12810799
v 5.40979358 2.26088080 3.09409680
v 5.19512003 2.13900720 2.99992799
v 5.19216723 2.19027120 3.07259441
v 5.21462559 2.09402400 2.93048640
v 5.53725279 2.15048080 2.94864799
v 5.59532561 2.11723841 2.88377840
v 5.57216719 2.15767760 2.90215599
v 5.29142002 2.02383521 2.79776240
v 5.25453683 2.05496880 2.85574799
v 5.33682801 1.99320480 2.73830159
v 5.61694723 2.05653360 2.74901040
v 5.66458320 2.04312160 2.68174080
v 5.64427758 2.06492720 2.70769919
v 5.40891358 1.90052960 2.62088640
v 5.36998640 1.94869360 2.67331600
v 5.44536878 1.85799040 2.55982559
v 5.64080558 2.00063520 2.52051120
v 5.65005842 1.95299920 2.46506641
v 5.61011918 1.86742080 2.41960561
v 5.64300558 1.99251040 2.48272799
v 5.55064962 1.81135120 2.44011120
v 5.48388003 1.81957600 2.48778720
v 5.33591201 2.28866719 3.11552719
v 5.62715600 1.94984320 2.42681440
v 5.41353838 1.87682080 2.51318961
v 5.22020963 2.31178560 3.06579119
v 5.40300960 2.29623600 3.05155759
v 5.17381440 2.20704880 3.04000800
v 5.16528962 2.17741841 2.97659440
v 5.18272639 2.13203519 2.89380320
v 5.55356162 2.19463280 2.86297281
v 5.27767039 2.06614640 2.76110401
v 5.22866242 2.09730480 2.82478961
v 5.31937843 2.03841280 2.69841840
v 5.34880878 1.99942960 2.63503280
v 5.45593363 1.96298961 2.26051280
v 4.75343040 2.54113519 2.72060800
v 4.76325518 2.43583841 2.69658080
v 5.57806403 2.09003280 2.76383201
v 5.44024879 2.21731360 3.02093041
v 5.45170563 2.38733039 2.64407599
v 5.29067602 2.34334400 3.04555760
v 5.11691279 2.22022640 2.93191120
v 5.38319198 1.93473120 2.28787121
v 5.08873838 2.40749840 2.93974481
v 5.14469920 2.19672080 2.84729200
v 5.24809598 2.13175679 2.71822080
v 5.19976001 2.16141840 2.77528161
v 5.29420402 2.09660160 2.66216321
v 5.34830878 1.99912640 2.53076399
v 5.32725922 2.05691520 2.60077441
v 5.37551119 1.92548479 2.45230081
v 5.59896959 2.07864559 2.49380559
v 5.60016959 1.97744559 2.38975600
v 5.51422243 1.88244240 2.35217601
v 5.53390000 1.84040640 2.40850880
v 5.60689438 2.04778720 2.42916719
v 4.79335358 2.34636640 2.70853679
v 4.87207282 2.30410240 2.74934800
v 5.58870082 2.02944719 2.81622399
v 5.24719598 2.51420800 2.79734960
v 5.55445842 1.95594000 2.34244801
v 5.50274160 2.30084240 2.74984800
v 5.39267602 2.36685920 2.86176641
v 5.57550799 2.15678400 2.50183041
v 4.77367322 2.55262025 2.60480899
v 4.79781563 2.42722586 2.58329175
v 4.83055508 2.33948639 2.60609279
v 4.92200879 2.28797759 2.67180960
v 5.04662720 2.24919760 2.78450320
v 5.32705922 2.40754240 2.92252401
v 5.57583599 2.12212561 2.44456959
v 5.57420799 2.01885361 2.35002879
v 5.58561682 1.91252880 2.38367519
v 5.58466082 2.08483920 2.38900880
v 4.95726399 2.29099679 2.81316161
v 5.02552158 2.28932479 2.87230641
v 5.64007758 2.05414640 2.61612721
v 5.51871923 2.24720640 2.69218719
v 5.45120563 2.33047281 2.80680559
v 5.57600799 2.19513920 2.56461601
v 4.86652172 2.64657199 2.67469621
v 5.03340242 2.56290000 2.83196080
v 5.55207762 2.17163040 2.39023360
v 5.55960241 2.12492241 2.34020081
v 5.38163918 1.94033760 2.56602241
v 5.58074803 2.11976641 2.83191760
v 5.21841653 2.64822954 2.53078359
v 5.54252478 2.21162000 2.62830161
v 5.56478320 2.14303760 2.70374319
v 5.59974159 2.14223760 2.63482960
v 5.44320018 2.39633420 2.26254405
v 5.38045518 2.53301281 2.38499919
v 5.28859662 2.60843665 2.48219424
v 5.43013255 2.44529704 2.30009694
v 5.40738558 2.49168959 2.34166151
v 5.11640829 2.68911961 2.57135135
v 5.45072503 2.35060815 2.22723400
v 5.29948761 2.17819516 2.06743655
v 5.24841598 2.07360836 2.18156150
v 5.45242788 2.26727375 2.16732155
v 4.98086959 2.54805040 2.85974721
v 5.59515361 2.06387760 2.85932001
v 5.34393028 2.57099860 2.43208854
v 5.50736638 2.29730800 2.53921040
v 5.28317058 2.09598620 2.11492850
v 5.50484160 2.01472560 2.27046559
v 5.47446719 2.24724080 2.88580321
v 5.54420558 2.16857120 2.77708161
v 5.60699438 2.10617920 2.56341921
v 5.53839679 2.26617760 2.48714960
v 5.39454481 2.42028880 2.69610880
v 5.47973603 2.33902239 2.59214319
v 5.42688722 2.28262401 2.94033601
v 5.53725279 2.22293521 2.83683919
v 5.37865119 2.33781599 3.00737440
v 5.54432478 2.21834160 2.43764160
v 5.33245921 2.46387200 2.74924160
v 5.49017282 2.17838321 2.95134479
v 5.66416720 1.98730480 2.64912961
v 5.28536402 2.19108560 3.24513280
v 5.37720720 2.19703840 3.23148000
v 5.43373600 2.13512559 3.16042959
v 5.40974960 2.06468801 3.11989359
v 5.37535120 2.04859840 3.10759680
v 5.25039683 2.17119599 3.23627999
v 5.41670238 2.17674881 3.20176560
v 5.26094963 2.06598800 3.14196800
v 5.23303523 2.10198640 3.17538240
v 5.30691680 2.05467920 3.11359679
v 5.33008719 2.20346640 3.24163279
v 5.43000802 2.09818640 3.13667121
v 5.23183520 2.14475040 3.21009361
v 5.34038399 2.04357040 3.10347200
v 5.39930481 1.88724640 2.95779521
v 5.59488162 2.02616559 3.02351761
v 5.41505438 1.97643680 3.06868480
v 5.52435922 1.88104960 2.92134401
v 5.59460961 1.94204720 2.95825520
v 5.48356401 2.01901600 3.08549039
v 5.44892478 1.87213760 2.92232801
v 5.38177119 1.92018879 2.99486240
v 5.66863598 1.77388000 2.48836640
v 5.70610638 1.84427760 2.52353040
v 5.48918882 1.87549360 2.91937199
v 5.39494879 1.94547841 3.03690159
v 5.53337602 1.84630320 2.86085039
v 5.59898559 1.79595200 2.71343761
v 5.62197201 1.81265760 2.70155680
v 5.54388159 1.86306480 2.88188400
v 5.57019921 1.89047920 2.88923679
v 5.65345842 1.92801840 2.85249441
v 5.51899518 1.82054160 2.83576399
v 5.56724320 1.78847120 2.72877121
v 5.61233518 1.91636561 2.87745601
v 5.69249761 1.88400800 2.72824001
v 5.69302561 1.88051680 2.57668721
v 5.63679679 1.83990880 2.64184399
v 5.69239761 1.92955920 2.81092721
v 5.52555122 1.79545200 2.78019120
v 5.70673118 1.91512561 2.76906320
v 5.65538641 1.84057200 2.70135680
v 5.60299839 1.73378480 2.50317201
v 5.58221203 1.79828560 2.61895760
v 5.57177519 1.75562160 2.56355681
v 5.70493438 1.86653920 2.55014481
v 5.69502561 1.81211920 2.50207201
v 5.66593920 1.87589200 2.61445441
v 5.56612320 1.90723600 2.93622481
v 5.61967121 1.99176720 2.98682241
v 5.53718082 2.02779680 3.06398479
v 5.43934080 1.99932640 3.08851839
v 5.63616879 1.74516560 2.48903840
v 5.60692638 1.81202240 2.64730001
v 5.58118403 1.73911280 2.53244239
v 5.57070319 1.77735200 2.59287119
v 3.70808326 4.51985724 0.45961250
v 3.51366569 4.40198833 0.76384274
v 3.40472354 4.29764453 0.78096065
v 3.20423043 4.08413529 0.64657841
v 3.11891191 4.03394077 0.48369510
v 3.03865500 4.00522839 0.30799701
v 3.63916368 4.48444493 0.63950132
v 3.58577435 4.32223293 -0.16006983
v 3.65650198 4.40109412 -0.05177334
v 3.71602464 4.46258292 0.10321518
v 3.72701816 4.50064288 0.27866753
v 3.50173317 4.24952068 -0.21431416
v 3.40750213 4.19589626 -0.24433875
v 3.05189213 4.02794953 -0.09580139
v 3.01283753 4.00342347 -0.00442188
v 2.99541855 3.98657441 0.12851286
v 3.29636856 4.14833655 -0.24774468
v 3.79626420 4.41041394 0.47435783
v 3.61401179 4.30329454 0.73582250
v 3.50867579 4.20871539 0.75238369
v 3.29670523 4.00247438 0.61120603
v 3.20732042 3.94203008 0.46952357
v 3.13403224 3.90553434 0.30961051
v 3.72841234 4.38097298 0.63076149
v 3.71144434 4.18391521 -0.11054807
v 3.77174284 4.26148369 -0.01109183
v 3.82306393 4.33604854 0.13716462
v 3.82402690 4.38822262 0.30518311
v 3.63546207 4.10722211 -0.15923869
v 3.54148311 4.04032241 -0.16748182
v 3.19255590 3.93072478 -0.08837279
v 3.13912857 3.90781534 0.00031711
v 3.11039984 3.89121543 0.13196415
v 3.45305804 4.00716478 -0.19405782
v 3.87007555 4.33132709 0.49929673
v 3.68705027 4.23775985 0.72422754
v 3.58331253 4.13814227 0.73669778
v 3.36360775 3.93475608 0.59620443
v 3.26933666 3.87258384 0.47383487
v 3.20701601 3.83531502 0.31894371
v 3.79810152 4.30826126 0.63430542
v 3.81419963 4.07583586 -0.06055466
v 3.86616661 4.16038113 0.03422339
v 3.90962122 4.24516087 0.17626766
v 3.90541234 4.30381445 0.33944428
v 3.75176027 4.00541313 -0.11799800
v 3.67918818 3.94723182 -0.16035228
v 3.30231627 3.84818035 -0.07476115
v 3.24066623 3.83224513 0.01302690
v 3.20132554 3.82304293 0.14513043
v 3.57335625 3.91096370 -0.15350311
v 3.93822739 4.26559002 0.53473236
v 3.75436723 4.18011943 0.72637768
v 3.64745101 4.08252985 0.73622874
v 3.42427129 3.87353517 0.59980762
v 3.33034340 3.80546224 0.48709789
v 3.27888335 3.76500910 0.33960036
v 3.86017808 4.24696975 0.65390951
v 3.90597184 3.98500618 -0.00157569
v 3.95258292 4.07685554 0.09090459
v 3.98540702 4.16987182 0.22134685
v 3.98010744 4.23366780 0.38115203
v 3.84595515 3.91295678 -0.06478392
v 3.77250506 3.85227224 -0.11990474
v 3.40553784 3.76586577 -0.04232935
v 3.34049609 3.75457978 0.04479366
v 3.29031351 3.75259682 0.17060562
v 3.67569212 3.81386248 -0.11318947
v 4.00711797 4.20505507 0.57422388
v 3.82180853 4.13300324 0.75289363
v 3.70892535 4.04055430 0.75564656
v 3.48281805 3.80992715 0.63039415
v 3.40209799 3.72342993 0.51615736
v 3.36521493 3.67221905 0.37724436
v 3.92740835 4.18700344 0.68739599
v 4.00315066 3.89525097 0.07863673
v 4.04616846 3.99188981 0.16291440
v 4.06828322 4.09307063 0.28307205
v 4.05497299 4.16729882 0.42801224
v 3.94643309 3.81376214 0.01836408
v 3.87820395 3.74665219 -0.03670979
v 3.52838322 3.65170209 0.04525616
v 3.45111279 3.65040993 0.11505697
v 3.39073676 3.65736703 0.22231485
v 3.78847360 3.70892379 -0.02761615
v 4.10363764 4.12462946 0.63962066
v 3.90255452 4.08368764 0.80054947
v 3.77456264 4.00848384 0.81009692
v 3.53691768 3.74944222 0.70036978
v 3.47196896 3.63201916 0.59038086
v 3.45701995 3.55918678 0.45621345
v 4.01669128 4.11933364 0.74179677
v 4.13188407 3.77909960 0.18925773
v 4.17894753 3.88290260 0.26601434
v 4.19499111 3.98831797 0.38304543
v 4.16533564 4.07562895 0.51660582
v 4.07152204 3.69289071 0.13472293
v 3.99613099 3.62266690 0.09552986
v 3.64439862 3.53532361 0.18911735
v 3.56174976 3.53436978 0.24368752
v 3.49683525 3.54012295 0.33232875
v 3.90896806 3.59349774 0.10208689
v 4.23031012 4.01134457 0.73917403
v 3.99805197 4.02342173 0.88810664
v 3.86868002 3.95326895 0.91141718
v 3.61201567 3.65596799 0.84192177
v 3.55514201 3.53016701 0.74057101
v 3.54794651 3.43615258 0.62269863
v 4.12514795 4.02755865 0.83289495
v 4.28842176 3.62873209 0.33567479
v 4.34154890 3.73535011 0.40833560
v 4.35198795 3.84747201 0.51964006
v 4.31178284 3.94513285 0.63428171
v 4.22435719 3.54386033 0.28325283
v 4.13721019 3.48070131 0.26084019
v 3.75609866 3.37824799 0.37364233
v 3.67571219 3.38432397 0.44175769
v 3.60558756 3.39986300 0.52419182
v 4.04084240 3.43881554 0.25777759
v 4.38677447 3.84375455 0.91653390
v 4.14040333 3.85974883 1.05092160
v 4.00971243 3.78237589 1.08360351
v 3.76604132 3.47963016 1.05567282
v 3.72072059 3.35948368 0.97683644
v 3.71661332 3.27122889 0.88150653
v 4.27228012 3.87066378 0.99352608
v 4.45682526 3.44539065 0.53840489
v 4.50529854 3.54406104 0.61247053
v 4.50917737 3.66552948 0.71853335
v 4.46931278 3.76752550 0.82521257
v 4.38957378 3.36215841 0.49075605
v 4.28964561 3.30791110 0.47897486
v 3.90606169 3.19845531 0.61717370
v 3.82984385 3.20484444 0.68757607
v 3.76470517 3.23015029 0.78531904
v 4.19468452 3.26245226 0.48352677
v 4.55433079 3.61463931 1.15378824
v 4.32175655 3.62437274 1.26131735
v 4.20848589 3.55856140 1.28507475
v 3.99294219 3.31850935 1.27255826
v 3.94514117 3.20816564 1.20546345
v 3.94113258 3.12817232 1.11565429
v 4.44259917 3.64318752 1.21678386
v 4.62684458 3.26696034 0.81521292
v 4.66893763 3.36142835 0.89194986
v 4.67404975 3.46562016 0.98320393
v 4.63536490 3.55120481 1.07556779
v 4.57019666 3.18255930 0.75641930
v 4.46730662 3.13727259 0.75004956
v 4.10020757 3.03946246 0.87753966
v 4.02496443 3.04918064 0.94312376
v 3.97217687 3.08149456 1.03010018
v 4.37699159 3.10226017 0.76088919
v 4.71413968 3.38745410 1.42027189
v 4.51114285 3.39994646 1.50768358
v 4.41138996 3.35054949 1.51864716
v 4.22072952 3.16922389 1.49867348
v 4.18464803 3.08234143 1.44597806
v 4.18664052 3.00846663 1.37119003
v 4.61909455 3.40437328 1.47230950
v 4.81476087 3.10943210 1.10948973
v 4.84185444 3.19223438 1.18636015
v 4.83504814 3.27616875 1.26417915
v 4.78772754 3.34302477 1.34932131
v 4.76721324 3.03767812 1.06460037
v 4.69541689 2.98065617 1.04507016
v 4.32960921 2.88914290 1.15786761
v 4.26127072 2.91770077 1.21895267
v 4.20842615 2.95108309 1.30002671
v 4.59583428 2.94155615 1.06105356
v 4.84137839 3.20948382 1.61825370
v 4.66752231 3.22487729 1.70123924
v 4.58241739 3.18483307 1.72200398
v 4.42340348 3.04035305 1.69457235
v 4.39107975 2.96487145 1.64887911
v 4.39224178 2.89779172 1.58787696
v 4.75866831 3.22957925 1.66805280
v 4.95354764 2.99999821 1.37889726
v 4.96129060 3.06228883 1.43104948
v 4.94730654 3.12064798 1.49078794
v 4.90676223 3.16956426 1.55629664
v 4.92631456 2.93569904 1.34163705
v 4.88346568 2.86916777 1.33012125
v 4.54128404 2.76339844 1.40770230
v 4.47148056 2.79428431 1.45924990
v 4.41845415 2.83687309 1.52000424
v 4.80298342 2.81522450 1.33126411
v 4.94156170 3.05863248 1.79296193
v 4.79701789 3.08076036 1.87183978
v 4.72668227 3.05457422 1.90332426
v 4.59383356 2.93032106 1.87840467
v 4.56781189 2.86543382 1.83447088
v 4.56651121 2.80036003 1.78080836
v 4.87239768 3.08017091 1.83790892
v 5.06946588 2.89680657 1.58752048
v 5.06196076 2.94669351 1.63254770
v 5.03779402 2.99199198 1.68620976
v 4.99797471 3.02821367 1.74067533
v 5.05488641 2.84078385 1.55296985
v 5.01456127 2.77833114 1.53180499
v 4.70403183 2.65148341 1.60078384
v 4.63813443 2.68581214 1.65411998
v 4.58842537 2.73510510 1.71600184
v 4.96018836 2.71432249 1.53424211
v 5.01291100 2.94656512 1.92772106
v 4.89549931 2.96773887 2.00431967
v 4.82939301 2.94951916 2.03604001
v 4.72824972 2.85484180 2.01037813
v 4.70960083 2.80180790 1.96982670
v 4.70872330 2.74076048 1.92510933
v 4.95712532 2.96401808 1.96962104
v 5.14542526 2.80898583 1.74157037
v 5.13104366 2.85174525 1.78248064
v 5.10343476 2.89064416 1.83112665
v 5.06456683 2.91886423 1.88098412
v 5.13964143 2.75913410 1.70885424
v 5.10794968 2.70061580 1.68629738
v 4.81332142 2.56746844 1.74987240
v 4.75770694 2.60935516 1.80452372
v 4.72200211 2.67058596 1.86710367
v 5.06094152 2.64121616 1.68137333
v 5.08299407 2.86099654 2.03656691
v 4.97648085 2.88782691 2.11240189
v 4.92375507 2.87341980 2.13993488
v 4.82322511 2.78920725 2.10042632
v 4.80158648 2.74196320 2.06465227
v 4.79630258 2.68609891 2.02657710
v 5.03213177 2.88174178 2.07819118
v 5.20051853 2.72031370 1.85948602
v 5.18735238 2.76206245 1.89676293
v 5.16011797 2.80193724 1.94428666
v 5.12246672 2.83526437 1.99375709
v 5.19650840 2.67544203 1.82844554
v 5.17446809 2.62526490 1.80251307
v 4.88651603 2.51299940 1.85362951
v 4.83312620 2.55935949 1.90993588
v 4.80406961 2.62174971 1.97276457
v 5.14106166 2.57374015 1.79287126
v 5.19122455 2.74969257 2.18985010
v 5.08173631 2.79042881 2.26813688
v 5.01278460 2.78840361 2.29016114
v 4.90796413 2.70462771 2.23267869
v 4.88241856 2.66382886 2.19071262
v 4.87195799 2.62182348 2.14436084
v 5.14342347 2.77640086 2.23164787
v 5.28581300 2.58641917 2.02452009
v 5.27378758 2.63018208 2.06188211
v 5.25311366 2.67444723 2.10564034
v 5.22587355 2.71543294 2.14836521
v 5.28561908 2.54278359 1.98996050
v 5.26873365 2.49715245 1.95073411
v 4.95610052 2.45504126 1.96285603
v 4.90357402 2.50831051 2.02597022
v 4.87604671 2.56994907 2.09221384
v 5.24032420 2.46247881 1.91711719
v 5.16402248 2.71039411 2.43265324
v 4.97867922 2.72702442 2.46216699
v 4.82505424 2.53838319 2.45999175
v 5.07581627 2.72854262 2.46102759
v 5.35012935 2.56675162 2.25345286
v 5.32250984 2.60806161 2.29597999
v 5.28493005 2.64514531 2.34098681
v 5.23322668 2.67992827 2.38923100
v 5.37097965 2.52081132 2.21229060
v 5.38527822 2.43342936 2.12593864
v 5.46429841 2.11889761 3.00586480
v 5.43495200 2.15127200 3.05791360
v 5.61329123 2.11160720 2.67764081
v 5.64931442 1.96605521 2.58852480
v 5.62040322 2.03596560 2.53439200
v 5.62220002 2.02803759 2.46495041
v 5.38257209 2.47312545 2.17197119
v 4.81479601 2.25543280 2.98523201
v 4.68831681 2.30898960 2.99785360
v 4.69054160 2.39296400 3.05009839
v 4.67823602 2.34901280 3.02041519
v 4.88833359 2.34591600 3.07817199
v 4.81565198 2.40767280 3.08704960
v 4.74204561 2.41907840 3.07834079
v 4.88936162 2.30453680 3.04476080
v 4.73323678 2.27056640 2.97515121
v 4.86750001 2.27476641 3.02067440
v 4.82694883 2.26771040 2.95560161
v 4.70016639 2.32516720 2.95879839
v 4.70682242 2.40941360 3.00511840
v 4.69401359 2.36629040 2.97933200
v 4.90641122 2.35913760 3.03808880
v 4.83855760 2.42352240 3.04893839
v 4.76032318 2.44015599 3.03442961
v 4.90671118 2.31828640 3.00437759
v 4.73856163 2.28681599 2.94269600
v 4.88182158 2.28864399 2.98651599
v 4.83697361 2.27553521 2.93492401
v 4.70749442 2.33881679 2.92594321
v 4.71724721 2.42326320 2.95931040
v 4.70373843 2.38094001 2.93957681
v 4.92358881 2.36796240 3.00408639
v 4.85673517 2.44259679 3.01321121
v 4.77237602 2.46433040 2.98894961
v 4.92266082 2.32971121 2.97534721
v 4.74528961 2.29569680 2.91959039
v 4.89557442 2.29806880 2.95938559
v 4.84662640 2.28206001 2.91394959
v 4.71867201 2.34836960 2.89508480
v 4.72962478 2.44463759 2.91709919
v 4.71391921 2.39618959 2.90299359
v 4.94521043 2.37608720 2.97628401
v 4.87791280 2.46204640 2.97938080
v 4.78472880 2.49220479 2.94343840
v 4.94198239 2.33633599 2.94996960
v 4.75806719 2.30302160 2.89428480
v 4.90669920 2.30399360 2.93540800
v 4.86164797 2.28978479 2.88824401
v 4.73538083 2.35516640 2.85502959
v 4.73940563 2.47261200 2.86636319
v 4.72289999 2.41103920 2.85348559
v 4.97335679 2.39376480 2.95300641
v 4.90378722 2.48342401 2.94502240
v 4.80715922 2.52563200 2.90183039
v 4.96662881 2.33903279 2.92619520
v 4.76482318 2.31044640 2.87251041
v 4.92694878 2.31024640 2.90770561
v 4.90838402 2.30069360 2.85271679
v 4.76396718 2.35273840 2.79017199
v 4.74971440 2.51226400 2.80197439
v 4.74353361 2.42701681 2.78377200
v 5.02850562 2.41399840 2.93167280
v 4.92619278 2.51445120 2.90728321
v 4.80693122 2.55733120 2.84104159
v 5.01532479 2.34667280 2.92082321
v 4.83076478 2.30431840 2.81353361
v 4.96804482 2.31287440 2.88558401
v 4.84296491 2.41854195 2.47446405
v 4.87243292 2.34535035 2.51454136
v 4.96624482 2.27706560 2.59284319
v 5.10261601 2.22124800 2.69741520
v 5.01878309 2.27028560 2.52333280
v 5.16110483 2.21012000 2.63252960
v 5.07381591 2.25920480 2.46254399
v 5.21583759 2.19636720 2.57606881
v 4.93448979 2.45646261 2.25573186
v 5.13002642 2.24052400 2.40498321
v 5.24979598 2.15455600 2.51588001
v 4.97644027 2.40850661 2.18870839
v 5.16598162 2.16758240 2.34443759
v 5.27379840 2.09076720 2.44606959
v 5.02750238 2.34651585 2.12324974
v 5.22951042 2.07643119 2.28483999
v 5.30895360 2.00750080 2.36793441
v 5.10339601 2.25656850 2.07274329
v 5.46570240 1.83175680 2.45230401
v 5.50042160 2.30376960 2.35586036
v 5.46093841 2.39601679 2.44133520
v 5.44904558 2.06951841 2.20065394
v 5.51547443 2.18600799 2.26380755
v 5.34019199 2.51388160 2.58721200
v 5.39885281 2.47942320 2.53607600
v 5.48774402 2.35683360 2.39705519
v 5.03589572 2.29891290 2.17063259
v 5.33265921 1.98635200 2.23231039
v 5.43360800 2.43870001 2.48674320
v 5.17270790 2.61436330 2.68153450
v 5.51247438 2.24789680 2.32190516
v 4.82829278 2.60352000 2.76824400
v 5.27287840 2.56305760 2.63798480
v 5.39084802 2.01278240 2.20513681
v 5.44502478 1.86536480 2.38808720
v 4.99016023 2.70196330 2.57280755
v 4.89216463 2.47695345 2.32848965
v 5.09688684 2.35274616 2.00354805
v 5.01206233 2.40592382 2.05567675
v 5.22604287 2.30970325 1.98588421
v 4.95926698 2.45476888 2.12272644
v 4.91713939 2.55058477 2.25563026
v 4.92960792 2.50883003 2.19038966
v 4.92152061 2.67025857 2.43041119
v 0.58313990 6.37828032 0.61282205
v 0.48263282 6.46642803 0.63995732
v 0.42001116 6.57485597 0.69469397
v 0.36974479 6.68921460 0.72625396
v 0.33978183 6.82907649 0.75197748
v 0.31927334 6.96866363 0.77588581
v 0.34121304 7.06660765 0.82066901
v 0.37205871 7.12138692 0.86882661
v 0.39097228 7.14693152 0.92536989
v 0.40077912 7.16455714 0.99440440
v 0.40420640 7.18506959 1.07342367
v 0.40509943 7.21024092 1.15107449
v 0.31227840 7.38332160 1.39858899
v 0.29129120 7.40690883 1.42665098
v 0.27939760 7.42000242 1.43985958
v 0.24511040 7.44439282 1.45897840
v 0.23851360 7.44889278 1.46087840
v 0.23531360 7.45328958 1.46087840
v 0.23241680 7.45768963 1.45947840
v 0.22971680 7.46128642 1.45508160
v 0.22861680 7.46538639 1.44498480
v 0.23062000 7.46618320 1.42669120
v 0.24042861 7.46178321 1.40909760
v 0.26560400 7.46177358 1.39501360
v 0.26770400 7.44577998 1.38622000
v 0.27110080 7.43628002 1.37742320
v 0.28213302 7.42495956 1.35293280
v 0.31438566 7.43384776 1.29247562
v 0.34839968 7.46523280 1.17839360
v 0.35456880 7.48107039 1.00675440
v 0.33967520 7.50776402 0.79803440
v 0.28159760 7.54785440 0.57032080
v 0.20312640 7.55865119 0.53453040
v 0.21242320 7.63022561 0.53753040
v 0.31288480 7.70429358 0.62779840
v 0.34727200 7.75797122 0.82412480
v 0.33837200 7.79056478 1.04404160
v 0.31393523 7.76610763 1.22698621
v 0.28436845 7.68823001 1.33918003
v 0.26854263 7.63142558 1.39264903
v 0.25553402 7.58343843 1.40663082
v 0.24932221 7.54555123 1.41050720
v 0.24711040 7.50986401 1.41284139
v 0.22132320 7.48198001 1.42719120
v 0.22042320 7.47678000 1.44038480
v 0.22302000 7.47228321 1.45287840
v 0.22781680 7.47248320 1.45877840
v 0.23121680 7.47388319 1.46081259
v 0.23691360 7.47418319 1.46174998
v 0.24341040 7.47588319 1.46278737
v 0.25110720 7.47308318 1.46266536
v 0.26720080 7.48057998 1.45701173
v 0.28359440 7.48987680 1.45141530
v 0.63896000 8.18804002 1.10231600
v 0.63296320 8.26410802 1.12980960
v 0.61717280 8.33797597 1.18379040
v 0.58518560 8.40244722 1.27086160
v 0.52161120 8.46512163 1.35323280
v 0.44223680 8.51179919 1.42440400
v 0.36106880 8.54328319 1.48598480
v 0.26340080 8.56167038 1.51686880
v 0.17053600 8.57715759 1.53635920
v 0.07997120 8.58765120 1.53685280
v 0.74212009 6.26567007 0.59984103
v 1.04468515 6.17835276 0.72301363
v 1.27154752 6.12810110 0.73975483
v 1.55328956 6.02037371 0.78837129
v 1.82545823 5.89732715 0.86041363
v 2.04996549 5.73174548 0.91934783
v 2.19109610 5.54846314 0.88656213
v 2.27368728 5.38585408 0.84628412
v 2.35130116 5.24345990 0.77445116
v 2.43292421 5.13040701 0.72757232
v 2.49617898 5.04323549 0.70445565
v 2.57642949 4.95488811 0.69692259
v 2.66765191 4.85010326 0.73188736
v 2.82873060 4.66961948 0.77758189
v 3.01875306 4.45900026 0.79485403
v 3.17361655 4.29924059 0.78249515
v 3.30567001 4.18737997 0.74799511
v 4.65216266 2.99962616 1.90263188
v 4.77199536 2.90810436 2.03649260
v 4.86784988 2.83456394 2.13086593
v 4.95136662 2.75001702 2.26976914
v 4.89356411 2.59455711 2.34936224
v 4.49732448 3.12422301 1.71936411
v 1.45415523 5.58872739 -0.76608016
v 1.18784898 5.58909517 -0.87427668
v 0.91392778 5.58470902 -0.89050196
v 0.67507914 5.58834329 -0.84834618
v 0.46290568 5.58793893 -0.77286657
v 0.25002254 5.57650677 -0.67757909
v 1.85461843 5.48321113 -0.59807931
v 2.03109355 5.28768886 -0.43214689
v 2.13978015 5.19167713 -0.41451661
v 2.23172210 5.07669621 -0.42725784
v 2.36388759 4.94682146 -0.42172402
v 1.95404883 5.38323065 -0.49988306
v 1.69496217 5.56121331 -0.66758670
v 2.52567761 4.75137296 -0.40181672
v 2.68834831 4.52995248 -0.33596593
v 2.88563009 4.37729589 -0.28877439
v 3.03009650 4.23140655 -0.24316473
v 3.18371908 4.10605698 -0.21100305
v 3.33413344 3.99126898 -0.18998188
v 3.45956343 3.89289401 -0.14728860
v 3.57262546 3.79423360 -0.10213900
v 3.69424136 3.68751451 -0.01849713
v 3.81799286 3.56826394 0.11164278
v 3.94731994 3.40426366 0.27529432
v 4.09846973 3.22251824 0.50559599
v 4.28643549 3.06137149 0.78468370
v 4.50167666 2.89703673 1.08571546
v 4.71377434 2.77329068 1.34768358
v 4.87307570 2.66879961 1.54441291
v 4.98439666 2.58622297 1.69334247
v 5.06737988 2.52295765 1.79987087
v 5.15010860 2.42268955 1.90810591
v 5.36883030 2.36304605 2.06984450
v 5.28273918 2.01945761 2.89723440
v 5.43504400 1.88092400 2.66236641
v 5.39726081 1.90545760 2.71270241
v 5.21999763 2.11377680 3.03498321
v 5.32262243 1.97920240 2.83481760
v 5.35770563 1.95446880 2.78028480
v 5.50202960 1.81732320 2.54185119
v 5.53755679 1.79491760 2.49278719
v 5.20714481 2.23366639 3.11433041
v 5.24965598 2.06916561 2.97179761
v 5.47369919 1.85163760 2.60943359
v 5.07300161 2.32845121 2.95219759
v 5.14982398 2.38706799 2.97674400
v 5.11913759 2.29842080 3.00677760
v 5.08255439 2.26038160 2.90390879
v 5.13507441 2.54716640 2.81835199
v 5.23471521 2.41499840 2.96453519
v 5.03227272 2.66065450 2.69303894
v 4.89153228 2.66452870 2.54857486
v 5.12229358 2.19681140 2.12590839
v 5.15380168 2.14368710 2.20079224
v 5.07610966 2.23316234 2.24094196
v 4.98356649 2.37225055 2.23464154
v 5.02505088 2.31098710 2.29721609
v 4.94126796 2.40341925 2.29795109
v 4.97618926 2.33926129 2.35904110
v 4.88987453 2.41428605 2.36982241
v 4.92098099 2.35026835 2.42976954
v 5.15796483 2.25604080 3.05664160
v 1.42420354 5.43650168 -0.79080790
v 1.15003508 5.45642255 -0.90287470
v 0.89254930 5.45608076 -0.91300712
v 0.66879129 5.45303377 -0.85665902
v 0.46526032 5.44995835 -0.78855785
v 0.25833718 5.44199507 -0.70568720
v 1.83064770 5.29732623 -0.53042518
v 1.99780135 5.17233566 -0.37750216
v 2.09891321 5.09909040 -0.38276175
v 2.18274593 4.95106551 -0.36305334
v 2.31523377 4.81459205 -0.35855996
v 1.93902695 5.23177098 -0.43411600
v 2.46451148 4.63935532 -0.32949975
v 2.61602041 4.46826889 -0.26482341
v 2.80087898 4.32548233 -0.22071022
v 2.95155442 4.18396603 -0.18460419
v 5.44434988 2.21620290 2.12411869
v 3.10279440 4.06310792 -0.15891745
v 3.25089999 3.95874462 -0.15160284
v 3.37486996 3.86986121 -0.12586436
v 3.48542091 3.77644810 -0.08134866
v 3.61177586 3.66291186 0.00881233
v 3.73022375 3.54821329 0.14410124
v 3.84407430 3.38670309 0.31673033
v 3.99572185 3.20583604 0.55117569
v 4.18908434 3.04222261 0.81972444
v 4.41717125 2.88132417 1.12029347
v 4.62327609 2.75413269 1.37380746
v 4.78143051 2.64340023 1.56654944
v 4.88737696 2.55567924 1.71326777
v 4.96390190 2.49582499 1.81578511
v 5.04158411 2.41912614 1.91852494
v 5.49849361 2.14048195 2.22038469
v 1.68330329 5.37570772 -0.66575651
v 5.33980959 2.32423830 2.01325916
v 5.54494958 2.06958641 2.29832079
v 4.10272781 3.46110559 1.29448611
v 4.31848307 3.28608527 1.51863643
v 3.88168244 3.64123419 1.08579157
v 3.72642333 3.81401166 0.89454032
v 3.64526792 3.88485854 0.77036276
v 3.58957379 3.92806343 0.70634122
v 3.53323752 3.97200040 0.68295291
v 3.47286785 4.02769029 0.68679321
v 3.40115234 4.09907918 0.71021895
v 5.17747065 2.76785651 2.07917639
v 5.14128942 2.79833120 2.12097764
v 5.24233482 2.60311056 1.91864850
v 5.24346112 2.64431842 1.95014443
v 4.85294494 2.69512541 2.13420875
v 4.87367698 2.73980908 2.17007101
v 5.22556203 2.55794744 1.88581887
v 5.20274918 2.52075742 1.86122161
v 4.84316568 2.64676951 2.09737987
v 4.92560341 2.47526779 1.91657931
v 5.09482004 2.81999033 2.16065201
v 5.03743137 2.82780207 2.19345019
v 4.87434854 2.52660545 1.97841178
v 5.20901705 2.72910686 2.03206389
v 4.97404597 2.81451442 2.21534939
v 4.84728068 2.59101873 2.04420604
v 5.23144741 2.68620151 1.98793137
v 4.91909924 2.78513623 2.20143081
v 5.11745037 2.47446925 1.85954270
v 5.00621253 2.44598836 1.87423335
v 5.18570856 2.36180902 1.94479189
v 5.29183130 2.39220186 1.96526114
v 5.31717066 2.43107628 2.01045886
v 5.33254520 2.48554544 2.05753141
v 5.33193050 2.53291889 2.09523081
v 5.31923318 2.58059234 2.13446824
v 5.29874301 2.62581810 2.17616190
v 5.27273815 2.66731115 2.21789554
v 5.23744585 2.70341459 2.26080235
v 5.18668723 2.73506725 2.30569371
v 5.12207087 2.75617404 2.34571569
v 5.04636215 2.75711949 2.36704469
v 5.07186866 2.39317817 1.95691745
v 4.98397516 2.43394132 2.00752271
v 4.93391299 2.48499991 2.07359044
v 4.90439044 2.54153288 2.14002948
v 4.89975638 2.59147074 2.19344505
v 4.91190589 2.62613740 2.26101119
v 4.93634184 2.67855435 2.31976881
v 4.97532657 2.72801875 2.35562137
v 1.68357338 4.48110832 0.71136837
v 1.78574206 4.31311189 0.26168518
v 1.73745121 4.39026576 0.49691792
v 1.24576480 4.75687677 -0.84872593
v 1.02696155 4.83355404 -0.93513812
v 0.81959192 4.86372774 -0.92415158
v 0.62721313 4.89325891 -0.88348916
v 0.44714968 4.86978101 -0.83668735
v 0.25254716 4.83315211 -0.79824463
v 1.64212747 4.48377050 -0.49456709
v 1.74882433 4.35934816 -0.25768638
v 1.80379622 4.30400462 0.00992121
v 1.48078463 4.62910365 -0.71932712
v 1.62720893 4.31158406 0.72226927
v 1.71251640 4.12594651 0.26256310
v 1.67586017 4.19608592 0.50956137
v 1.17345311 4.54836834 -0.83617062
v 0.96329196 4.63858175 -0.88997470
v 0.77501019 4.67732100 -0.87957107
v 0.60840518 4.68339929 -0.86717702
v 0.42367399 4.66782000 -0.84348323
v 0.24140645 4.62275884 -0.79069383
v 1.55469264 4.31829311 -0.49179146
v 1.66979120 4.19967930 -0.25682668
v 1.72643393 4.12367456 -0.00195086
v 1.40505995 4.43576728 -0.72223184
v 1.57710159 4.10554154 0.74353712
v 1.64979470 3.94521392 0.26786037
v 1.61408070 3.99690844 0.52369935
v 1.07376128 4.29778644 -0.79296357
v 0.90203395 4.38973454 -0.84183944
v 0.73150818 4.43684488 -0.85644498
v 0.56905666 4.45259478 -0.85468968
v 0.39823507 4.43561731 -0.82507011
v 0.23005785 4.40452296 -0.77009061
v 1.47613327 4.08169869 -0.46326695
v 1.59134644 3.98277724 -0.24322119
v 1.65363423 3.92769270 -0.00215116
v 1.31649899 4.17180873 -0.65428373
v 1.52332713 3.84337255 0.76660139
v 1.59388818 3.72320619 0.27351555
v 1.57824292 3.76121163 0.53623363
v 1.03702381 4.03100885 -0.69924327
v 0.83703334 4.11873105 -0.78892062
v 0.69808908 4.15263388 -0.81116027
v 0.53981070 4.16803030 -0.81286030
v 0.38239282 4.16469633 -0.77942924
v 0.22960874 4.16043810 -0.73204559
v 1.39449789 3.84061550 -0.42165470
v 1.50044643 3.76345252 -0.20760305
v 1.57225414 3.72159642 0.01841459
v 1.24505662 3.90593653 -0.57385828
v 1.46739946 3.62804341 0.78975803
v 1.50416113 3.52774820 0.28887311
v 1.50817696 3.55924566 0.55768124
v 1.00472171 3.77115825 -0.60230808
v 0.84543840 3.82529615 -0.68024417
v 0.66424049 3.85849632 -0.72671465
v 0.52049621 3.86144757 -0.72955207
v 0.37930366 3.87229801 -0.70659702
v 0.22911516 3.86881787 -0.67362181
v 1.32179665 3.62276018 -0.34234484
v 1.41365455 3.55119450 -0.15272095
v 1.49330383 3.51546267 0.04919699
v 1.18045689 3.69280352 -0.49422505
v 1.40157765 3.42550917 0.80168036
v 1.44092847 3.34418352 0.33484139
v 1.43922715 3.37416058 0.57667581
v 0.99958642 3.53686074 -0.50830799
v 0.83621733 3.58099452 -0.58279926
v 0.65733488 3.59043201 -0.62553062
v 0.51648864 3.59544957 -0.63557858
v 0.37829940 3.59610143 -0.63306564
v 0.22838764 3.59593311 -0.62047639
v 1.26755408 3.41773528 -0.26865270
v 1.34454028 3.36171944 -0.08934926
v 1.42309179 3.33677384 0.10083799
v 1.15387899 3.47871498 -0.40582820
v 1.34646353 3.23161993 0.81403133
v 1.39449782 3.18596643 0.37551049
v 1.39035561 3.19762525 0.59997237
v 0.98820480 3.34430479 -0.42852124
v 0.83027934 3.37488359 -0.49744594
v 0.65188475 3.39471287 -0.55234088
v 0.51435606 3.40346291 -0.57591169
v 0.37750550 3.38127643 -0.57744913
v 0.21584182 3.39425008 -0.57235692
v 1.22558094 3.24621495 -0.19298961
v 1.31027385 3.20488019 -0.02873837
v 1.37317030 3.18666034 0.15679484
v 1.12989579 3.29991369 -0.33022197
v 1.30750204 3.06947175 0.81464095
v 1.36586463 3.03626291 0.40176031
v 1.35566316 3.04312250 0.61375192
v 0.96497541 3.18158042 -0.35611389
v 0.83123432 3.20692615 -0.43543521
v 0.67374738 3.23702163 -0.49849699
v 0.52436170 3.24677950 -0.52719536
v 0.37589284 3.23108738 -0.53775615
v 0.21536756 3.23341057 -0.52957522
v 1.21727972 3.09689816 -0.14139519
v 1.28585808 3.06181218 0.02052396
v 1.34057530 3.04029708 0.20121508
v 1.09942011 3.13818196 -0.26273116
v 1.27388905 2.82040429 0.79126681
v 1.33139015 2.76572125 0.39670147
v 1.32538907 2.78803549 0.60868392
v 0.53894826 2.91507217 1.28100068
v 0.94216531 3.02608620 -0.31597422
v 0.82262582 3.06311088 -0.39528180
v 0.68832317 3.10303195 -0.45659587
v 0.53814114 3.12193749 -0.49424603
v 0.37561770 3.10807986 -0.50632059
v 0.21545941 3.10870008 -0.49847527
v 0.17277002 2.92386541 1.31096976
v 1.21749460 2.78344701 0.04908928
v 1.29099011 2.76486455 0.21375808
v 1.04754625 2.84599119 -0.20969454
v 1.27300230 2.69482255 0.77565181
v 1.32598337 2.62190430 0.34921430
v 1.31829804 2.65507841 0.59198155
v 0.36196026 2.92234667 1.31579813
v 0.91323353 2.74493481 -0.30244415
v 0.80306317 2.78684665 -0.35985715
v 0.68847115 2.83512791 -0.40932026
v 0.54978881 2.88802408 -0.45524846
v 0.38209192 2.90876955 -0.47064342
v 0.21630639 2.91381353 -0.45866204
v 1.20499753 2.63481241 0.02509520
v 1.28101885 2.62048088 0.18166166
v 1.01500693 2.69917971 -0.21789460
v 1.61802679 4.63161174 0.92196644
v 1.56505062 4.45401579 0.91768583
v 1.50604967 4.26806194 0.93265511
v 1.37629987 3.75372524 1.00943478
v 1.44088169 4.01834270 0.98029608
v 0.84303282 4.04514013 1.46215305
v 1.07004243 3.96892583 1.36759438
v 1.06227090 2.89446165 1.07720938
v 0.21264521 3.42546652 1.36438877
v 0.18679268 4.00786234 1.44069434
v 0.39253364 3.40847872 1.37642265
v 0.80317557 3.79585980 1.42001662
v 1.01132393 3.70301396 1.34353429
v 1.09896887 3.19588869 1.12822039
v 0.56249222 3.36809570 1.36786960
v 0.17284893 4.30123774 1.47455416
v 0.57162669 3.61467179 1.39980267
v 0.76195913 3.54884279 1.36100201
v 0.94879436 3.45969748 1.30661344
v 1.13117812 3.38733455 1.16999558
v 0.39318105 3.67347175 1.40320951
v 0.20811643 3.70912708 1.40550403
v 0.73470802 3.31369981 1.32830978
v 0.92132422 3.25649722 1.24365307
v 1.19352969 3.61196351 1.22073332
v 0.61006381 4.12816144 1.49194210
v 0.38781866 3.95848506 1.45236547
v 0.71147581 2.91422362 1.23937947
v 0.88723853 2.90823774 1.16520350
v 1.25017895 3.88555320 1.19603223
v 0.58785945 3.88995963 1.43137992
v 0.38005803 4.23500481 1.49658425
v 1.31497916 3.51139165 1.02019918
v 1.26338448 3.30101779 1.00697060
v 1.23071969 3.12342309 0.98325474
v 1.19235020 2.85252266 0.94119193
v 1.14590494 2.81175807 -0.09796945
v 0.14298372 2.68410172 1.29639198
v 0.18046973 2.49299170 1.31082817
v 0.15928538 2.26818926 1.29918507
v 0.07069860 2.59859409 1.28698837
v 0.10258679 2.49914374 1.28800807
v 0.08769866 2.39022842 1.27734517
v 0.04650095 2.56361878 1.26883485
v 0.06009627 2.50177645 1.27061541
v 0.05966310 2.43291599 1.26869299
v 0.52565749 2.70599353 1.25399315
v 0.34382074 2.70220622 1.29439603
v 1.04710267 2.74253732 1.05426684
v 0.69505659 2.72167738 1.19605742
v 0.87426542 2.73571080 1.13371215
v 1.17827157 2.72139041 0.92410802
v 1.25771641 2.54872767 0.75584223
v 1.31300840 2.47627529 0.32603047
v 1.30574637 2.50779507 0.56052172
v 1.18125701 2.48505763 -0.00711415
v 1.26866348 2.46812177 0.15542671
v 0.52796351 2.49884314 1.27942037
v 0.34238466 2.48936349 1.31536895
v 1.03388747 2.57572752 1.03992909
v 0.69377412 2.53231178 1.20219590
v 0.87017526 2.56199843 1.11847508
v 1.16454450 2.56959116 0.91453786
v 1.30774605 2.90392618 0.22247666
v 1.24424311 2.92559870 0.05133910
v 1.28388051 2.93897795 0.80438924
v 1.33180462 2.91269425 0.61643480
v 1.34343369 2.89956373 0.41104108
v 1.07222093 2.98942994 -0.22320456
v 0.54997382 3.00638734 -0.47149498
v 0.37473643 3.00847891 -0.48864484
v 0.21611258 3.00988531 -0.47532998
v 0.93303421 2.88327461 -0.30332024
v 0.81819088 2.91960721 -0.37349327
v 0.19621570 3.15976786 1.33190294
v 0.69816403 2.96380394 -0.42850816
v 1.20856849 2.98249659 0.96183900
v 0.55251646 3.13199362 1.32594788
v 0.38198210 3.14866101 1.34703803
v 0.72494493 3.11175762 1.28985749
v 0.90498733 3.07629338 1.20056954
v 1.08129931 3.04076691 1.10063620
v 1.17951917 2.95520845 -0.10425494
v 1.03245913 2.37526530 1.03828879
v 0.34963606 2.25032146 1.31403623
v 0.53479315 2.26326856 1.30230902
v 1.25819006 2.30524062 0.13352276
v 1.15497585 2.32138609 -0.05142064
v 1.29755837 2.34303332 0.53117099
v 1.29953107 2.31492301 0.31715976
v 1.24949502 2.36797236 0.73368014
v 1.15659972 2.38414794 0.90484739
v 0.87443775 2.35551214 1.13255739
v 0.69840800 2.31384599 1.22618168
v 1.11151781 2.66315065 -0.11020926
v 1.08363181 2.51083711 -0.14225684
v 1.03953809 2.35341921 -0.18816691
v 0.88496159 2.60014298 -0.31141804
v 0.77608348 2.64535569 -0.35403481
v 0.66797887 2.69030526 -0.39633651
v 0.53104633 2.74497524 -0.43626972
v 0.37008401 2.77838572 -0.45154945
v 0.20381319 2.79437000 -0.43858489
v 0.83125277 2.45522780 -0.33931648
v 0.72678917 2.50049857 -0.37447009
v 0.62019390 2.54456153 -0.40393937
v 0.49564900 2.59517450 -0.43768031
v 0.35214594 2.64415619 -0.45567225
v 0.18550336 2.64151234 -0.43648656
v 0.78148570 2.28454962 -0.43060493
v 0.66682601 2.32947171 -0.45773354
v 0.55649639 2.36878947 -0.47099132
v 0.43567503 2.40948860 -0.48986785
v 0.30441579 2.45529167 -0.49121954
v 0.15472192 2.45976017 -0.47442492
v 0.98247228 2.55057335 -0.24025649
v 0.93032378 2.40183572 -0.27817209
v 1.01443213 2.00125546 -0.41743730
v 0.71761869 1.82924943 -0.75877196
v 0.57237827 1.83829859 -0.79349678
v 0.43008611 1.84820759 -0.80816209
v 0.29660247 1.84594828 -0.82057478
v 0.17929270 1.85582875 -0.81040598
v 0.06945341 1.86654794 -0.75765010
v 0.88591449 2.03652880 -0.52754965
v 1.00362771 1.80295521 -0.50800120
v 0.85895896 1.80662386 -0.67957471
v 0.68302412 1.54911694 -0.88583319
v 0.51205658 1.53681613 -0.91779818
v 0.35159284 1.52726885 -0.93728528
v 0.21397370 1.50467950 -0.95326059
v 0.10646121 1.51070612 -0.89757810
v 0.00499017 1.51244271 -0.81342317
v 1.04952591 1.53473499 -0.66628462
v 0.69353225 1.18693357 -0.96987080
v 0.49054153 1.17993908 -0.98171125
v 0.30580724 1.16974194 -0.97652182
v 0.14918311 1.16610889 -0.93483162
v 0.05147965 1.17814801 -0.86597849
v -0.00226604 1.18986309 -0.78337512
v 0.85470572 1.54761186 -0.80333135
v 1.10029336 1.23439423 -0.72506341
v 0.71886742 0.86834338 -0.93580201
v 0.49498100 0.85677381 -0.93491263
v 0.28322167 0.85744717 -0.92124673
v 0.13231925 0.88094910 -0.86836541
v 0.04711389 0.89435699 -0.80473253
v 0.00825644 0.90581124 -0.72139878
v 0.90349144 1.21310980 -0.89502165
v 1.12769986 0.97341324 -0.70825369
v 0.71939180 0.62891627 -0.86168040
v 0.48137942 0.60439873 -0.84727230
v 0.26699625 0.62407438 -0.80809189
v 0.14569756 0.66822425 -0.74666937
v 0.06970525 0.68877476 -0.69378103
v 0.02930853 0.72382340 -0.61913549
v 0.92414593 0.93395843 -0.85654627
v 1.15132635 0.75506045 -0.67776390
v 0.70598370 0.42850081 -0.77546339
v 0.45822631 0.42750524 -0.71621500
v 0.25746775 0.50011407 -0.61907493
v 0.15786087 0.53998887 -0.58693497
v 0.09550152 0.55772543 -0.53109279
v 0.05104593 0.59119787 -0.48960157
v 0.93809706 0.69627364 -0.80429735
v 1.17592377 0.57902549 -0.63813906
v 0.70611827 0.29209437 -0.65593153
v 0.44099279 0.28739151 -0.51740003
v 0.25042925 0.37117417 -0.45869970
v 0.18389764 0.43398116 -0.42785875
v 0.12437538 0.48199563 -0.39185336
v 0.08194696 0.51440858 -0.37815610
v 0.95116634 0.50642834 -0.75146341
v 1.19367567 0.42150046 -0.61250264
v 0.75431486 0.14432329 -0.61444269
v 0.52521185 0.08024581 -0.48691721
v 0.16071347 0.38990256 -0.33400650
v 0.11736595 0.42952919 -0.28482775
v 0.07418822 0.46761702 -0.24471306
v 0.96284465 0.34669383 -0.71422591
v 1.29196789 1.93806049 0.00816893
v 1.16883820 1.97399845 -0.22791877
v 1.35014728 1.91807620 0.47140417
v 1.35416414 1.91859609 0.24891195
v 1.27798174 1.92695486 0.67962062
v 1.17836695 1.92725176 0.86894978
v 1.28183547 1.71938271 -0.04545069
v 1.15740627 1.74379882 -0.31305664
v 1.40027904 1.68477412 0.43709715
v 1.36817039 1.69720919 0.21185394
v 1.35325373 1.65848979 0.64282412
v 1.26757361 1.64707701 0.85532022
v 1.31513774 1.49620722 -0.12999750
v 1.21744533 1.48837819 -0.41558475
v 1.47300583 1.43783995 0.42009420
v 1.42335984 1.47226425 0.16372648
v 1.41445348 1.41401038 0.65586577
v 1.32973114 1.40015598 0.86472099
v 1.36683600 1.25672674 -0.19159127
v 1.27117905 1.22032317 -0.50824987
v 1.49568807 1.22168173 0.41111194
v 1.45884409 1.24613165 0.12834403
v 1.46193282 1.19334595 0.64614126
v 1.36573930 1.17471812 0.84685106
v 1.42270335 1.04194047 -0.20988875
v 1.30568031 0.99399313 -0.50400248
v 1.54212051 1.03029242 0.39691707
v 1.50877402 1.04410597 0.11273700
v 1.49099260 1.00557338 0.63218500
v 1.38873581 0.97893094 0.82706514
v 1.47322292 0.85286538 -0.19698072
v 1.33946245 0.80364847 -0.48393249
v 1.59680979 0.85664745 0.39906192
v 1.57263345 0.86255597 0.12273909
v 1.53738827 0.83555861 0.63185217
v 1.42884532 0.80394389 0.82877037
v 1.52830795 0.67888846 -0.17883333
v 1.36582064 0.63606972 -0.44834353
v 1.64510443 0.69700809 0.40228485
v 1.62675658 0.69875837 0.12902641
v 1.58384526 0.67886562 0.64205945
v 1.47266331 0.64528242 0.84673282
v 1.57980648 0.52279756 -0.16399170
v 1.39767744 0.47774571 -0.41977180
v 1.69003001 0.55037780 0.40341638
v 1.67949347 0.54806415 0.13351314
v 0.81956774 0.14899901 1.15134281
v 0.78705121 0.31371523 1.13797751
v 1.03405580 1.91490868 1.03213977
v 0.37953994 1.68916904 1.26806495
v 0.54283182 1.74754831 1.24063195
v 0.85500875 1.88544849 1.11053921
v 0.70018144 1.82500968 1.17756429
v 1.11411318 1.64337784 1.03737803
v 0.38660065 1.42670673 1.25778133
v 0.55621752 1.48757194 1.22223005
v 0.90822779 1.63115443 1.12268771
v 0.71699933 1.57276029 1.17501066
v 1.16926313 1.39892639 1.04156526
v 0.38686619 1.16672317 1.23604341
v 0.55749637 1.23421576 1.17630463
v 0.91955279 1.39120189 1.11957621
v 0.71864443 1.32401919 1.14396149
v 1.20790265 1.15590392 1.01514109
v 0.36066603 0.93815968 1.17418538
v 0.53234006 1.01667524 1.11583829
v 0.96945613 1.13553159 1.11118590
v 0.74454831 1.08540633 1.09006614
v 1.23433377 0.94653676 0.98585078
v 0.32698472 0.71924797 1.07819491
v 0.52917761 0.80575307 1.04725505
v 0.99977611 0.91004845 1.10731193
v 0.75863529 0.85920963 1.10938113
v 1.27000269 0.76143673 0.98335745
v 0.27078579 0.53320719 0.93720540
v 0.48203759 0.56224412 0.97246037
v 1.02323816 0.71626275 1.09611393
v 0.75826511 0.65902742 1.11160393
v 1.30686863 0.59870097 1.00430030
v 0.51982868 0.38856907 0.95580889
v 1.05021919 0.54454212 1.09824142
v 0.76814447 0.47990267 1.11732158
v 0.18516028 1.65668479 1.26999546
v 0.20155960 1.39374434 1.28817881
v 0.20081411 1.15184551 1.26213184
v 0.18853910 0.91474550 1.23180368
v 0.16716929 0.71187463 1.13628690
v 0.14039539 0.52644161 0.97194446
v 0.87966629 2.11798694 1.14004996
v 0.70335484 2.06821556 1.21886295
v 0.36293560 1.96952069 1.30108932
v 0.17732099 1.95366000 1.30296763
v 1.05088175 2.15418187 1.05440981
v 0.53818149 2.00785755 1.27672719
v 0.09867496 0.39441305 0.75045448
v 0.05429304 0.33740261 0.51892110
v 0.01469854 0.35485247 0.11440731
v 0.06038029 0.43506712 -0.09776436
v 0.17813109 0.40918987 0.74327032
v 0.10181021 0.34614011 0.52609532
v 0.04403078 0.33161637 0.10750415
v 0.09616544 0.38308679 -0.12602921
v 0.24777457 0.38433573 0.78174448
v 0.14133287 0.30542036 0.54066787
v 0.07714769 0.24083987 0.11414660
v 0.12095504 0.32401107 -0.15629694
v 0.11720545 2.19162611 -0.60255625
v 0.75409945 2.06720126 -0.58951538
v 0.62648905 2.10571750 -0.61833872
v 0.50094070 2.13272053 -0.62783199
v 0.90285545 2.23696853 -0.37294417
v 0.37217587 2.15182447 -0.63252885
v 0.24728630 2.17784682 -0.62263674
v 1.02610811 2.18579235 -0.28186409
v 1.31348590 2.13427466 0.29710824
v 1.28684364 2.12470002 0.10133382
v 1.16188175 2.17869854 0.89902441
v 1.24916572 2.17001306 0.71649639
v 1.30138843 2.15227236 0.51464483
v 1.15697076 2.14501911 -0.13114411
v 1.21669166 0.27466145 -0.59093645
v 0.98863397 0.20252114 -0.68727753
v 1.62017174 0.37701408 -0.14630095
v 1.43276252 0.32887806 -0.39482938
v 1.73637658 0.41291782 0.42194649
v 1.72418417 0.40719751 0.15117517
v 1.08163273 0.38661239 1.10791475
v 0.54760387 0.22175051 0.97514091
v 1.34644492 0.45122487 1.02922043
v 1.51563081 0.50357565 0.86775172
v 0.29350341 0.27859136 0.78764319
v 0.17177796 0.20865678 0.53991611
v 0.11220848 0.13237185 0.09407261
v 0.16017697 0.19034363 -0.18210478
v 1.11394900 0.23100225 1.12286748
v 0.57494214 0.04927363 1.00587847
v 1.37465305 0.30765961 1.04404872
v 1.55955128 0.36364822 0.89083228
v 0.33531970 0.12948870 0.78716496
v 0.22160496 0.05938071 0.54091807
v 0.16038994 0.00253933 0.07618404
v 0.21134480 0.05461349 -0.17423105
v 0.37137014 -0.03430692 0.79529264
v 0.25699951 -0.10779267 0.54429841
v 0.20149708 -0.15196421 0.07411219
v 0.25970460 -0.10088473 -0.15605291
v 0.20514491 0.30704817 -0.37052903
v 1.62975890 0.53635597 0.65458412
v 1.67718209 0.39794666 0.67469930
v 0.28957542 0.14776185 -0.36794924
v 0.36323412 -0.01625654 -0.34299746
v 0.81127353 -0.00877692 -0.59131345
v 0.58876529 -0.09189246 -0.46961924
v 0.86035996 -0.02536126 1.18159664
v 1.25464361 0.12283976 -0.57608138
v 1.03468342 0.05601364 -0.66417222
v 1.66928581 0.22698390 -0.13328316
v 1.47992790 0.17492465 -0.38051496
v 1.78605117 0.26488776 0.45157859
v 1.77349838 0.25663530 0.17826802
v 1.15550687 0.07290290 1.15052998
v 0.60436121 -0.12306429 1.03326177
v 1.41861123 0.15912894 1.06320403
v 1.60560017 0.21769956 0.91112673
v 0.39923967 -0.20535392 0.81601956
v 0.27559708 -0.28302976 0.55932192
v 0.22615413 -0.32183973 0.08830364
v 0.28709193 -0.27023073 -0.13487342
v 1.72774007 0.25315323 0.69495610
v 0.41111981 -0.18788605 -0.32329815
v 0.88399058 -0.20688862 -0.57770048
v 0.64911689 -0.29396373 -0.46322255
v 0.90263817 -0.21117127 1.22464079
v 1.32979545 -0.06960123 -0.55087587
v 1.10571567 -0.13625207 -0.63304946
v 1.72904286 0.04022892 -0.11138997
v 1.55285793 -0.01303731 -0.35797921
v 1.83593287 0.08600319 0.48887950
v 1.82654109 0.07331998 0.21280726
v 1.20396906 -0.09140744 1.18392061
v 0.64196665 -0.30682043 1.06081721
v 1.46628993 -0.00365017 1.08926715
v 1.65551623 0.05201408 0.93018163
v 0.43212529 -0.38710724 0.84113550
v 0.29963477 -0.46411012 0.58982057
v 0.24847669 -0.50422167 0.12813442
v 0.31301326 -0.45741736 -0.09552438
v 1.77587200 0.08183914 0.72435500
v 0.45299720 -0.38129440 -0.29106826
v 0.97575007 -0.48916358 -0.57527023
v 0.71931917 -0.56077298 -0.45054959
v 0.94954178 -0.41438934 1.24913443
v 1.44442064 -0.33039880 -0.51352224
v 1.21446411 -0.41046935 -0.61350789
v 1.81649043 -0.20873178 -0.07687670
v 1.65449836 -0.26556782 -0.32427895
v 1.90436413 -0.14640784 0.51432269
v 1.89818208 -0.17239838 0.24059212
v 1.26293173 -0.29461187 1.22169344
v 0.67694527 -0.52573900 1.08184251
v 1.53700504 -0.21037791 1.11576452
v 1.72410645 -0.16079712 0.94370551
v 0.46053816 -0.61026590 0.87179074
v 0.32592858 -0.68692917 0.62953921
v 0.26935638 -0.73028993 0.17808046
v 0.34127854 -0.69482306 -0.04359881
v 1.84495514 -0.14297252 0.74358848
v 0.49559023 -0.63836929 -0.25700491
v 1.17623504 -1.13355426 -0.55506134
v 0.87500667 -1.17370024 -0.44614645
v 1.11155382 -1.00910106 1.26452940
v 1.66645104 -1.00580418 -0.39908395
v 1.44450120 -1.07017121 -0.53590842
v 1.96131406 -0.91324763 -0.01066229
v 1.84271004 -0.95590931 -0.22293837
v 2.02488028 -0.86804624 0.47788292
v 2.01889183 -0.89333567 0.24744281
v 1.41747366 -0.92760420 1.24265141
v 0.80575779 -1.11397616 1.14136679
v 1.68868135 -0.84743772 1.10986004
v 1.87783687 -0.83052085 0.90540063
v 0.57237473 -1.19096543 0.93255425
v 0.42909132 -1.26536200 0.67614232
v 0.35667441 -1.32859330 0.23251295
v 0.41664577 -1.29833931 0.01538258
v 1.97752328 -0.84240336 0.69296222
v 0.58068187 -1.24627673 -0.21554111
v 1.26612693 -1.46434692 -0.54071858
v 1.00073511 -1.47890727 -0.43360644
v 1.20730925 -1.36842788 1.24666072
v 1.72639781 -1.35919800 -0.34265257
v 1.52746947 -1.41010253 -0.48799313
v 1.94924099 -1.29556039 0.01743813
v 1.87784999 -1.32608608 -0.17027999
v 2.02750270 -1.28475161 0.41556916
v 2.00085808 -1.29792588 0.21786942
v 1.51462370 -1.29534033 1.20521990
v 0.90607000 -1.44019157 1.16314826
v 1.77182936 -1.22960225 1.06478421
v 1.94042892 -1.23999348 0.86192565
v 0.66876888 -1.51315143 0.94897616
v 0.51617590 -1.59340034 0.66257784
v 0.47393423 -1.65387892 0.21497297
v 0.52917322 -1.61726348 0.00663805
v 1.99946619 -1.25987381 0.62993669
v 0.66281496 -1.55890455 -0.20343515
v 1.33083612 -1.78828630 -0.42696193
v 1.11799114 -1.82575087 -0.36968546
v 1.32437770 -1.67796529 1.16577931
v 1.72065532 -1.68725618 -0.26425571
v 1.54730541 -1.73336798 -0.38580242
v 1.92178386 -1.66062640 0.04694887
v 1.85382557 -1.66371527 -0.10970815
v 1.96224372 -1.66105965 0.32749122
v 1.94900527 -1.65908349 0.19016663
v 1.59138463 -1.63491773 1.10499484
v 1.02936466 -1.73307758 1.14401670
v 1.81126837 -1.62168051 0.96154104
v 1.93765208 -1.63993800 0.75294178
v 0.77800469 -1.81803393 0.92132727
v 0.62491149 -1.89582035 0.63449705
v 0.59959306 -1.98001954 0.19479135
v 0.65721418 -1.94281366 0.00079326
v 1.98100037 -1.65263550 0.52115967
v 0.76691487 -1.87578553 -0.17712007
v 1.36924469 -2.07949135 -0.35014947
v 1.16917542 -2.11807613 -0.30422343
v 1.43172700 -1.97441748 1.08542129
v 1.70482351 -1.99687042 -0.20248806
v 1.56218627 -2.03110049 -0.30341385
v 1.90663579 -1.97369378 0.05386112
v 1.83072901 -1.97038179 -0.07695620
v 1.93916200 -1.96649523 0.30238558
v 1.93859138 -1.96847471 0.18703370
v 1.66152750 -1.95346670 0.99236371
v 1.15206020 -2.01524040 1.06094578
v 1.83103407 -1.96175638 0.82240400
v 1.91185152 -1.96157052 0.64992549
v 0.91813805 -2.08562890 0.85056384
v 0.78753562 -2.16851231 0.61888407
v 0.69899845 -2.28369153 0.19305720
v 0.73828965 -2.24270235 0.01328844
v 1.93794471 -1.96105718 0.44711785
v 0.86534094 -2.17171156 -0.15254027
v 1.38015387 -2.28935192 -0.30886928
v 1.17773391 -2.31540143 -0.26272379
v 1.52214223 -2.25200087 1.00870110
v 1.71520064 -2.25209053 -0.15927852
v 1.57620649 -2.25738243 -0.26036926
v 1.92111480 -2.24360776 0.06973142
v 1.83861395 -2.23627851 -0.04121109
v 1.94303444 -2.25011942 0.29196157
v 1.95079755 -2.24992150 0.18175049
v 1.69772705 -2.25396894 0.89648339
v 1.29161463 -2.27920470 1.01981224
v 1.81655427 -2.26156747 0.73587981
v 1.87014459 -2.25913711 0.60000084
v 1.06214357 -2.34043978 0.84447431
v 0.92826645 -2.41553529 0.60627226
v 0.76534847 -2.52578036 0.20705282
v 0.78653421 -2.47886998 0.03575488
v 1.89810552 -2.25507460 0.43051218
v 0.88008847 -2.39387831 -0.10959964
v 1.40043373 -2.47287279 -0.28806926
v 1.20818154 -2.49522827 -0.24154025
v 1.57356197 -2.49031552 0.97777008
v 1.78233616 -2.46469458 -0.12389584
v 1.61154978 -2.46121967 -0.23801243
v 1.95250128 -2.50667493 0.10041256
v 1.87765682 -2.49064017 -0.01784558
v 1.92619744 -2.50795012 0.30586792
v 1.96772376 -2.50659218 0.21360853
v 1.71254603 -2.52792125 0.87713496
v 1.37309164 -2.50900970 0.99391476
v 1.80125854 -2.54786600 0.70134802
v 1.84694395 -2.54427411 0.56499708
v 1.15535375 -2.57671061 0.80399176
v 1.03310654 -2.66100105 0.54742340
v 0.84246401 -2.73884430 0.21200593
v 0.85224796 -2.68357407 0.04471643
v 1.87939039 -2.53619774 0.42458395
v 0.93649282 -2.58790292 -0.09573111
v 1.44746272 -2.67555872 -0.27704499
v 1.26571230 -2.69862202 -0.24128973
v 1.60028162 -2.75597340 0.93614385
v 1.82282631 -2.68018845 -0.14180882
v 1.65114856 -2.66223336 -0.24564546
v 1.97599672 -2.75440019 0.12357037
v 1.92157584 -2.72468897 -0.02378098
v 1.92126242 -2.76408519 0.33902433
v 1.97278268 -2.74926671 0.22337716
v 1.72086427 -2.79513615 0.84785269
v 1.44428480 -2.75200270 0.95001749
v 1.80540323 -2.81732056 0.68437881
v 1.85722808 -2.80797889 0.58455861
v 1.21977776 -2.80576625 0.82466944
v 1.08224262 -2.89876340 0.57427735
v 0.91806045 -2.94822349 0.20220878
v 0.94848384 -2.88470277 0.03223141
v 1.89189054 -2.77436540 0.45124860
v 1.07726329 -2.81896110 -0.09768283
v 1.47850787 -2.88541236 -0.31105830
v 1.31417538 -2.95245590 -0.24269510
v 1.61118745 -3.01284451 0.84266867
v 1.85383420 -2.88947866 -0.19619645
v 1.67514830 -2.87038386 -0.29148679
v 2.00137757 -2.97218622 0.09173656
v 1.95751774 -2.93746872 -0.07664745
v 1.96190943 -2.98387852 0.33425486
v 1.98979499 -2.97254558 0.22506570
v 1.73411704 -3.03186483 0.78490911
v 1.45995803 -3.01044918 0.83737956
v 1.81716876 -3.07179833 0.67770307
v 1.88196364 -3.05719350 0.55740938
v 1.27183818 -3.06203074 0.69480272
v 1.12881052 -3.12555189 0.53622542
v 0.98661512 -3.16108746 0.17725118
v 1.02079590 -3.08849496 0.02147860
v 1.91953205 -3.02025834 0.45371222
v 1.16253172 -3.01971113 -0.14185874
v 1.52301051 -3.06628845 -0.41967841
v 1.35332712 -3.17360621 -0.36953231
v 1.62841774 -3.28974921 0.73805146
v 1.88410072 -3.02124444 -0.29619394
v 1.71132885 -3.01403169 -0.37819339
v 2.05915855 -3.10858936 0.02184621
v 2.00172330 -3.06550483 -0.16747998
v 2.01720846 -3.15561147 0.31577098
v 2.04669680 -3.13242427 0.18414457
v 1.74860537 -3.27051788 0.70610824
v 1.49165264 -3.31722680 0.70127695
v 1.86656874 -3.26614175 0.67045944
v 1.93607673 -3.23872093 0.54704340
v 1.30564873 -3.35431184 0.57890304
v 1.17483922 -3.38940680 0.42538915
v 1.06218078 -3.38743330 0.05425377
v 1.09194255 -3.35188750 -0.10469295
v 1.96572229 -3.20121906 0.44419693
v 1.21521097 -3.25123080 -0.25223749
v 1.54727535 -3.35706225 -0.53884332
v 1.36738227 -3.46357345 -0.47662418
v 1.64250625 -3.51101052 0.71830346
v 1.88987438 -3.25560882 -0.43237804
v 1.72577504 -3.27642597 -0.50256783
v 2.11945781 -3.28575931 -0.08272780
v 2.03740921 -3.26572912 -0.28503850
v 2.09444948 -3.32672492 0.26964904
v 2.12265008 -3.30692795 0.11356571
v 1.76330995 -3.46272292 0.71329198
v 1.51232151 -3.56034682 0.65588326
v 1.88079325 -3.42930748 0.65750922
v 1.98504056 -3.39686482 0.53422308
v 1.35394350 -3.60096310 0.50078353
v 1.23998538 -3.62231239 0.37725075
v 1.07645158 -3.66561780 0.01597971
v 1.09259110 -3.63266886 -0.16287068
v 2.03518094 -3.37165618 0.41775011
v 1.21029021 -3.55206887 -0.32933765
v 1.54110890 -3.62283746 -0.62827695
v 1.34240529 -3.73257734 -0.54869321
v 1.65099306 -3.77274265 0.68108174
v 1.91039392 -3.48376562 -0.53766718
v 1.73996177 -3.53049166 -0.61143934
v 2.17490625 -3.45904760 -0.18353793
v 2.05003814 -3.47395861 -0.42101740
v 2.17544881 -3.50115440 0.22352243
v 2.20481442 -3.47672089 0.03893575
v 1.77749087 -3.69624122 0.69179014
v 1.51295512 -3.83534243 0.60454975
v 1.90495884 -3.62965218 0.63833767
v 2.03534250 -3.56765392 0.52413099
v 1.36366754 -3.86710367 0.47101615
v 1.25435420 -3.87114234 0.34627525
v 1.06277823 -3.95588539 -0.02492898
v 1.07266000 -3.92477720 -0.20362670
v 2.10117580 -3.54566948 0.39587085
v 1.19294660 -3.83757460 -0.38113665
v 1.53219799 -3.91693065 -0.70665316
v 1.34178307 -4.01825494 -0.62149143
v 1.64891975 -4.09915831 0.65549844
v 1.94528245 -3.72830388 -0.62016838
v 1.75096889 -3.81673489 -0.70064144
v 2.23523413 -3.66108783 -0.27501449
v 2.08750385 -3.68278940 -0.49584280
v 2.26807600 -3.72093062 0.19014094
v 2.29975373 -3.68767120 -0.01819171
v 1.78493932 -4.00662712 0.68040747
v 1.50650168 -4.16228524 0.57442372
v 1.92330296 -3.91211377 0.64237486
v 2.07394719 -3.81522343 0.53512362
v 1.37790097 -4.17194892 0.45433957
v 1.22548683 -4.21680692 0.32361489
v 1.05501946 -4.24129420 -0.03443895
v 1.06583309 -4.22527310 -0.23119127
v 2.17844069 -3.74732586 0.40322134
v 1.18063419 -4.14723149 -0.42130851
v 1.54479472 -4.30503122 -0.74415406
v 1.35337839 -4.41759574 -0.64030797
v 1.63679595 -4.46271469 0.62853459
v 1.96957995 -4.08854389 -0.67857498
v 1.78024821 -4.19171535 -0.74770641
v 2.28052103 -4.00725039 -0.36492933
v 2.14122638 -4.03300246 -0.54174999
v 2.33579422 -4.08125195 0.17814832
v 2.38089488 -4.02941434 -0.06114888
v 1.77243951 -4.39432526 0.67117683
v 1.50410870 -4.49952655 0.55280317
v 1.92012552 -4.30679062 0.65798061
v 2.07852443 -4.21104362 0.57812615
v 1.38263361 -4.50160844 0.44423024
v 1.22270646 -4.55148827 0.30864377
v 1.08747438 -4.58781431 -0.04226643
v 1.09669372 -4.55646565 -0.26050626
v 2.23382097 -4.13126718 0.40488765
v 1.22640317 -4.51220746 -0.44530663
v 1.62095252 -4.79104609 -0.68376415
v 1.42236899 -4.87229173 -0.57012489
v 1.65619067 -4.88722286 0.58582679
v 2.02781123 -4.65926422 -0.64396173
v 1.84601253 -4.72174119 -0.69911434
v 2.33058262 -4.59892637 -0.31930690
v 2.18995066 -4.63966358 -0.51218048
v 2.35247769 -4.63981765 0.22055067
v 2.39873496 -4.61497913 -0.03339165
v 1.78964601 -4.84403921 0.63030596
v 1.51791197 -4.91988808 0.51885460
v 1.93102655 -4.77754272 0.63659469
v 2.08577508 -4.71450905 0.59207579
v 1.42520900 -4.95414618 0.42914679
v 1.29935626 -4.96373702 0.31057948
v 1.19152604 -4.97778344 -0.01819926
v 1.20651233 -4.98964391 -0.23145896
v 2.22706722 -4.68604034 0.43609430
v 1.32453018 -4.93735757 -0.41822839
v 1.70879804 -5.33621767 -0.50879632
v 1.55379104 -5.36320044 -0.42557954
v 1.68864395 -5.40507424 0.51797617
v 2.05535414 -5.26800795 -0.50415083
v 1.88613486 -5.30807439 -0.53764939
v 2.31067563 -5.29021588 -0.23339352
v 2.20464200 -5.27658541 -0.40160970
v 2.28404784 -5.32214259 0.27120635
v 2.34883816 -5.31184677 0.03935112
v 1.82022606 -5.37970627 0.55527064
v 1.57339560 -5.42747830 0.46403771
v 1.93718204 -5.36347477 0.56748525
v 2.05888322 -5.34250429 0.54651078
v 1.51013162 -5.43316391 0.38192996
v 1.42707775 -5.45060242 0.30536107
v 1.33161923 -5.38572196 0.00479749
v 1.37507702 -5.41935706 -0.18111851
v 2.17427853 -5.33096225 0.44188900
v 1.46564046 -5.39476381 -0.31948009
v 1.79294946 -6.04308258 -0.36635435
v 1.66630168 -6.04405493 -0.30266407
v 1.77635570 -5.98784569 0.46780159
v 2.06443244 -5.94860035 -0.34341125
v 1.94091387 -5.98749013 -0.37175664
v 2.25546321 -5.97627830 -0.08333602
v 2.21403530 -5.95436927 -0.19947060
v 2.24623289 -5.95254549 0.28854770
v 2.27014229 -5.94166956 0.10000717
v 1.86857977 -5.98035752 0.49317742
v 1.67266323 -5.99483744 0.42545427
v 1.95163131 -5.95757238 0.50594827
v 2.03256028 -5.94578295 0.49268734
v 1.61335575 -6.00808791 0.35820309
v 1.56361731 -6.01007778 0.26452784
v 1.51193256 -5.98750063 0.01715077
v 1.57858277 -6.05471293 -0.09863590
v 2.13746829 -5.95209500 0.42375602
v 1.61494046 -6.02327157 -0.18449075
v 2.03839120 -8.11146080 0.47361439
v 1.97955200 -8.09688720 0.52048000
v 1.91287360 -8.06668080 0.56614559
v 1.84133119 -8.02436640 0.61335039
v 1.83906241 -8.01118160 0.82923201
v 2.24079612 -6.90942006 0.18537767
v 2.23564687 -6.93574675 0.05411905
v 2.25696059 -7.13699280 0.07198454
v 2.26065029 -7.14121510 0.21886852
v 2.28793819 -7.29730358 0.22252644
v 1.83933751 -6.59733424 -0.31376281
v 1.76034077 -6.58936535 -0.23492836
v 1.85908452 -6.48383478 0.45530630
v 2.10452052 -6.59081470 -0.20933120
v 1.97586448 -6.59737412 -0.30268835
v 2.23049937 -6.53286678 -0.02308850
v 2.19578482 -6.55440006 -0.10669076
v 2.13928879 -6.50698910 0.38784473
v 2.21943159 -6.51756268 0.28663908
v 1.93238928 -6.48171574 0.46801741
v 1.78410222 -6.50158241 0.42361064
v 1.98475349 -6.49043364 0.46695530
v 1.74412195 -6.50996501 0.37181390
v 1.71121776 -6.52896629 0.29881785
v 1.67653780 -6.58681405 0.07751659
v 1.68017861 -6.59203278 -0.04080246
v 2.05492447 -6.48801234 0.44245806
v 1.71415700 -6.59405435 -0.12865423
v 1.91743578 -7.01966194 -0.30427411
v 1.82471655 -6.97922059 -0.21641037
v 1.91811625 -6.85257452 0.49306776
v 2.14991489 -6.97397088 -0.13033402
v 2.04155824 -7.00627874 -0.20879502
v 2.32657821 -7.44969760 0.09261119
v 2.22487447 -6.93721060 -0.03760016
v 2.16041473 -6.88404213 0.36912301
v 2.23003231 -6.90491146 0.30312013
v 1.97156728 -6.85438290 0.49668452
v 1.87144213 -6.85542154 0.46992835
v 2.03249191 -6.85954391 0.48469181
v 1.83123658 -6.85649252 0.42367203
v 1.79230650 -6.85984793 0.35721674
v 1.73923099 -6.88200698 0.14853875
v 1.74273342 -6.92227477 0.03103626
v 2.08892405 -6.85485769 0.44335222
v 1.75412842 -6.93493315 -0.09874096
v 1.94688900 -7.08555373 0.56009933
v 2.19388457 -7.15312765 0.41423919
v 2.24589665 -7.14639411 0.31363037
v 1.99494341 -7.09288653 0.55631092
v 1.90735868 -7.07790844 0.54512103
v 2.05002537 -7.10747037 0.53210932
v 1.87759203 -7.06342691 0.50586188
v 2.12088484 -7.12948131 0.48448992
v 0.29848800 8.21242080 1.47818480
v 0.33517200 8.21431758 1.47018800
v 0.37125920 8.20722081 1.45999120
v 0.40614640 8.19622398 1.43639760
v 0.43134000 8.18332721 1.40660080
v 0.43903680 8.17703358 1.39750400
v 0.44363360 8.16883359 1.38170720
v 0.44463360 8.16493680 1.37151040
v 0.44263360 8.15764000 1.36441040
v 0.43863680 8.15034320 1.36431040
v 0.43084320 8.13884957 1.37720720
v 0.41644640 8.12725278 1.40260400
v 0.38735600 8.11815598 1.43430080
v 0.34907200 8.11305922 1.45659440
v 0.30278800 8.11386239 1.46229120
v 0.26370080 8.11675919 1.46279440
v 0.23111680 8.12035922 1.45349760
v 0.19212960 8.13075279 1.43860080
v 0.26000400 8.20552398 1.47408800
v 0.22521680 8.19342717 1.46719120
v 0.19862960 8.17843362 1.45919440
v 0.17383920 8.16164001 1.44299440
v 0.16464240 8.15694318 1.43499760
v 0.16334240 8.14964643 1.43270080
v 0.16754240 8.14184963 1.43310080
v 0.18183600 8.16904001 1.45199440
v 0.14624880 8.13255603 1.44339440
v 0.21662000 8.21331761 1.47668800
v 0.18613280 8.19802401 1.47098800
v 0.37945600 8.22801440 1.44939440
v 0.44923360 8.20492397 1.40081040
v 0.46362720 8.18892720 1.37691680
v 0.47112400 8.17533361 1.36112000
v 0.47252080 8.16423680 1.35192320
v 0.47392080 8.15444322 1.35062320
v 0.45073360 8.11665920 1.35392000
v 0.46792400 8.14414963 1.34982320
v 0.35306560 8.08377518 1.42570080
v 0.39654960 8.08827199 1.40220720
v 0.30568480 8.08207838 1.44219760
v 0.26110400 8.08567520 1.44849440
v 0.16833920 8.11786242 1.44679760
v 0.22142000 8.09457202 1.44889760
v 0.42784000 8.10206559 1.37061360
v 0.16574240 8.18363039 1.46079120
v 0.14094880 8.14664963 1.44269440
v 0.14854560 8.17163683 1.45049120
v 0.14314880 8.15934323 1.44299120
v 0.25460400 8.22651439 1.47518480
v 0.33777200 8.23721118 1.46649120
v 0.29518800 8.23431120 1.47788800
v 0.41824320 8.21741762 1.42970400
v 1.77787200 -7.90181760 1.78914239
v 1.64504800 -7.89140640 1.79842080
v 1.60837600 -8.03521840 1.78894880
v 1.82630960 -8.05990480 1.80390800
v 1.67355760 -7.95198320 1.98363999
v 1.64435120 -8.03124640 2.10157519
v 1.83244880 -8.03536240 2.08786719
v 1.79047040 -7.95992880 1.96947120
v 1.66348880 -8.01321200 2.11737679
v 1.82098640 -8.01092480 2.10420161
v 1.78563760 -7.96596480 1.97760080
v 1.68082960 -7.96265520 1.99524481
v 1.58822880 -8.07602800 1.98314960
v 1.84461120 -8.07264080 1.98816639
v 1.79447040 -7.93738800 1.92486320
v 1.65715280 -7.93074240 1.93403520
v 1.65705280 -7.90766880 1.88129121
v 1.78733760 -7.91918320 1.87651600
v 1.84914401 -8.07751280 1.89734399
v 1.56898480 -8.07283120 1.89625679
v 1.65361680 -7.89220000 1.83125680
v 1.83244240 -8.06334080 1.82313600
v 1.77940480 -7.90875040 1.81614239
v 1.59680400 -8.04245440 1.82828480
v 1.65545280 -7.90273600 1.85588801
v 1.84047201 -8.07117680 1.84840319
v 1.78644080 -7.91658640 1.85135201
v 1.58896800 -8.05532320 1.85558479
v 1.60990880 -8.06655600 2.03479360
v 1.79417040 -7.94866000 1.94390080
v 1.84361760 -8.06954400 2.04324641
v 1.66368880 -7.94157520 1.95576960
v 1.66489520 -8.12839360 1.79723919
v 1.71553280 -8.07556080 2.13596561
v 1.71483280 -8.04426400 2.15644241
v 1.67113120 -8.16177680 2.03001519
v 1.66299840 -8.17287840 1.90214080
v 1.66783120 -8.14669840 1.82823921
v 1.66389840 -8.16230640 1.86447201
v 1.69530160 -8.13710640 2.08048559
v 1.74590720 -8.15604080 1.85863280
v 1.73827440 -8.14970160 1.83096560
v 1.79396080 -8.13387360 2.07182001
v 1.78984720 -8.03683120 2.14787040
v 1.76767760 -8.15654400 1.90073761
v 1.79535760 -8.15954720 2.01714319
v 1.73091200 -8.13833600 1.80630159
v 1.78954080 -8.07133120 2.12792960
v 1.67748720 -8.00354640 2.12444559
v 1.81032080 -7.99945280 2.10933759
v 1.78030480 -7.97100080 1.98746959
v 1.68875920 -7.97189440 1.99817440
v 1.71233280 -8.02702320 2.14557359
v 1.78745040 -8.02182960 2.13993759
v 1.60706960 -7.95502560 1.79942081
v 1.80637520 -7.94892880 1.79911441
v 1.65322320 -7.98005680 2.03432321
v 1.82098000 -7.98604480 2.00680721
v 1.66552800 -7.98046000 2.04588881
v 1.81191120 -7.98017280 2.02170881
v 1.60739920 -7.98349280 1.94087119
v 1.82994560 -7.96236800 1.87781280
v 1.60073040 -7.97272720 1.89192720
v 1.83738160 -7.98141200 1.93682560
v 1.60810560 -7.96199440 1.83295680
v 1.81250480 -7.95173200 1.82014240
v 1.60213360 -7.96559120 1.86345999
v 1.82227680 -7.95686480 1.85154559
v 1.83064880 -7.99084480 1.96532879
v 1.62874320 -7.98842880 1.98344641
v 1.79830960 -7.97887280 2.02968081
v 1.67375440 -7.98160240 2.04728879
v 1.63409520 -8.09062480 1.79878161
v 1.81834720 -8.05312960 2.11452800
v 1.68572640 -8.03418880 2.15391601
v 1.77722641 -8.10240960 1.80660481
v 1.62392320 -8.12640800 1.99934482
v 1.60758240 -8.12180160 1.90094720
v 1.63075920 -8.10529360 1.82464241
v 1.62359040 -8.11192960 1.85858161
v 1.83034560 -8.10124400 2.05461200
v 1.68173600 -8.06519520 2.13053920
v 1.65239360 -8.11613920 2.07192640
v 1.80229041 -8.11828160 1.85777199
v 1.78348561 -8.11194560 1.82926879
v 1.81181760 -8.02712960 2.12887199
v 1.81912801 -8.11828160 1.89864081
v 1.83423920 -8.10847680 2.00293840
v 1.69075920 -8.01645440 2.13226881
v 1.80538800 -8.01202480 2.12040001
v 1.90769600 -7.97979600 2.06006081
v 1.88805840 -8.02420080 2.11120481
v 2.00110240 -8.02276800 2.10596242
v 1.97872880 -7.97526000 2.05796081
v 1.89279119 -8.01353200 2.11827040
v 1.99393680 -8.01723840 2.11153120
v 1.97743200 -7.98248960 2.06219041
v 1.90929280 -7.98562880 2.06569041
v 1.86567840 -8.03283360 2.01405600
v 2.01800400 -8.05571040 1.99660560
v 1.97892880 -7.96529440 2.02352159
v 1.90279600 -7.96435840 2.02566081
v 1.86841760 -8.03366960 2.06782960
v 1.97932880 -7.97152720 2.03852319
v 2.01910720 -8.04494160 2.05471521
v 1.90259600 -7.96962720 2.04185919
v 1.91548959 -8.05454000 2.15158002
v 1.91838959 -8.03176960 2.15301281
v 1.90848640 -8.13919360 1.99731201
v 1.90218639 -8.10625120 2.11510801
v 1.97089280 -8.11178720 2.11534081
v 1.96726320 -8.03297280 2.15391281
v 1.96906000 -8.13576080 1.99497279
v 1.97029599 -8.05524320 2.14907680
v 1.89982079 -8.00770240 2.12050641
v 1.98790400 -8.00700240 2.12026720
v 1.97219920 -7.98742560 2.06772321
v 1.91378960 -7.99026160 2.07132640
v 1.91678640 -8.02040400 2.14828002
v 1.97026640 -8.02220400 2.14534081
v 2.01157120 -8.05117440 1.95090081
v 1.90269600 -7.94141760 2.00199359
v 1.97822880 -7.94232080 1.99919039
v 1.86881440 -8.02549760 1.96985120
v 1.91298640 -8.11934960 1.92733360
v 1.96816320 -8.11201680 1.92169440
v 1.89225520 -7.99349760 2.07345921
v 1.99483360 -7.99145840 2.07245281
v 1.89772400 -7.99769760 2.07829521
v 1.98910400 -7.99315840 2.07928880
v 1.88132239 -7.96628480 2.02412479
v 2.01107120 -7.99990080 2.00721361
v 2.00813520 -7.99959440 2.03801360
v 1.88218640 -7.98109280 2.04515601
v 1.97933520 -7.99509440 2.08382160
v 1.90879280 -7.99829440 2.08292481
v 2.00864160 -7.99589760 1.97911039
v 1.88092239 -7.96265200 1.98928881
v 1.99716640 -8.04040560 2.12803602
v 1.90102400 -8.02450080 2.14354401
v 1.87111120 -8.10695120 1.99571200
v 2.00983520 -8.07898400 2.08552479
v 1.89368800 -8.04203520 2.13711122
v 1.87634720 -8.07684160 2.08349839
v 1.99163680 -8.02390720 2.13546881
v 2.00953520 -8.10211840 1.99216959
v 1.90479279 -8.01563200 2.13921120
v 1.98027119 -8.01393520 2.13700800
v 1.87908000 -8.09438240 1.93610560
v 1.99976960 -8.09258240 1.93266320
v 0.32677520 7.87605202 1.44188480
v 0.08886800 7.79264877 1.71848240
v 0.16883600 7.78657762 1.49346560
v 0.02839040 7.80054558 1.75596640
v 0.06277760 7.79714558 1.74197280
v 0.16084240 7.80616482 1.54824320
v 0.16923920 7.79147121 1.50845600
v 0.11555520 7.80345197 1.67559840
v 0.18652640 7.97281998 1.47227520
v 0.26089760 7.93753282 1.45258480
v 0.30388480 7.96562320 1.42879120
v 0.20941680 7.99951041 1.44718480
v 0.02969040 7.99608482 1.64410480
v 0.06027760 7.99289119 1.63651440
v 0.45712400 7.85306159 1.37748358
v 0.51150160 7.88725203 1.33222320
v 0.23231040 7.83406480 1.47557200
v 0.26430080 7.77318402 1.47157200
v 0.15793920 7.83806162 1.50456240
v 0.06537760 7.83863282 1.73237920
v 0.01849360 7.63812237 1.61141760
v 0.09386480 7.64252240 1.58653040
v 0.03539040 7.64361922 1.60972080
v 0.22911360 7.74169361 1.47816880
v 0.45163040 8.13615278 1.35511680
v 0.44043680 8.13994957 1.36201360
v 0.43134000 8.14624640 1.37480720
v 0.20592640 8.12155921 1.44499760
v 0.21272320 8.13305278 1.43870080
v 0.19962960 8.11366240 1.44539760
v 0.17903600 8.10127201 1.44539440
v 0.47422080 8.13045603 1.34402640
v 0.16323920 8.09687198 1.44949120
v 0.49131440 8.12816242 1.33803280
v 0.14884240 8.02400081 1.47777520
v 0.52149840 8.11247203 1.31454240
v 0.12215200 7.91713278 1.55194640
v 0.53708880 8.09717838 1.29554880
v 0.09696480 8.05617842 1.52765280
v 0.55947920 8.07748801 1.26675840
v 0.65135680 7.86225839 0.93037040
v 0.12765200 7.88574239 1.56074000
v 0.13384880 7.85404879 1.58163360
v 0.14474880 7.80056479 1.61792080
v 0.14054880 7.83445521 1.59762720
v 0.67414400 7.81887759 0.69455040
v 0.66385040 7.84207441 0.75152480
v 0.50610800 8.12176562 1.33033920
v 0.12125200 8.04248802 1.49716560
v 0.42654000 8.15324643 1.36561360
v 0.22392000 8.14075282 1.42820400
v 0.42984000 8.15454321 1.34472640
v 0.22222000 8.14405281 1.40901680
v 0.44243360 8.14045277 1.35042640
v 0.20422640 8.10396880 1.41431360
v 0.45142720 8.13585603 1.33953920
v 0.19402960 8.08177522 1.37462960
v 0.45162720 8.13465602 1.31155520
v 0.18993280 8.07228161 1.34104560
v 0.44782720 8.13525599 1.28846480
v 0.18993280 8.07088482 1.31245520
v 0.44233040 8.13655597 1.27157120
v 0.19063280 8.07268479 1.29216480
v 0.43533040 8.14185599 1.25597760
v 0.19183280 8.07768163 1.27327120
v 0.42833360 8.14905282 1.23948720
v 0.19572960 8.08588160 1.25298080
v 0.41364000 8.15635280 1.21749680
v 0.20312640 8.09947518 1.22559040
v 0.37855600 8.24521439 1.20410320
v 0.36745920 8.25900802 1.20720320
v 0.21882000 8.25360797 1.20950000
v 0.33257520 8.28299839 1.21270000
v 0.19242960 8.19583363 1.20500320
v 0.31208160 8.28859520 1.21500000
v 0.43293680 8.14254641 1.36881040
v 0.20882320 8.12775598 1.44380080
v 0.46172720 8.13255279 1.35002320
v 0.19203280 8.10606561 1.44759760
v 0.14654880 7.81605841 1.60622080
v 0.14374240 8.08257840 1.45358480
v 0.43373360 7.90864242 1.39370400
v 0.13015200 7.64002557 1.56753680
v 0.18862640 7.70599999 1.48926560
v 0.17393600 7.63232241 1.54074960
v 0.06037760 7.64481920 1.60082400
v 0.17763280 7.78607763 1.48686560
v 0.34000115 7.57324799 1.43348173
v 0.31305798 7.64452558 1.45620755
v 0.32995158 7.41710559 1.40006218
v 0.33265158 7.45429282 1.41291752
v 0.30498480 7.49767358 1.44184531
v 0.28139760 7.54675763 1.47689758
v 0.20113501 7.80537120 1.48176880
v 0.27899440 7.85885840 1.46337840
v 0.30738480 7.79707760 1.45727840
v 0.30216438 7.55915123 1.45973117
v 0.35696560 7.81507123 1.43737619
v 0.48621267 7.72716223 1.29688249
v 0.53459975 7.77651082 1.24859296
v 0.50283543 7.65958465 1.24410170
v 0.54917293 7.71770640 1.18393898
v 0.33882797 7.50257358 1.42255774
v 0.36050656 7.44889282 1.38882995
v 0.07557440 7.19048559 1.53286240
v 0.13714019 7.20857918 1.49336880
v 0.19293280 7.23816958 1.44678480
v 0.24690720 7.27555682 1.40699760
v 0.30428480 7.32484402 1.38610720
v 0.33094838 7.35633122 1.37009859
v 0.35189475 7.40421201 1.37055997
v 0.26549760 7.19308883 1.36835508
v 0.21072000 7.15210802 1.40542597
v 0.15115741 7.11674121 1.44858246
v 0.07587120 7.09515941 1.48085800
v 0.38597555 7.35805164 1.30358877
v 0.36155920 7.29725039 1.30254309
v 0.31627520 7.24416960 1.33148630
v 0.39896928 7.50409721 1.35878371
v 0.40197789 7.43144962 1.32423194
v 0.55808240 7.93373599 1.28743920
v 0.58546640 7.83346800 1.20135619
v 0.58256640 7.78808403 1.13148179
v 0.58117600 7.99861358 1.24605840
v 0.60966000 7.90074558 1.15678720
v 0.61756000 7.85926160 1.09540960
v 0.58686960 8.04479759 1.21957120
v 0.62535680 7.96492318 1.12130000
v 0.63335680 7.93013603 1.06142240
v 0.59256640 8.09098161 1.20278080
v 0.63365680 8.03379762 1.09531280
v 0.63815360 8.00550723 1.03483200
v 0.60296640 8.14326241 1.20178720
v 0.63925680 8.10937200 1.08661600
v 0.64615360 8.09267523 1.03503520
v 0.38626240 8.63684162 1.43650400
v 0.53959840 8.53008958 1.27546480
v 0.08947120 8.69831279 1.50556880
v 0.18693280 8.68701601 1.50077840
v 0.65045360 8.17564322 1.00145120
v 0.28669440 8.66552562 1.47838800
v 0.47462720 8.59716078 1.36703280
v 0.63925680 8.27530162 1.03653840
v 0.62486320 8.36866319 1.08922240
v 0.59607600 8.45282478 1.17989360
v 0.65155360 7.97911361 0.97835120
v 0.65615040 8.07927837 0.98155120
v 0.64055680 7.89504561 0.99074480
v 0.62036000 7.81667757 1.02043840
v 0.58836640 7.74037959 1.05043741
v 0.56010515 7.66319570 1.09778906
v 0.38243792 7.44172280 1.35973094
v 0.52534083 7.58439844 1.17607133
v 0.23251040 8.04719439 1.43729440
v 0.25820400 7.23017601 1.38681345
v 0.37469696 7.38194524 1.33677277
v 0.20692640 7.18629198 1.42968564
v 0.07707440 7.13370800 1.51006019
v 0.14864560 7.15170158 1.47816339
v 0.34946560 7.32824080 1.33582320
v 0.30728160 7.27715680 1.35372625
v 0.37045613 7.50717358 1.39749453
v 0.29648800 8.03519758 1.42409760
v 0.07467440 7.06871307 1.45240517
v 0.15055421 7.08920987 1.41962963
v 0.21350462 7.12466042 1.37749334
v 0.27198222 7.16658538 1.34145911
v 0.32679776 7.21572877 1.30347010
v 0.37370323 7.26818434 1.27033135
v 0.40448096 7.33063441 1.26312992
v 0.42212966 7.42126462 1.27212752
v 0.50581440 8.68242241 1.29515840
v 0.55948560 8.60095441 1.18340000
v 0.40875280 8.73730000 1.37682320
v 0.30229120 8.78058401 1.43320720
v 0.61945680 8.40294720 1.00035760
v 0.59566640 8.50679917 1.08373520
v 0.66815040 7.94382641 0.87369280
v 0.67204720 8.06038478 0.88158960
v 0.66024720 8.17214001 0.90348640
v 0.63136000 7.71490962 0.88669280
v 0.64165040 8.28829519 0.94247360
v 0.54671520 7.40510583 0.96475504
v 0.58183095 7.49473303 0.91546088
v 0.60566640 7.60562441 0.89415149
v 0.08867120 8.82896480 1.46209440
v 0.19083280 8.81267121 1.45849760
v 0.65215360 7.82616798 0.88089600
v 0.11585200 8.10116879 1.47057840
v 0.18082960 8.06758480 1.44288800
v 0.29188800 8.00561042 1.42449440
v 0.22631360 7.91693923 1.46647840
v 0.17073280 7.95412639 1.48927200
v 0.12254880 7.94752320 1.54354960
v 0.13104880 7.97761362 1.52745600
v 0.10305840 7.95621683 1.58443680
v 0.10765840 7.98570723 1.56754320
v 0.08486800 7.95561040 1.62482080
v 0.08316800 7.99059759 1.61162720
v 0.24860720 7.59893842 1.49396560
v 0.43224000 8.47131518 1.44909440
v 0.50741440 8.43413441 1.38012000
v 0.57499200 8.38186003 1.30195200
v 0.61037920 8.32288241 1.22047760
v 0.62606960 8.26121122 1.17459360
v 0.62906320 8.19404002 1.14950320
v 0.16483920 8.52088321 1.55174960
v 0.07937252 7.81761283 -0.28295915
v 0.16419145 7.80791601 -0.25333636
v 0.23877647 7.79061918 -0.19688219
v 0.32124565 7.77162559 -0.12612247
v 0.41941497 7.75316421 -0.01962536
v 0.49578287 7.73418784 0.07978690
v 0.57746231 7.73929646 0.18565731
v 0.61907497 7.75274502 0.27077498
v 0.62419288 7.79599360 0.33867598
v 0.62409219 7.74636004 0.36556686
v 0.61561998 7.68172647 0.29613586
v 0.47519374 7.64971825 0.09466197
v 0.39837110 7.65567100 0.00445014
v 0.30355968 7.67825762 -0.09128242
v 0.22133307 7.70281543 -0.15699708
v 0.15350668 7.72377159 -0.21909947
v 0.07425105 7.73986999 -0.24664348
v 0.56550297 7.65818111 0.19922536
v 0.35517114 7.65622241 1.42595811
v 0.39726608 7.66935464 1.38732688
v 0.37717888 7.57554802 1.39493549
v 0.41366522 7.58728022 1.34840425
v 0.42825881 7.50613261 1.30846749
v 0.07307440 7.05055576 1.41778495
v 0.14784240 7.06929893 1.38912358
v 0.21425154 7.10294087 1.34743667
v 0.27624186 7.14226460 1.30509902
v 0.33780728 7.18821316 1.25980666
v 0.39586373 7.24312816 1.22056519
v 0.43679515 7.30297965 1.18746801
v 0.47700726 7.42656463 1.16802093
v 0.47068058 7.53024984 1.24975126
v 0.45229558 7.61270922 1.29969984
v 0.44048784 7.68777501 1.34291926
v 0.21441360 8.02670082 1.43599120
v 0.39934640 7.83286797 1.41037398
v 0.36995920 7.89624879 1.41989440
v 0.15713600 8.05229122 1.45298480
v 0.12944880 8.06748478 1.47307840
v 0.33127520 8.16544959 1.16591600
v 0.28459440 8.13975922 1.16781600
v 0.33247520 8.19833681 1.16721920
v 0.33197520 8.21083038 1.16911920
v 0.32817520 8.23541760 1.17691600
v 0.32307840 8.24491443 1.17991280
v 0.26560080 8.24441442 1.18071280
v 0.31168160 8.26110799 1.18960960
v 0.25390720 8.20513362 1.17121600
v 0.30628480 8.26710481 1.19320960
v 0.25730080 8.50899600 1.53815920
v 0.07447120 8.53057681 1.55084640
v 0.25040400 7.67931281 1.47786019
v 0.28889120 7.71020323 1.46565159
v 0.47113174 7.79340444 1.33813735
v 0.52506838 7.83826799 1.30060919
v 0.57547280 7.89094881 1.25635200
v 0.59726960 7.95052960 1.20427120
v 0.61186320 8.00351041 1.16928400
v 0.61946000 8.06099117 1.14819360
v 0.62506000 8.12686563 1.13850000
v 0.22361680 7.64212239 1.50476560
v 0.37760877 7.75329360 1.42282035
v 0.33277520 7.73379681 1.44823437
v 0.42184234 7.76049038 1.38379773
v 0.10376160 7.56164480 1.60632080
v 0.13105200 7.38421842 1.52505920
v 0.05758080 7.37242481 1.53855600
v 0.25530720 7.43649598 1.45317840
v 0.25740400 7.47508322 1.46200275
v 0.16903920 7.53655438 1.56184000
v 0.16473920 7.56584479 1.55774000
v 0.01849360 7.59573200 1.61231760
v 0.04088720 7.60602880 1.61291760
v 0.06667760 7.60183200 1.61041760
v 0.09895299 7.59073520 1.60442400
v 0.10376480 7.69559680 1.51307200
v 0.10216480 7.62891922 1.50926560
v 0.10526160 7.58043842 1.50226560
v 0.10736160 7.52295440 1.49186560
v 0.13925200 7.52465758 1.58432720
v 0.13935200 7.51386398 1.57493360
v 0.13595200 7.49657038 1.55274320
v 0.14074880 7.53945439 1.58962720
v 0.15394240 7.90111998 0.84951520
v 0.15553920 7.95131361 1.06653200
v 0.10675840 7.90422957 1.27875520
v 0.09976160 7.79576477 1.41940080
v 0.11345840 7.49627358 1.51455920
v 0.11935520 7.48857681 1.52675280
v 0.13803699 7.50536720 1.56383680
v 0.13375200 7.48907361 1.54054640
v 0.13705200 7.57913840 1.58173040
v 0.13774880 7.54924799 1.58642720
v 0.09636480 7.66021280 0.54742720
v 0.12885520 7.79475838 0.66688240
v 0.63145680 8.88869040 0.14637760
v 0.72231840 8.48762161 0.39147840
v 0.18953280 9.13918480 -0.01095840
v 0.31418800 9.11699442 -0.00986160
v 0.73511840 8.22902401 0.35798480
v 0.36585920 8.71006078 -0.29916880
v 0.44542080 8.68317361 -0.21799120
v 0.67453440 8.45785037 0.13027120
v 0.73322160 8.30099840 0.30100400
v 0.54238560 8.62579602 -0.12762960
v 0.60985360 8.54732159 0.00132560
v 0.72212480 8.36597919 0.23732960
v 0.14984560 8.77824161 -0.35964000
v 0.26700080 8.74384799 -0.33545600
v 0.72842480 8.14265918 0.32070080
v 0.64454400 8.25273042 0.05609360
v 0.70932800 8.18324962 0.25502320
v 0.40923040 8.36889843 -0.29006880
v 0.49499840 8.34280799 -0.20410720
v 0.57366640 8.30371757 -0.07685200
v 0.32186880 8.39039517 -0.35374640
v 0.69723440 8.19654321 0.16715200
v 0.12115520 8.41538562 -0.42602080
v 0.22971040 8.40578875 -0.39733040
v 0.62884720 8.45002802 0.88819920
v 0.69372480 8.53919603 0.59540800
v 0.67862800 8.52939919 0.67677600
v 0.66313440 8.50970558 0.75315040
v 0.66014080 8.32467923 0.81571520
v 0.71672160 8.42784399 0.57640800
v 0.70602480 8.41754397 0.63508240
v 0.69203120 8.39535360 0.69886000
v 0.68653760 8.19123680 0.74413440
v 0.72391840 8.34108240 0.56580480
v 0.71682160 8.33138560 0.61568560
v 0.70492800 8.30419200 0.66626640
v 0.62477464 7.71444599 0.51835699
v 0.63083899 7.74463640 0.45715681
v 0.67654400 7.92914240 0.33359120
v 0.64485492 7.81998403 0.38274413
v 0.63427441 7.78449682 0.41296288
v 0.68943760 8.05899122 0.73243760
v 0.70592160 7.92674243 0.63967600
v 0.82008640 8.25751442 0.49224000
v 0.73611840 7.76470321 0.59059200
v 0.78289600 8.22082717 0.55191440
v 0.83128640 8.23642078 0.44275920
v 0.83628320 8.16154959 0.37218800
v 0.81059280 7.99311683 0.35569120
v 0.82518960 8.05729121 0.34409760
v 0.75990880 7.73771279 0.55822370
v 0.70812480 7.81267760 0.61808560
v 0.83718320 8.19923682 0.39917520
v 0.83378640 8.11606877 0.35389440
v 0.70182480 8.06028800 0.64737280
v 0.75310560 8.19114002 0.57720160
v 0.72721520 8.15925279 0.60349200
v 0.71542160 8.13276241 0.62228240
v 0.75787018 7.72741600 0.51763970
v 0.77087018 7.74700958 0.49183360
v 0.79339920 7.92454241 0.37058160
v 0.79239600 7.83577762 0.42665920
v 0.78519920 7.80169040 0.46034640
v 0.70002480 8.00241040 0.64777280
v 0.71031840 7.92933919 0.61368560
v 0.84167680 8.22432718 0.49983680
v 0.73871520 7.79089361 0.57440160
v 0.80468960 8.19124003 0.55341440
v 0.86257040 8.21493042 0.45485600
v 0.88296400 8.13655922 0.38928160
v 0.85007680 7.98591678 0.35089440
v 0.86217360 8.03909763 0.35229440
v 0.76980560 7.76000640 0.54381440
v 0.71232160 7.84097442 0.60478880
v 0.87856720 8.17394638 0.41317200
v 0.88116720 8.10037518 0.37248800
v 0.70602480 8.04299443 0.62228240
v 0.77799600 8.16614961 0.57870160
v 0.75090560 8.13416240 0.59879520
v 0.72641520 8.10727201 0.60838880
v 0.77890240 7.74191283 0.52182080
v 0.78919600 7.75830637 0.48513680
v 0.83068320 7.91644558 0.37278480
v 0.81978640 7.83557760 0.43015920
v 0.81078640 7.81078398 0.45674960
v 0.70362480 7.99581360 0.62228240
v 0.72251520 7.93473602 0.59519520
v 0.81918640 8.18524002 0.49603680
v 0.73111840 7.81908079 0.56890160
v 0.78659600 8.16454960 0.54591760
v 0.83828000 8.18194317 0.45585600
v 0.84977680 8.12706241 0.40137520
v 0.85277680 7.97842001 0.37338480
v 0.84937680 8.03470078 0.37478480
v 0.75820880 7.80118721 0.54681120
v 0.71572160 7.85536797 0.59439520
v 0.84608000 8.16034959 0.42476560
v 0.84937680 8.09277519 0.38438160
v 0.70772160 8.02910081 0.60868880
v 0.76850240 8.14185917 0.57230480
v 0.74930880 8.11126882 0.59059840
v 0.73311200 8.08827839 0.59979200
v 0.78439920 7.79059360 0.51842400
v 0.80278960 7.79749043 0.48573680
v 0.84547680 7.93263917 0.38617840
v 0.82458320 7.86466480 0.43305920
v 0.81788320 7.82518080 0.46944320
v 0.70672160 7.99041680 0.60279200
v 0.72551520 7.95003280 0.55480800
v 0.78629920 8.16224962 0.49613680
v 0.72911840 7.85676799 0.56510160
v 0.74491200 8.14905602 0.53432080
v 0.80709280 8.16104963 0.46384960
v 0.82598640 8.10737200 0.42756240
v 0.84347680 7.97352317 0.40577200
v 0.84417680 8.02010401 0.40946880
v 0.76630240 7.84307117 0.55520800
v 0.70162480 7.88245840 0.57589840
v 0.81838960 8.13775917 0.44675920
v 0.83518320 8.07458478 0.41876880
v 0.70672480 8.01200721 0.58989520
v 0.74740880 8.11876880 0.55731120
v 0.74630880 8.09067841 0.57510160
v 0.73721200 8.06968481 0.58629840
v 0.77190240 7.83667437 0.53131760
v 0.78339600 7.85956483 0.50592720
v 0.83988000 7.95322958 0.40766880
v 0.80878960 7.90494877 0.44335600
v 0.78859600 7.87635840 0.47744000
v 0.70342480 7.98182002 0.58049840
v 0.69222800 7.96682641 0.55500800
v 0.76500560 8.08967842 0.50463040
v 0.67493760 7.88015841 0.54511120
v 0.73451520 8.08478160 0.52232400
v 0.78739920 8.08697841 0.49283680
v 0.81408960 8.06828478 0.46874640
v 0.81508640 7.99141678 0.43795920
v 0.81908640 8.01520721 0.44295600
v 0.73701520 7.87396160 0.53261440
v 0.66784080 7.89895201 0.55490480
v 0.80279280 8.08098162 0.48134320
v 0.82148640 8.04629438 0.45485280
v 0.70412480 8.00201043 0.56960480
v 0.72511840 8.07368482 0.53801760
v 0.73231520 8.05759120 0.55321120
v 0.72811520 8.04049761 0.56240480
v 0.75530880 7.88415838 0.52342080
v 0.74431200 7.89215520 0.50023040
v 0.80629280 7.96772642 0.43545920
v 0.77060240 7.92594240 0.45834960
v 0.75011200 7.90424881 0.48264000
v 0.69762800 7.98621677 0.56660480
v 0.70962480 8.00641039 0.54821120
v 0.72872160 7.97052318 0.44925280
v 0.74961200 7.95143283 0.44325600
v 0.71462160 8.01320721 0.55990800
v 0.69402800 7.98751677 0.55560800
v 0.71282480 7.90884882 0.46524640
v 0.73441840 7.92943922 0.44955280
v 0.76220880 7.97402318 0.43985920
v 0.69373440 7.90514880 0.47754000
v 0.68293760 7.89995200 0.49223040
v 0.72611840 8.02900077 0.55281120
v 0.72891840 8.04449439 0.54291440
v 0.72801840 8.05759121 0.53561760
v 0.70212480 7.99801363 0.55940800
v 0.79669600 8.03500079 0.46424960
v 0.78589920 8.05609121 0.48534000
v 0.65994400 7.92654242 0.54391120
v 0.67304080 7.89825198 0.51072400
v 0.78689920 8.01110720 0.44885600
v 0.77540240 7.99221682 0.44155600
v 0.79419600 8.04879443 0.47574320
v 0.77400240 8.06038799 0.49743680
v 0.08319719 7.90148080 -0.31728468
v 0.17123544 7.89488401 -0.27760738
v 0.25654582 7.88628399 -0.23554495
v 0.52869520 8.86385522 1.09033520
v 0.42713680 8.98091040 1.18741280
v 0.34870979 7.87158718 -0.17793565
v 0.58706640 8.73360963 0.97707680
v 0.61985040 8.60636398 0.88940560
v 0.44432218 7.85161404 -0.07706194
v 0.30898160 9.04028482 1.19840640
v 0.07757440 9.11135283 1.22130000
v 0.51256611 7.83134401 0.04881589
v 0.63093572 7.81803125 0.25145151
v 0.64575812 7.85207120 0.30580400
v 0.18472960 9.08526559 1.21490320
v 0.59070568 7.81964405 0.17157849
v 0.64384080 8.48211519 0.82322480
v 0.66923760 8.36456323 0.75723760
v 0.69453120 8.26110800 0.70705040
v 0.65950106 7.87306162 0.35558160
v 0.70462480 8.10517198 0.63967600
v 0.79289600 7.88315837 0.39057520
v 0.71182160 8.08248162 0.61798560
v 0.83018320 7.88745522 0.39147520
v 0.71451840 8.06408801 0.60438880
v 0.83588000 7.89655202 0.40756880
v 0.72071840 8.04219761 0.59159520
v 0.82518320 7.92394241 0.42326240
v 0.71851840 8.02090402 0.56850480
v 0.78879600 7.94803280 0.44375600
v 0.73741520 8.06238800 0.52522400
v 0.66374400 7.90884883 0.53341440
v 0.75930880 8.06268801 0.50933040
v 0.68433440 7.97342320 0.54521120
v 0.73021840 8.11176882 0.52762400
v 0.69842800 7.98601681 0.57240160
v 0.70282480 7.96392641 0.55460800
v 0.80498960 7.92723920 0.45774960
v 0.78409600 7.90664878 0.48993680
v 0.73741200 8.07408479 0.56180800
v 0.72511840 8.09587519 0.54421440
v 0.67873440 7.88575841 0.56290160
v 0.82528640 8.08937841 0.45345280
v 0.83608000 8.05969118 0.43955920
v 0.77079920 7.88605523 0.53451760
v 0.75270560 7.87486163 0.54091440
v 0.70412480 8.00501043 0.57640160
v 0.73331520 8.05159442 0.57070160
v 0.81128960 8.10967198 0.46864640
v 0.79659600 8.11956560 0.48414000
v 0.84387680 7.98561678 0.42436560
v 0.84197680 8.01780723 0.42656240
v 0.84507680 7.96272640 0.42586240
v 0.77579920 7.89895202 0.51202720
v 0.68533120 7.86646482 0.55610480
v 0.77220240 8.12246560 0.50303360
v 0.71981840 8.02750077 0.57730160
v 0.83128000 7.94323599 0.44105600
v 0.70123120 7.95462957 0.46344640
v 0.69063120 7.98122000 0.53181760
v 0.70022800 8.01120721 0.52782080
v 0.70432800 8.02160400 0.51692400
v 0.75970880 8.04759438 0.49443360
v 0.79639280 7.85796803 0.47474000
v 0.70432480 7.98352001 0.58809520
v 0.79509600 8.17894322 0.49113680
v 0.72611840 8.04259762 0.52402080
v 0.70202800 7.99621358 0.54731120
v 0.81888960 8.14625603 0.43116560
v 0.73711200 8.07708158 0.59419520
v 0.73041520 7.94363282 0.57180160
v 0.75570880 7.82368080 0.54951120
v 0.68343760 7.92783923 0.46924320
v 0.67134080 7.91944559 0.48623680
v 0.76380880 8.02980080 0.46914640
v 0.76560560 8.04439441 0.48704000
v 0.72212480 8.01760720 0.45614960
v 0.75161200 8.04979439 0.50353040
v 0.67953760 7.97252319 0.53161760
v 0.71952480 8.01040722 0.45344960
v 0.72662160 8.03190078 0.47404320
v 0.69353120 7.98591680 0.54051440
v 0.70103120 7.93663599 0.45944640
v 0.71892480 7.95262961 0.45334960
v 0.73461840 7.98781677 0.44585600
v 0.71622160 8.01860398 0.53951440
v 0.72092160 8.03120079 0.53011760
v 0.71972480 8.02690398 0.46474640
v 0.73741520 8.03679762 0.48434000
v 0.68753760 7.94183598 0.46874320
v 0.67774080 7.93883601 0.48044000
v 0.82408320 7.91104562 0.41206880
v 0.72401520 8.05269123 0.59899200
v 0.66664080 7.95832962 0.52611760
v 0.66774400 7.91954562 0.51292400
v 0.75461200 8.01410718 0.45325280
v 0.67004080 7.96132642 0.52102080
v 0.66584400 7.93913601 0.50053040
v 0.74531520 7.99921361 0.44415600
v 0.76710560 8.03839760 0.47724320
v 0.73721520 8.03969762 0.49363360
v 0.70002800 8.00131038 0.53571760
v 0.71802480 7.98631678 0.45514960
v 0.73281520 8.04719443 0.51752400
v 0.66364400 7.93953599 0.52332080
v 0.73601520 8.04149758 0.50163040
v 0.67743760 7.97082322 0.52442080
v 0.82798640 8.08258160 0.39317840
v 0.75930560 8.13006243 0.56290800
v 0.73501520 7.84087442 0.56760160
v 0.71982480 8.00091358 0.45394960
v 0.71322800 7.96942321 0.45934960
v 0.79249280 7.83427761 0.49733360
v 0.83528320 8.02270403 0.39267840
v 0.80969280 8.17464640 0.45615280
v 0.71122160 8.01860399 0.59839200
v 0.71682160 8.03320080 0.51292720
v 0.69712800 7.99011681 0.53481760
v 0.72841840 8.04099758 0.51142720
v 0.66594400 7.95103278 0.51132720
v 0.82458640 8.11706878 0.40807200
v 0.77699920 7.81768399 0.52222080
v 0.83548000 7.94283603 0.39857520
v 0.83728000 7.97072320 0.39087840
v 0.74660880 8.09657519 0.58160160
v 0.80618960 7.88335841 0.43905600
v 0.76990240 8.15685277 0.53632080
v 0.70782480 7.87046162 0.58399520
v 0.70283120 8.02750079 0.48853680
v 0.69173440 7.99961363 0.49923040
v 0.69213440 8.01250722 0.49253360
v 0.68793440 7.98171998 0.50912720
v 0.67893760 7.96822641 0.51592400
v 0.69203120 7.99151679 0.52302400
v 0.70193120 8.00741037 0.46874320
v 0.70313120 7.99291683 0.47014320
v 0.70413120 8.02260403 0.46824320
v 0.70732800 7.97791999 0.46814640
v 0.69473440 7.96012960 0.47224320
v 0.68763440 7.97552322 0.49603360
v 0.67464080 7.96012963 0.50493040
v 0.69343120 8.01530719 0.50502720
v 0.68983440 8.00541043 0.51452720
v 0.70572800 8.02890081 0.50063040
v 0.68743440 7.97841998 0.52572080
v 0.70492800 8.02640399 0.47644000
v 0.69463440 7.99471358 0.48563680
v 0.69623120 8.00961042 0.47994000
v 0.70792800 8.01890718 0.46104640
v 0.71082800 7.99281680 0.46154640
v 0.70902800 8.00571039 0.46024640
v 0.69423440 7.97442322 0.48154000
v 0.67784080 7.95562959 0.49423360
v 0.70002480 7.98402001 0.57610160
v 0.79009280 7.89335202 0.48443680
v 0.72831840 8.11306880 0.54981120
v 0.83758000 8.06978481 0.42846240
v 0.77009920 7.86596478 0.55011120
v 0.73501200 8.06028802 0.57800160
v 0.81568960 8.12856243 0.45395280
v 0.84707680 7.97542322 0.41216880
v 0.84197680 7.95602957 0.41606880
v 0.72801840 8.13356242 0.52902080
v 0.71721840 7.95432957 0.55230800
v 0.81568640 7.91844560 0.44905280
v 0.74371200 8.08448158 0.56820480
v 0.69492800 7.88615841 0.57100160
v 0.82548640 8.10337198 0.43825920
v 0.78279600 7.86976158 0.53961440
v 0.70572480 8.00771043 0.58359840
v 0.80189280 8.14745602 0.47154640
v 0.84597680 8.01650723 0.41686880
v 0.78799280 7.88135839 0.51462400
v 0.70862480 7.86416477 0.55940480
v 0.77969920 8.14535601 0.49863680
v 0.72091840 8.03380077 0.58429840
v 0.82998000 7.93163919 0.43115920
v 0.79099920 8.06708801 0.37818160
v 0.78929920 8.21922720 0.44755600
v 0.76760560 8.22322717 0.49163680
v 0.78230240 7.99531363 0.37438160
v 0.70422480 7.92444241 0.65686960
v 0.69752800 7.80788080 0.62797920
v 0.80429600 8.18334322 0.41256880
v 0.80209600 8.15745282 0.39907200
v 0.71192800 7.74600958 0.60768560
v 0.72752480 7.72311917 0.56593940
v 0.74345616 7.74900961 0.49653985
v 0.74201200 7.80858719 0.47284000
v 0.70052800 8.01430720 0.66806640
v 0.70122800 8.08438160 0.67066640
v 0.74711200 7.84207438 0.44554960
v 0.72361840 8.19144002 0.60908880
v 0.71302160 8.16724960 0.63627920
v 0.80039600 8.12146558 0.38507840
v 0.73521200 8.20393362 0.57570160
v 0.74840880 8.21113040 0.54381440
v 0.73032394 7.72484280 0.52985220
v 0.76710560 7.93113918 0.39786880
v 0.70452480 8.13545923 0.65796960
v 0.75820880 7.88935519 0.41926240
v 0.74311840 8.06838799 0.36238480
v 0.73312160 8.20653359 0.43135920
v 0.73172160 7.99671363 0.36058480
v 0.69033120 7.93613917 0.68226000
v 0.74481840 8.15965283 0.38477520
v 0.67814080 7.74850960 0.62040130
v 0.69460973 7.75920641 0.50183713
v 0.69883120 8.12276559 0.69605360
v 0.71402160 8.24701761 0.61138880
v 0.71862160 8.24921761 0.52792080
v 0.71352800 7.93013922 0.38217520
v 0.72322480 8.22592722 0.47864000
v 0.68373440 7.81057761 0.65206960
v 0.73772160 8.18374321 0.40396880
v 0.68600973 7.72141923 0.58133988
v 0.69590653 7.80689037 0.47324625
v 0.69353120 8.03510078 0.69485360
v 0.69953120 7.83727763 0.42885280
v 0.70722480 8.22212398 0.64837280
v 0.74461840 8.12316559 0.37477840
v 0.71272160 8.25541437 0.57050480
v 0.68092922 7.73371600 0.54417158
v 0.70452800 8.18414000 0.67826320
v 0.70653120 7.88355839 0.40656240
v 1.76196720 -7.86990480 1.72532640
v 1.62067120 -7.87443440 1.69912320
v 1.57352721 -8.01774960 1.66487759
v 1.80647520 -8.05096880 1.74313121
v 1.63508240 -8.12070320 1.64239438
v 1.72952161 -8.12873920 1.70017440
v 1.57695360 -7.92965680 1.67334640
v 1.79750960 -7.92862400 1.73839839
v 1.59591361 -8.08356720 1.64119761
v 1.76316401 -8.09137040 1.72175119
v 1.76006720 -7.84896720 1.67428560
v 1.61089920 -7.84362160 1.64258881
v 1.54998960 -8.00007760 1.60226800
v 1.80310319 -8.03630000 1.72519680
v 1.61993839 -8.12047520 1.58822079
v 1.74462321 -8.13988320 1.64843039
v 1.55851280 -7.91341600 1.61413999
v 1.79860960 -7.88924240 1.69582640
v 1.58410879 -8.08037040 1.59519601
v 1.77793279 -8.11991920 1.68477279
v 1.78460480 -7.81319360 1.57722401
v 1.60426320 -7.81528720 1.56603200
v 1.53698481 -7.97603360 1.52141120
v 1.80677520 -8.03134160 1.69758400
v 1.60049439 -8.11830800 1.52096881
v 1.79646400 -8.15502400 1.61149440
v 1.55468000 -7.88407200 1.54559121
v 1.81864720 -7.88343920 1.65140879
v 1.56266479 -8.06419520 1.51593599
v 1.80220321 -8.12404560 1.66059920
v 1.98880400 -7.91275040 1.89806640
v 1.89348800 -7.90457520 1.90010560
v 1.85994880 -8.00699280 1.84612559
v 2.01930720 -8.02986960 1.84951601
v 1.91308960 -8.09614480 1.81870959
v 1.95415200 -8.09694800 1.82050960
v 1.87385360 -7.93861120 1.88176480
v 2.01317760 -7.96982400 1.88126161
v 1.88028320 -8.07064160 1.83248161
v 1.98919760 -8.07277760 1.83227841
v 1.99190400 -7.89374560 1.84168640
v 1.89449120 -7.88083440 1.84332561
v 1.86235200 -7.99572080 1.82535519
v 2.01507440 -8.02253360 1.82534559
v 1.91098960 -8.09674480 1.80017521
v 1.95121920 -8.09644480 1.79923601
v 1.87505680 -7.93117840 1.83949281
v 2.01287760 -7.95725200 1.84662559
v 1.87898640 -8.06723840 1.81114719
v 1.98575840 -8.07123840 1.80844399
v 1.97639920 -7.89648480 1.79248161
v 1.90639920 -7.88670960 1.79084560
v 1.86165840 -7.98584880 1.80332080
v 2.00450240 -8.01969760 1.79837841
v 1.90709280 -8.09917760 1.78927681
v 1.94841920 -8.09828080 1.78373761
v 1.88099280 -7.91287040 1.79488481
v 1.99776960 -7.94771600 1.79264559
v 1.87725360 -8.07067120 1.79604879
v 1.98152560 -8.07097440 1.78347361
v 1.96632720 -7.89068800 1.72066081
v 1.90173040 -7.87877360 1.71646079
v 1.84625360 -7.98378160 1.76154239
v 1.99886640 -8.02326640 1.74459520
v 1.89475200 -8.11361840 1.72625761
v 1.94375040 -8.11606080 1.71637921
v 1.87919920 -7.88892640 1.72599681
v 1.98769760 -7.93888000 1.73242960
v 1.85701280 -8.10305600 1.73502639
v 1.98202880 -8.08711840 1.72624799
v 1.95295520 -8.09644800 1.83366880
v 1.99283360 -8.07637760 1.85251281
v 2.01791040 -8.03486960 1.87184719
v 1.97159600 -7.92551920 1.92716640
v 1.99187440 -7.99829600 -0.39802960
v 1.91398640 -8.09594480 1.83376881
v 1.90619600 -7.91634400 1.93060560
v 1.88292560 -7.94884720 1.91276799
v 1.86348160 -8.01422880 1.88196161
v 2.00924160 -7.97466000 1.90339279
v 1.87908000 -8.07163840 1.85998801
v 1.96903040 -7.88401920 1.68252800
v 1.89923680 -7.87103440 1.67688879
v 1.83748480 -7.99021120 1.74743758
v 1.99743360 -8.02569920 1.72799680
v 1.99639040 -7.88520960 -0.41549040
v 1.88821600 -8.12782640 1.69131519
v 1.94508640 -8.12583280 1.68213679
v 1.87113040 -7.88288400 1.69409039
v 1.98506160 -7.93104400 1.70919841
v 1.85004400 -8.11362480 1.71318880
v 1.97335680 -8.09892640 1.70037759
v 1.98357120 -7.85088160 1.58989921
v 1.87442720 -7.83916400 1.59826801
v 1.82341600 -8.00202240 1.70889201
v 1.99443040 -8.00556480 1.70162319
v 1.98539761 -7.76742320 -0.42292160
v 1.85516719 -8.14704880 1.62456640
v 1.96288160 -8.10203120 1.61921439
v 1.84472080 -7.89136560 1.65864800
v 1.99976960 -7.89824400 1.64968239
v 1.82717041 -8.11920320 1.65979919
v 1.99139440 -8.07254640 1.67280720
v 2.07048400 -7.97935680 1.97387441
v 2.04467440 -8.03163360 2.02611520
v 2.15109520 -8.02546800 2.02258879
v 2.12576080 -7.97021760 1.97831041
v 2.05204320 -8.00422720 2.03548720
v 2.14546240 -7.99979120 2.03839360
v 2.12252800 -7.98532560 1.98708241
v 2.07781680 -7.98348960 1.98504321
v 2.02413360 -8.07200880 1.94422559
v 2.16922640 -8.07625120 1.93989279
v 2.13316080 -7.95661600 1.94647121
v 2.06998400 -7.95711920 1.94276799
v 2.02906960 -8.06407600 2.00174160
v 2.13056080 -7.96144880 1.95897281
v 2.16619360 -8.06274960 1.99337919
v 2.06824800 -7.96264880 1.95333361
v 2.07681040 -8.05610400 2.05522480
v 2.07571040 -8.01852560 2.06489680
v 2.06450880 -8.13175760 1.95116159
v 2.06524160 -8.09707920 2.02348241
v 2.12855120 -8.09304640 2.02378241
v 2.11668560 -8.01329280 2.07003599
v 2.13084800 -8.13486080 1.94702559
v 2.12192160 -8.05057440 2.05672800
v 2.06491200 -7.99455840 2.03712320
v 2.13066080 -7.99466160 2.03469360
v 2.12322800 -7.98892560 1.99057601
v 2.08254960 -7.98672560 1.98897601
v 2.07641360 -8.00172720 2.06106082
v 2.11758880 -8.00052720 2.06146402
v 2.16738720 -8.06821520 1.89941760
v 2.07228400 -7.95218640 1.92103681
v 2.13749360 -7.95611920 1.92324001
v 2.02936960 -8.06970880 1.91382240
v 2.07124480 -8.13465440 1.89318799
v 2.13004480 -8.13365760 1.88471279
v 2.04531040 -7.99909760 1.97740401
v 2.15593440 -7.99869760 1.98714320
v 2.05717920 -7.99285840 1.98897280
v 2.14856560 -7.99679440 1.99671200
v 2.03460560 -8.01454800 1.93962881
v 2.17223600 -8.01863840 1.94073520
v 2.16910320 -8.01553840 1.96216960
v 2.03573840 -8.00163360 1.96599921
v 2.14263280 -7.99246160 1.99794800
v 2.06634800 -7.98952560 1.99590881
v 2.17283600 -8.01543840 1.91910400
v 2.03730560 -8.01395440 1.91909761
v 2.14182320 -8.04050560 2.04082640
v 2.05647280 -8.01258960 2.04675281
v 2.03330240 -8.10081200 1.94492560
v 2.15368880 -8.07544800 2.00658081
v 2.05154000 -8.05017120 2.03608082
v 2.03963520 -8.08037440 2.00533839
v 2.13862640 -8.00525680 2.05259520
v 2.15591840 -8.10191840 1.94118959
v 2.06724480 -7.99749440 2.04655601
v 2.12715760 -7.99495840 2.04535920
v 2.03973840 -8.10344480 1.90235680
v 2.15551840 -8.09901520 1.88894879
v 2.15340160 -7.93034880 1.85032559
v 2.06251200 -7.91808000 1.85266159
v 2.03420560 -8.03773520 1.82543921
v 2.17049040 -8.03520240 1.81556719
v 2.07467760 -8.10448080 1.80166560
v 2.12041520 -8.10331680 1.79832642
v 2.03814160 -7.97771200 1.84118319
v 2.16933280 -7.97959280 1.84035679
v 2.04557120 -8.07411040 1.80973121
v 2.15642160 -8.08384640 1.80549520
v 2.15310160 -7.92755200 1.80031760
v 2.06241200 -7.90745040 1.80391439
v 2.03480880 -8.03090240 1.80390161
v 2.17112640 -8.02747280 1.79160001
v 2.07457760 -8.09898400 1.78796401
v 2.12017600 -8.09898400 1.78322480
v 2.03884480 -7.96544320 1.80894399
v 2.16993280 -7.96792080 1.80925361
v 2.04297120 -8.06947760 1.79592961
v 2.15582160 -8.08054960 1.78755760
v 2.13719360 -7.91488320 1.76454879
v 2.07578720 -7.90585360 1.76267841
v 2.03974800 -8.02920240 1.78232799
v 2.16929360 -8.02424000 1.76784241
v 2.07557760 -8.09475120 1.77789841
v 2.11817920 -8.09778720 1.77076240
v 2.04214480 -7.96114640 1.77090480
v 2.16479680 -7.96202080 1.76848479
v 2.04217440 -8.06877760 1.78366719
v 2.15428560 -8.08134960 1.76692961
v 2.12815760 -7.91411920 1.67211999
v 2.06691520 -7.90335360 1.67998559
v 2.03411520 -8.02864480 1.73905280
v 2.16196080 -8.02791200 1.69455119
v 2.07408080 -8.11353120 1.71044321
v 2.11051040 -8.10849840 1.70591361
v 2.04134801 -7.94897440 1.70655279
v 2.14905600 -7.94948800 1.68178879
v 2.03864160 -8.07928560 1.74035601
v 2.14381680 -8.09126400 1.70018081
v 2.11857600 -8.10921680 1.81222480
v 2.15538560 -8.08574640 1.82802961
v 2.16598720 -8.04323840 1.83609841
v 2.14112960 -7.94041440 1.87772559
v 2.07567760 -8.10751360 1.81512801
v 2.07368400 -7.93104880 1.87832560
v 2.03974160 -7.99022000 1.86281759
v 2.03590560 -8.04696800 1.85070959
v 2.16859680 -7.98826160 1.85878479
v 2.04696800 -8.08104320 1.82723280
v 2.12392160 -7.90908000 1.64251999
v 2.06521840 -7.89238800 1.64868240
v 2.02988240 -8.02561200 1.72245440
v 2.16746081 -8.03015120 1.67635278
v 2.06914801 -8.12524560 1.67870401
v 2.11664640 -8.12091280 1.65587279
v 2.03924800 -7.93939600 1.68776399
v 2.14775600 -7.94755520 1.65661840
v 2.04094480 -8.08542160 1.72001839
v 2.15035601 -8.08393440 1.66100879
v 2.12541841 -7.88478800 1.57033520
v 2.05182000 -7.86245040 1.57979439
v 2.01901360 -8.00436800 1.69998399
v 2.16426080 -8.01364640 1.64714959
v 2.04444159 -8.13628960 1.62162080
v 2.12531200 -8.13479280 1.57542240
v 2.02968240 -7.90711600 1.64284319
v 2.15419200 -7.92211440 1.59833839
v 2.03277921 -8.07255280 1.67146800
v 2.15878879 -8.08567360 1.62023679
v 2.21199840 -7.98747440 1.85191599
v 2.19286080 -8.02681360 1.88919440
v 2.29124560 -8.01304800 1.88092240
v 2.26727200 -7.98664160 1.85304879
v 2.20019360 -8.01011200 1.89239121
v 2.28461280 -8.00637920 1.88445520
v 2.26737520 -7.99511040 1.85908161
v 2.21633120 -7.99491040 1.85804881
v 2.17675920 -8.05555280 1.82330640
v 2.31138000 -8.05502320 1.81343440
v 2.27704400 -7.97800880 1.82393921
v 2.20616240 -7.97920560 1.82484241
v 2.17715600 -8.05975600 1.85744881
v 2.27444400 -7.98134160 1.83620799
v 2.31118320 -8.03842160 1.85341280
v 2.20706240 -7.98090560 1.83501121
v 2.21279520 -8.04371520 1.91936481
v 2.21623120 -8.02511680 1.91736480
v 2.20935600 -8.13973920 1.80830159
v 2.21672800 -8.10670000 1.89823039
v 2.28470960 -8.10173440 1.89155841
v 2.26877520 -8.02522000 1.91606161
v 2.28346720 -8.13087360 1.81299841
v 2.27774400 -8.04775440 1.91553200
v 2.20716240 -8.00757920 1.89189121
v 2.27594720 -8.00618240 1.88435201
v 2.26264240 -7.99531040 1.86531441
v 2.21703120 -7.99914640 1.86461761
v 2.22476720 -8.01414800 1.91132880
v 2.26093920 -8.01231520 1.91082882
v 2.30734080 -8.05735600 1.78522802
v 2.20586240 -7.97397280 1.81044081
v 2.28078000 -7.97197280 1.81184079
v 2.18135920 -8.05638560 1.79380001
v 2.21712801 -8.12660000 1.75601840
v 2.28336400 -8.11943440 1.75482160
v 2.19466080 -8.00691200 1.85858481
v 2.28541280 -7.99684640 1.85978161
v 2.20242960 -8.00317920 1.86481761
v 2.27874400 -8.00024640 1.86511441
v 2.18139200 -8.00790880 1.82674239
v 2.30875040 -8.01104800 1.82110640
v 2.30071440 -8.01001520 1.83980801
v 2.18045600 -8.01294480 1.84214401
v 2.27311120 -8.00274640 1.87638640
v 2.20836240 -8.00247920 1.87285041
v 2.30764720 -8.01014800 1.80246880
v 2.18499200 -8.00310880 1.81307679
v 2.28690960 -8.02891680 1.89996321
v 2.20462960 -8.01634800 1.90799280
v 2.18408560 -8.09556080 1.81153761
v 2.30958320 -8.06309200 1.87555359
v 2.19829360 -8.03768240 1.90809601
v 2.19235760 -8.08412960 1.88362560
v 2.28237680 -8.01814800 1.90256001
v 2.30614400 -8.09169840 1.81303440
v 2.20836240 -8.00951520 1.90409601
v 2.27674720 -8.00787920 1.90005680
v 2.19525760 -8.10472960 1.76822321
v 2.30563760 -8.08973120 1.77102641
v 2.29084560 -7.94269920 1.72684799
v 2.20392640 -7.93526320 1.72888720
v 2.18025920 -8.03831680 1.70371041
v 2.31367361 -8.03215120 1.70461039
v 2.21962480 -8.10919520 1.68846961
v 2.28036720 -8.10256240 1.68373360
v 2.18932800 -7.97253200 1.71741840
v 2.30240800 -7.98077440 1.72335119
v 2.19345760 -8.08462160 1.69010559
v 2.30713760 -8.06489040 1.69470560
v 2.29234560 -7.93092720 1.69678400
v 2.20192640 -7.91685520 1.69254480
v 2.18105920 -8.03861360 1.68910879
v 2.31650960 -8.02558240 1.67970719
v 2.22306080 -8.11112800 1.67720401
v 2.28187040 -8.10142640 1.67426800
v 2.18832800 -7.97373520 1.68990880
v 2.30424720 -7.97220240 1.69121199
v 2.19265761 -8.08058560 1.68053679
v 2.31267681 -8.05825440 1.67073201
v 2.28038000 -7.93006000 1.65901199
v 2.21329840 -7.92209120 1.66163840
v 2.18239520 -8.03851360 1.67550399
v 2.32085200 -8.02287920 1.65797601
v 2.22355760 -8.11302800 1.66644159
v 2.27753760 -8.10655920 1.66420880
v 2.19286400 -7.95996320 1.67101039
v 2.29967840 -7.96356320 1.66011200
v 2.19335760 -8.09079040 1.66783519
v 2.31148000 -8.05875120 1.65997281
v 2.28338319 -7.93380240 1.58852721
v 2.21723760 -7.91095840 1.59698641
v 2.18499840 -8.03741680 1.65033360
v 2.31682240 -8.02041520 1.60473839
v 2.21952799 -8.11930320 1.62656639
v 2.27623761 -8.11103760 1.61033199
v 2.18842800 -7.94689440 1.62349599
v 2.30161760 -7.97297440 1.59166640
v 2.19545761 -8.10066240 1.63309279
v 2.30391121 -8.07872800 1.60743521
v 2.28176400 -8.11389840 1.72781520
v 2.30400160 -8.08125920 1.73588400
v 2.30493760 -8.04602320 1.74638881
v 2.27914080 -7.95446800 1.75809039
v 2.22002800 -8.11802800 1.72401520
v 2.21139840 -7.94763200 1.75549359
v 2.19132800 -7.98620400 1.76179361
v 2.18743120 -8.04974960 1.74135279
v 2.29837520 -7.99000720 1.76472959
v 2.19879360 -8.10262960 1.72201201
v 2.28438639 -7.93524480 1.55363681
v 2.21794401 -7.89948960 1.56468959
v 2.18399840 -8.04385600 1.64036800
v 2.31608639 -8.02445760 1.58207759
v 2.21379841 -8.12851760 1.59506639
v 2.27810480 -8.12354880 1.58113839
v 2.19073121 -7.94639760 1.60776159
v 2.30492081 -7.97321680 1.56297281
v 2.19386081 -8.10450160 1.62013361
v 2.29967840 -8.09627520 1.57654161
v 2.27755041 -7.88726320 1.49713039
v 2.20604559 -7.88946000 1.51394559
v 2.17322960 -8.01987920 1.63634479
v 2.31418959 -8.02545760 1.55632319
v 2.18515280 -8.13852880 1.55579120
v 2.28053760 -8.12561760 1.50606319
v 2.18623760 -7.92002080 1.58109761
v 2.30725999 -7.93404480 1.51407441
v 2.17289039 -8.08177360 1.60443520
v 2.30157840 -8.11112240 1.53324319
v 2.33916001 -7.97592000 1.56569198
v 2.45031680 -7.98095600 1.51463840
v 2.35809760 -8.10131440 1.55064799
v 2.44811680 -8.07854400 1.52063519
v 2.36283681 -7.92304000 1.54285119
v 2.42454640 -7.93544480 1.51877761
v 2.33656639 -8.04016560 1.57636400
v 2.46087920 -8.03693600 1.51623839
v 2.33622719 -7.97258720 1.54545440
v 2.45888880 -7.97615920 1.47093039
v 2.34559280 -8.10794720 1.53294321
v 2.43794480 -8.09872080 1.48499599
v 2.35620401 -7.91720720 1.51898079
v 2.43495439 -7.92991200 1.47780239
v 2.32749439 -8.03522960 1.55875919
v 2.46935440 -8.04834080 1.47313039
v 2.33229760 -7.93174800 1.50277281
v 2.48186560 -7.97839520 1.40798160
v 2.33069120 -8.11322240 1.52167441
v 2.42543360 -8.11096160 1.42427679
v 2.35287439 -7.90153840 1.46109439
v 2.44832639 -7.91857920 1.40911759
v 2.32195839 -8.02735760 1.55342319
v 2.47982000 -8.04768000 1.40687839
v 2.10309040 -7.94361440 1.92343681
v 1.75370800 -8.03832800 2.15220641
v 1.75370160 -8.08239680 2.14040162
v 1.74656880 -8.14637520 2.08572479
v 1.73115760 -8.16073120 2.02457921
v 1.71542000 -8.16420000 1.90094081
v 1.70688720 -8.16310000 1.85873600
v 1.70255120 -8.14869200 1.83006880
v 1.69692160 -8.13332640 1.80277201
v 1.68177760 -8.12573280 1.66926479
v 1.68177441 -8.13170480 1.61549120
v 1.69647281 -8.13621280 1.56164721
v 1.71885920 -7.88897360 1.85802401
v 1.72259840 -7.89480640 1.88349441
v 1.72713120 -7.91754400 1.92959918
v 1.75370800 -8.02352640 2.14343759
v 1.73356720 -7.94362400 1.96897439
v 1.72986720 -7.92651600 1.94720080
v 1.73276720 -7.95639280 1.97710400
v 1.74717200 -8.01202160 2.12857201
v 1.73490320 -7.96820080 1.99030879
v 1.74403600 -7.98016960 2.03945281
v 1.74697200 -8.00045280 2.11797361
v 1.70095440 -7.75600720 1.53330960
v 1.69982160 -7.81765760 1.65978401
v 1.71566240 -7.86717200 1.80125041
v 1.70575760 -7.84342800 1.71949359
v 1.71876240 -7.88083760 1.83155359
v 1.75362080 -7.67650000 1.26105521
v 1.68870960 -7.72163920 1.25968960
v 2.01667120 -7.71455280 1.28037679
v 1.96256160 -7.70244000 1.29134480
v 2.20872640 -7.78866400 1.17754560
v 2.16338559 -7.76292800 1.21649601
v 2.44122800 -7.91119600 1.13360720
v 2.38874480 -7.87284560 1.14531201
v 2.32568960 -7.82710800 1.12471359
v 2.49473280 -7.99886080 1.16574000
v 2.50004640 -8.06704240 1.15145839
v 2.25687360 -7.80000000 1.15887280
v 2.11018080 -7.74545920 1.25623439
v 2.06257600 -7.72141840 1.26894720
v 1.90112720 -7.69179920 1.28565759
v 1.83726000 -7.67252720 1.27910160
v 1.74740159 -7.62917440 1.13108320
v 1.69870160 -7.67815440 1.14551440
v 2.01430720 -7.61864880 1.11350239
v 1.95070880 -7.60074400 1.11799840
v 2.21528000 -7.69815680 1.00613281
v 2.16009920 -7.67386000 1.05209680
v 2.38518960 -7.83730000 0.88354160
v 2.34404160 -7.79118880 0.88838480
v 2.29509119 -7.73656640 0.90641440
v 2.43616959 -7.90188480 0.91152401
v 2.46133840 -7.98162160 0.92753921
v 2.25076401 -7.70582880 0.95353841
v 2.10415360 -7.64849120 1.08914801
v 2.06230480 -7.63588960 1.10439359
v 1.88611840 -7.59510320 1.12172719
v 1.82327519 -7.59702160 1.13206800
v 1.98879920 -8.08863840 -0.32166959
v 1.75792195 -7.55801526 0.92105200
v 1.71363479 -7.60409251 0.90438543
v 1.97871562 -7.49645600 0.94871932
v 1.92077782 -7.48650909 0.92652325
v 1.98952240 -8.13354960 -0.24417440
v 2.17439146 -7.54093383 0.80082605
v 2.14048058 -7.52004826 0.84700566
v 2.35883040 -7.77465280 0.65535920
v 2.26568970 -7.61242330 0.67235830
v 2.40195039 -7.88511920 0.67363999
v 2.22282627 -7.56778643 0.73754067
v 2.08928758 -7.50882726 0.89029745
v 2.03973418 -7.51617638 0.93560915
v 1.85901881 -7.49609818 0.91465754
v 1.80080244 -7.52765520 0.92021398
v 1.73379683 -7.54336480 0.70567757
v 1.95477264 -7.38639798 0.76144249
v 1.90507657 -7.36994960 0.73946624
v 2.17445587 -7.41594301 0.63136905
v 2.10503546 -7.41083120 0.69367565
v 2.30842881 -7.59817760 0.10248000
v 2.30303725 -7.46849440 -0.02405280
v 2.28319124 -7.46736266 0.44419430
v 2.38159360 -7.82476240 0.66329599
v 2.34962801 -7.84727040 0.44174080
v 2.23268409 -7.43994330 0.56298835
v 2.05720438 -7.40534243 0.73530548
v 2.00559844 -7.40093879 0.75742416
v 1.83988596 -7.37362570 0.67825994
v 1.77716864 -7.46716365 0.70299437
v 1.63350640 -7.78288640 1.25087680
v 1.58799521 -7.84407280 1.26182960
v 1.56412479 -8.08273360 1.27394480
v 1.56332960 -7.95030000 1.26921521
v 1.65110160 -7.74066880 1.12165761
v 1.60015920 -7.79318000 1.14421040
v 1.63675120 -7.99389360 1.10464079
v 1.59385120 -7.91414000 1.11175200
v 1.67136481 -7.67707760 0.89411840
v 1.65408800 -7.74726400 0.91499519
v 1.70521680 -7.89894000 0.87707601
v 1.65970481 -7.81911920 0.90773601
v 1.67097921 -7.73460800 0.73219201
v 1.71453120 -7.89835120 0.67705920
v 1.68892400 -7.80378640 0.70905200
v 2.47472401 -8.13052400 1.16074240
v 2.26185441 -8.17859360 1.18813280
v 2.40213920 -8.16815040 1.17037200
v 2.32156720 -8.18287200 1.17863120
v 2.44732240 -8.05396880 0.93385760
v 2.30121520 -8.15709200 0.96255121
v 2.40864080 -8.10226400 0.93595761
v 2.37009680 -8.14397680 0.95381839
v 2.40131919 -7.95011200 0.66357681
v 2.32773120 -8.09778640 0.63554719
v 2.38995361 -8.00078400 0.64113601
v 2.37808800 -8.03971760 0.60589839
v 2.34960880 -7.90999920 0.42750480
v 2.29268161 -8.07234880 0.33204479
v 2.34305920 -7.97134000 0.39961761
v 2.32673360 -8.02886720 0.37142561
v 1.73158080 -8.17068400 1.30718719
v 1.84108400 -8.17347040 1.32069200
v 1.92046400 -8.15990480 1.31286399
v 1.99743920 -8.15113280 1.29129839
v 2.08809759 -8.15446080 1.26123280
v 2.14927119 -8.16305440 1.23549520
v 2.20698401 -8.17045760 1.20617040
v 1.63045281 -8.13763520 1.29188239
v 2.30218609 -7.29752486 0.07893850
v 1.92610641 -8.03873040 0.80789761
v 2.00781760 -8.06790720 0.78213040
v 2.08846481 -8.09574800 0.74045841
v 2.15100719 -8.12038880 0.71802560
v 1.75841520 -7.97036720 0.84836639
v 1.81108880 -8.05438160 1.07732480
v 1.90156560 -8.07896160 1.07549201
v 1.99184560 -8.08839760 1.06352641
v 2.06232401 -8.09857280 1.03469199
v 2.13863520 -8.12144160 1.00552479
v 1.69664320 -8.03387680 1.08058881
v 2.19387759 -8.11073280 -0.06977839
v 2.22775761 -8.04465280 -0.11045440
v 2.23781841 -7.98000080 -0.10241841
v 2.21275440 -8.08543120 -0.08965841
v 1.71876879 -7.99153200 -0.20412160
v 1.73598720 -8.09035760 -0.17068080
v 1.77896080 -8.13403120 -0.11009600
v 1.69637281 -7.94338960 0.07267600
v 1.69578400 -8.04828240 0.06398880
v 1.73530560 -8.08921520 0.09354640
v 1.71042000 -7.91430800 0.30476319
v 1.72259520 -7.99239920 0.30749041
v 1.83095680 -8.02479920 -0.37086400
v 2.06210080 -8.12304800 -0.23082880
v 2.07296641 -8.08627280 -0.28879040
v 2.08240080 -8.00826000 -0.34326641
v 1.87038800 -8.14498560 -0.20862241
v 1.85051920 -8.09944480 -0.29541999
v 2.16728080 -8.06074320 -0.20920880
v 2.18279840 -7.99583040 -0.22362481
v 2.14337761 -8.10122160 -0.17806000
v 1.70160400 -7.84075280 0.30905440
v 1.70320977 -7.61667280 0.69957683
v 1.68195520 -7.68375600 0.70356241
v 2.10651001 -7.67566960 -0.31921920
v 2.07103623 -7.44263949 -0.22016889
v 2.08663359 -7.55540025 -0.28865584
v 2.10694320 -7.78435600 -0.34651680
v 2.09438480 -7.90020960 -0.35704720
v 2.20325760 -7.74084161 -0.15219200
v 1.76188480 -7.05577970 0.21486985
v 2.19714793 -7.60253593 -0.11372684
v 2.20117840 -7.83099200 -0.18875680
v 2.19363279 -7.91631280 -0.21104640
v 2.25606639 -7.76454960 -0.03245439
v 0.05510416 0.32746069 0.31963296
v 2.24900080 -7.83923120 -0.06174000
v 2.24438719 -7.90791600 -0.08370160
v 1.73941345 -7.31648864 0.31851418
v 1.68824800 -7.75954640 0.31239199
v 1.68449120 -7.66402502 0.31522838
v 1.69430368 -7.55703920 0.32373418
v 1.71187172 -7.44136035 0.32812797
v 1.71687031 -7.45352826 0.15313374
v 1.69762480 -7.82960000 0.09468160
v 1.72703867 -7.32970976 0.15867577
v 1.71255360 -7.58124163 0.13083734
v 1.70654960 -7.70517760 0.10396400
v 1.74756005 -7.34123686 -0.02708662
v 1.76210982 -7.47253043 -0.05176560
v 1.72313681 -7.88074240 -0.20716960
v 1.74436480 -7.75308720 -0.15644240
v 1.76367520 -7.61733200 -0.09922896
v 1.96381108 -7.50192854 -0.35669402
v 1.83353987 -7.65385955 -0.30070390
v 1.81047840 -7.77168560 -0.35068000
v 1.80404560 -7.89104080 -0.37950400
v 1.84951869 -7.51016295 -0.26090090
v 1.86436019 -7.38044576 -0.21534266
v 1.96676288 -7.38174781 -0.33111894
v 1.84031061 -7.05210592 0.43873575
v 2.25587269 -7.15635315 -0.02016196
v 2.20464485 -7.46362182 -0.10674803
v 2.05720134 -7.17975312 -0.18415891
v 1.87205191 -7.13660980 -0.21140458
v 1.77178522 -7.12712483 -0.07051958
v 1.94621111 -7.16642276 -0.29588618
v 1.75434373 -7.07894724 0.07657289
v 2.17547800 -7.19470457 -0.10566377
v 2.15485806 -7.30840608 0.52823319
v 1.93615600 -7.25361703 0.64033981
v 1.97934314 -7.65613373 -0.39754237
v 2.26451036 -7.32248464 0.35493092
v 2.31308545 -7.57245065 0.26570237
v 1.74974876 -7.20680314 0.13119050
v 1.97124593 -7.26607127 -0.30665417
v 2.28068143 -7.32441728 -0.02115139
v 2.19007191 -7.33441043 -0.10074179
v 2.07588827 -7.31079952 -0.20703062
v 1.87647779 -7.24617349 -0.18515545
v 2.32782058 -7.71649130 0.25197825
v 1.85558285 -7.20706662 0.53994508
v 1.90034206 -7.22723834 0.61110698
v 1.76167491 -7.18933833 0.27876400
v 1.97730960 -7.27467459 0.64525025
v 2.02748279 -7.28480797 0.62957671
v 2.08171112 -7.29150797 0.59445927
v 1.77993018 -7.22812340 -0.04370595
v 2.21971536 -7.32786788 0.46323312
v 2.33037114 -7.59880973 0.44295165
v 0.02344849 0.33341751 0.31103625
v 2.26581440 -7.61990240 -0.01296080
v 0.08807506 0.26148762 0.33372515
v 0.12105425 0.15550389 0.32416982
v 0.15957912 0.01035324 0.31311450
v 0.19640321 -0.15254260 0.30758631
v 0.22095556 -0.32543272 0.31871172
v 0.24424086 -0.50796658 0.35302881
v 0.27030361 -0.72619021 0.39530482
v 0.36383198 -1.31737039 0.44190717
v 0.46541001 -1.64712429 0.42898920
v 0.58117145 -1.96359338 0.40410206
v 0.71082414 -2.25333392 0.39611886
v 0.82032123 -2.49525941 0.39796142
v 0.90813052 -2.72347512 0.40015039
v 0.97341783 -2.94475258 0.39263169
v 1.02303787 -3.16021950 0.36658353
v 1.10201779 -3.40348086 0.25594395
v 1.13834528 -3.63818929 0.20184646
v 1.12279386 -3.88300733 0.18155402
v 1.11046942 -4.20872941 0.16780759
v 1.13353177 -4.56420264 0.15541801
v 1.21806407 -4.95870123 0.14205616
v 1.34235712 -5.39211136 0.14777609
v 1.52671678 -6.00358316 0.14911574
v 2.23999163 -6.51672334 0.13599937
v 1.69025474 -6.55036613 0.20099883
v 1.75937483 -6.86129554 0.26193856
v 2.25299519 -8.10047520 0.17199439
v 2.29292079 -8.03956880 0.18440961
v 2.31160399 -7.97995760 0.19074961
v 2.31514159 -7.86458960 0.23901281
v 2.31557279 -7.92374160 0.21912240
v 1.70307440 -7.84111200 0.51285200
v 1.72018000 -7.94450960 0.49417120
v 1.68345361 -7.77532880 0.52623921
v 1.68051441 -7.71471120 0.50799601
v 1.68470013 -7.63769696 0.49801667
v 1.70883120 -7.54261782 0.50044764
v 1.78615238 -7.32007773 0.47186225
v 1.74419296 -7.43760967 0.49784345
v 1.79593146 -7.04405960 0.33411523
v 1.80433383 -7.18446594 0.40806464
v 2.36412361 -7.71549760 0.43736887
v 2.25122160 -8.14828560 0.96475280
v 2.20180880 -8.14594640 0.97299039
v 2.29609040 -7.74178880 0.09579600
v 2.34888160 -7.78922000 0.43893920
v 2.31704185 -7.70364570 0.66191878
v 2.29668949 -7.43364528 0.26002093
v 2.28871360 -7.82243440 0.08298800
v 2.31703200 -7.80180960 0.24291120
v 2.28384401 -7.88838640 0.07145120
v 2.28127040 -7.95141040 0.04632079
v 2.27420960 -8.01426240 0.02346799
v 2.25737041 -8.06383760 0.03415761
v 2.22291681 -8.11120480 0.04741119
v 2.26925599 -8.11464240 0.66458800
v 2.20791359 -8.12800000 0.69775839
v 2.25195760 -8.10088480 0.34115920
v 2.13021040 -8.12746880 0.40940479
v 1.76142000 -7.98178320 0.63982081
v 2.20358240 -8.11834400 0.36059680
v 2.00598961 -8.15295920 -0.15116400
v 1.81963600 -8.16376560 0.00494719
v 1.78330559 -8.05874160 0.32476240
v 2.06206320 -8.14059680 -0.16259520
v 1.88067680 -8.16769200 -0.11980480
v 2.13043521 -8.12669840 -0.13917200
v 1.76091600 -8.01430240 0.47477441
v 1.95457680 -8.16933600 0.05040720
v 1.87283601 -8.16356720 0.11486800
v 1.78456720 -8.12069680 0.14717119
v 2.17156801 -8.13469680 0.01882399
v 2.06439120 -8.16140000 0.01630881
v 2.11216000 -8.15232800 0.01037440
v 2.17087439 -8.13767040 0.17225600
v 2.21264960 -8.12250320 0.17074800
v 1.93087680 -8.13009680 0.30359520
v 2.00518480 -8.14923120 0.24556080
v 2.09946959 -8.14820320 0.18376240
v 1.86344719 -8.09094960 0.37039840
v 1.82122960 -8.03664160 0.47947360
v 1.93965680 -7.94835680 1.99979039
v 1.94189280 -7.96095840 2.02376079
v 1.94055680 -7.96809440 2.04055919
v 2.09714800 -8.10221520 2.03375119
v 2.09714800 -8.13385760 1.94906159
v 2.10008400 -8.05510720 2.06426079
v 2.25012800 -8.11846400 1.68876960
v 2.25032801 -8.12660000 1.72197921
v 2.25032800 -8.12346400 1.75541840
v 2.23906880 -7.99964640 1.87842241
v 1.94055360 -8.11564960 1.92459760
v 1.93341760 -8.09574480 1.83416880
v 1.93362080 -8.09804480 1.81960961
v 1.93118480 -8.09514160 1.79937521
v 1.94239279 -8.05524000 2.15137682
v 1.93765360 -8.11332320 2.11994081
v 1.93875360 -8.13839360 1.99667599
v 2.24742801 -8.13680320 1.81120161
v 2.09755440 -7.95561920 1.94517121
v 2.09685440 -7.96075200 1.95627279
v 2.24463760 -7.92529440 1.73048400
v 2.24873760 -7.91118960 1.69388081
v 2.24933760 -7.91062240 1.65874479
v 2.24883120 -8.11160000 1.90163041
v 2.24553760 -8.04978720 1.91766480
v 2.09684480 -8.09634800 1.77496560
v 2.08778560 -7.86578640 1.54739120
v 2.09685440 -7.88598480 1.63318399
v 2.09855440 -7.89278160 1.66498399
v 2.24924400 -7.89739280 1.54909441
v 2.23947841 -7.87115520 1.47830959
v 2.23169360 -8.14045840 1.50041440
v 2.10299040 -7.89424240 1.76124881
v 2.24120480 -7.97053680 1.83734721
v 2.24160480 -7.96390400 1.82727841
v 2.24290160 -7.95746800 1.81397681
v 2.25377680 -7.91076480 1.58762401
v 2.24290480 -8.02531680 1.91636160
v 1.94026320 -7.87744400 1.78854240
v 1.94249920 -7.87216560 1.84128641
v 1.94076320 -7.89217040 1.90150240
v 1.93926320 -7.90821120 1.92870558
v 1.94409280 -7.97372400 2.05566079
v 1.94329280 -7.97806000 2.06199361
v 1.94469280 -7.98412880 2.06962641
v 1.94449600 -7.99226160 2.08622480
v 2.35161600 -8.12455680 1.45157999
v 2.37729280 -8.11975520 1.50463359
v 2.24942801 -8.12006400 1.67536801
v 2.09705440 -7.97482080 1.97527439
v 1.92526480 -7.82239840 1.56018640
v 1.93109760 -7.86531120 1.66712320
v 1.93283040 -7.87514400 1.71302479
v 2.10064480 -8.13305440 1.88894879
v 2.24290480 -8.01221520 1.91162882
v 2.24070480 -8.00747920 1.90206000
v 2.23946880 -8.00477920 1.89048801
v 2.10288720 -7.89833920 1.80131759
v 2.10308720 -7.91264400 1.85346160
v 2.10358720 -7.92401280 1.88046160
v 1.94529600 -7.99983360 2.12170641
v 1.94623200 -8.00890240 2.14054401
v 1.94639600 -8.02350720 2.14594081
v 1.94409600 -8.03256960 2.15501281
v 1.92785200 -8.09867440 1.78627361
v 1.91928320 -8.11491840 1.72101841
v 1.91728000 -8.12642960 1.68577919
v 1.92486400 -8.14628800 1.55456561
v 2.24120480 -7.99591360 1.86611761
v 2.23990480 -7.98643840 1.86158479
v 2.24010480 -7.97890560 1.85395199
v 2.09714480 -8.10791360 1.81312801
v 2.09744480 -8.10498080 1.80052962
v 2.09684480 -8.09948400 1.78606400
v 2.39727919 -7.90273520 1.49370399
v 2.09909040 -7.99376160 2.03349040
v 2.09824800 -8.00282720 2.06256082
v 2.09878400 -8.02022560 2.06973280
v 2.24250160 -7.94159920 1.76149039
v 2.39617919 -7.90813200 1.52934641
v 2.39473360 -8.10704720 1.52690719
v 2.24952800 -8.12056080 1.66694481
v 2.24429520 -8.11173120 1.61880079
v 2.24450159 -8.13655360 1.58830719
v 2.07444159 -8.13742560 1.55830800
v 2.09287919 -8.12204560 1.66784481
v 2.09281520 -8.11109520 1.70831361
v 2.09918720 -7.99639760 2.04305600
v 2.10009040 -7.99326160 2.00428080
v 2.09805440 -7.98862560 1.98827601
v 2.09705440 -7.98598960 1.98374641
v 2.34992241 -8.01448720 1.72728961
v 2.33605680 -8.03502160 1.77150400
v 2.42667280 -8.02895280 1.76049281
v 2.41067120 -8.01175120 1.72235360
v 2.34512560 -8.03035280 1.77459760
v 2.41984000 -8.02202000 1.76452562
v 2.40693520 -8.01378720 1.72698640
v 2.35285841 -8.01578400 1.73092241
v 2.31488321 -8.05399520 1.71499121
v 2.44741041 -8.04429360 1.70795201
v 2.41750721 -7.99254640 1.70958479
v 2.35035841 -7.99384640 1.71392081
v 2.32455201 -8.06543120 1.75016641
v 2.41417121 -7.99888240 1.71611759
v 2.44007761 -8.04579360 1.73148642
v 2.35045840 -7.99817920 1.72135681
v 2.35789440 -8.05302000 1.80784642
v 2.36362720 -8.04081840 1.80390721
v 2.35575519 -8.12567680 1.69181760
v 2.35999441 -8.10620320 1.77037440
v 2.42757281 -8.09573440 1.75796319
v 2.40533840 -8.04042160 1.79977122
v 2.43240881 -8.10727520 1.69745039
v 2.41007120 -8.05492320 1.79987440
v 2.35165841 -8.02461680 1.77633360
v 2.41217440 -8.02132000 1.76502562
v 2.40290240 -8.01478720 1.73151920
v 2.35445521 -8.01842000 1.73442241
v 2.36416320 -8.03218560 1.79637122
v 2.40040560 -8.03108880 1.78999921
v 2.45034319 -8.04782960 1.69464722
v 2.35075840 -7.98357440 1.70485521
v 2.41864000 -7.98901360 1.70241599
v 2.31881921 -8.05035920 1.69325359
v 2.35859119 -8.12591280 1.68185200
v 2.43404161 -8.10663920 1.68588480
v 2.34109280 -8.02475600 1.74902720
v 2.42223680 -8.01618720 1.74175522
v 2.34662561 -8.02202000 1.75216000
v 2.41530400 -8.01578720 1.74548801
v 2.32065201 -8.01872000 1.71168799
v 2.43674161 -8.01568720 1.70964880
v 2.43474481 -8.02062000 1.72475041
v 2.32928480 -8.02445280 1.73332561
v 2.41007440 -8.01568720 1.75122402
v 2.35235840 -8.01892000 1.75416001
v 2.43887761 -8.01248720 1.69698001
v 2.32125201 -8.01522320 1.70192239
v 2.42577600 -8.04052160 1.77853360
v 2.34792560 -8.03438560 1.79050241
v 2.32718799 -8.08499840 1.69678641
v 2.44197761 -8.07146400 1.74579439
v 2.34239281 -8.04565120 1.79054160
v 2.33372080 -8.08106880 1.76183842
v 2.42004320 -8.02955280 1.77953041
v 2.45024640 -8.08196880 1.70168001
v 2.35559440 -8.02795280 1.78770241
v 2.40927440 -8.02785280 1.77833041
v 2.32818799 -8.08883440 1.68872081
v 2.45064320 -8.08076880 1.68717841
v 2.41610400 -7.96617280 1.67430639
v 2.35559440 -7.95580080 1.67030959
v 2.32699439 -8.03699360 1.65317841
v 2.45344321 -8.03082800 1.65830480
v 2.35779119 -8.12541280 1.64157681
v 2.42897279 -8.09600640 1.63887041
v 2.33092401 -7.99098240 1.65824400
v 2.43724161 -7.98904960 1.66697361
v 2.33362079 -8.08150160 1.64590961
v 2.45961521 -8.05873120 1.65093600
v 2.42797601 -7.95197120 1.65790481
v 2.35085840 -7.94223520 1.64857200
v 2.33199440 -8.03459680 1.62760479
v 2.45847921 -8.01745920 1.63746721
v 2.35689121 -8.11354400 1.60646719
v 2.42667279 -8.08747360 1.60846080
v 2.33532079 -7.98594960 1.63417040
v 2.44057760 -7.98291680 1.64803599
v 2.33605681 -8.07466880 1.62053601
v 2.46141521 -8.05409840 1.62546240
v 2.42981521 -7.94587760 1.62379840
v 2.35619759 -7.93920560 1.61613279
v 2.33333040 -8.03509680 1.61843599
v 2.46401519 -8.01865920 1.62052959
v 2.36112719 -8.11074720 1.60039841
v 2.42587599 -8.08643760 1.59755920
v 2.33635681 -7.97798080 1.61796880
v 2.44431361 -7.97285120 1.62680159
v 2.33895681 -8.07446880 1.60956719
v 2.46231521 -8.05513440 1.61753281
v 2.42254640 -7.93367280 1.59166559
v 2.36513359 -7.93550880 1.58522960
v 2.33513040 -8.03309680 1.60627040
v 2.46281520 -8.01606240 1.59355921
v 2.36532720 -8.10287520 1.59012961
v 2.42687599 -8.08253760 1.59062640
v 2.33765999 -7.97858720 1.60203440
v 2.44711679 -7.96811520 1.59456241
v 2.34369279 -8.07630480 1.59809839
v 2.46441839 -8.05129840 1.59929841
v 2.43654479 -8.10333920 1.67571600
v 2.45334321 -8.07503600 1.68004879
v 2.44930719 -8.04219680 1.68277840
v 2.41780401 -7.97410880 1.68851121
v 2.36049119 -8.12701280 1.67198320
v 2.35205521 -7.97220560 1.68985039
v 2.32455201 -8.00695120 1.68268479
v 2.32235841 -8.04706240 1.67945199
v 2.43754161 -8.00021840 1.68387519
v 2.32988481 -8.09217040 1.67725520
v 2.39866961 -8.12331280 1.63967681
v 2.39343360 -8.13548160 1.66765039
v 2.39113359 -8.13444560 1.67731599
v 2.37642880 -8.01688400 1.75496000
v 2.39083359 -8.13164880 1.68424559
v 2.38410080 -7.95590400 1.67584241
v 2.38993681 -7.95097120 1.65296879
v 2.39183680 -7.93570880 1.61796559
v 2.38619760 -8.10640320 1.77047119
v 2.38166480 -8.06175600 1.81487919
v 2.37552880 -7.98851040 1.71641761
v 2.37672880 -7.98067760 1.71048481
v 2.37872880 -7.98257760 1.70171601
v 2.39507601 -7.92503680 1.58746560
v 2.38306480 -8.04485440 1.80480401
v 2.39343359 -8.11394400 1.60593121
v 2.38006480 -8.03458560 1.79503521
v 2.38056800 -8.02511680 1.78296642
v 2.38026800 -8.02102000 1.77016160
v 2.37692880 -8.01598720 1.73182241
v 2.37662880 -8.01498720 1.72708641
v 2.37532880 -8.01148720 1.72195361
v 2.38346481 -7.97270880 1.68805039
v 2.39303359 -8.11051120 1.59706240
v 2.39059760 -8.10831120 1.58942961
v 2.40158240 -7.88596640 1.41778321
v 2.36946320 -8.10041120 1.55771679
v 2.38780079 -8.10220800 1.54934799
v 1.56471040 -7.97668640 1.38975682
v 1.58721200 -7.89559200 1.37523680
v 2.49448559 -8.07724720 1.24324640
v 2.49490161 -8.00546240 1.23715600
v 2.45886879 -7.96058240 1.24669841
v 1.61538081 -7.82913520 1.36481200
v 1.68776400 -7.76076000 1.38532479
v 1.76750480 -7.73344000 1.39821841
v 1.85151280 -7.75804640 1.41642960
v 1.91708640 -7.77618240 1.41369360
v 1.96832080 -7.78532960 1.40683600
v 2.02213361 -7.78926720 1.39533120
v 2.06297439 -7.79880800 1.37929359
v 2.10768241 -7.81115200 1.36753119
v 2.16946240 -7.81588320 1.33059680
v 2.21317040 -7.83104720 1.28742960
v 2.26091760 -7.85169120 1.27227039
v 2.44413520 -8.13835360 1.26350880
v 2.36811759 -8.17221760 1.28480720
v 1.55484800 -8.08898720 1.39851121
v 1.59394319 -8.14452480 1.41041281
v 1.70661040 -8.17500160 1.42632880
v 1.80835600 -8.17924880 1.44090559
v 1.88246400 -8.16828000 1.44401361
v 2.30093600 -8.17530800 1.30627760
v 2.24973120 -8.16523600 1.32477600
v 2.18708240 -8.17578320 1.35998240
v 2.13884160 -8.15493920 1.37677761
v 2.07043519 -8.15363920 1.40431520
v 1.94712800 -8.17365520 1.42594480
v 2.34260880 -7.86922720 1.23736880
v 2.40752480 -7.90796800 1.23383440
v 1.83627360 -8.13522800 0.19921840
v 0.72674529 -0.79681272 1.11270729
v 0.50109436 -0.88305333 0.91017481
v 0.36803533 -0.95448764 0.66503974
v 0.30826892 -0.99263480 0.43104429
v 0.29711567 -1.00254802 0.22343355
v 0.37282643 -0.97964205 -0.00035483
v 0.54245003 -0.92695714 -0.23068400
v 0.79355239 -0.85767349 -0.44812869
v 1.07715455 -0.79702732 -0.56551179
v 1.33673802 -0.72048488 -0.57957112
v 1.57429391 -0.63987311 -0.46807065
v 1.77624903 -0.57669822 -0.27350977
v 1.92227954 -0.51903656 -0.03940062
v 1.98118817 -0.49103286 0.24437633
v 1.98562818 -0.46822148 0.50781465
v 1.92216781 -0.46605273 0.72762921
v 1.80689588 -0.47264324 0.93529364
v 1.61891897 -0.51630184 1.12482682
v 1.33935749 -0.59382951 1.24667216
v 1.02263585 -0.68281643 1.27750866
v 0.30108800 8.20652080 1.46449120
v 0.33687200 8.20692078 1.46179120
v 0.43433680 8.16803680 1.37411040
v 0.43013680 8.17413362 1.38890720
v 0.42454000 8.17953038 1.39790720
v 0.40424640 8.19192721 1.42430080
v 0.37315920 8.20102398 1.44949760
v 0.26220400 8.19752401 1.46219120
v 0.18203600 8.15094640 1.42810400
v 0.19293280 8.14584958 1.42280720
v 0.20722640 8.14105279 1.43080400
v 0.18933280 8.16224323 1.43420400
v 0.19472960 8.16954003 1.44500080
v 0.18163600 8.15604643 1.43130080
v 0.42464320 8.14664641 1.37880720
v 0.23331360 8.13675601 1.44529760
v 0.26590080 8.13345598 1.45709760
v 0.20352640 8.17523679 1.44920080
v 0.30328800 8.13085923 1.46139440
v 0.22821680 8.18673037 1.45429760
v 0.34577200 8.12885921 1.45819440
v 0.38465600 8.13285599 1.42900080
v 0.40894960 8.13795278 1.40240400
v 0.43203680 8.15504319 1.36741360
v 0.43453680 8.16144001 1.36471360
v 0.43623680 8.16453997 1.36741360
v 0.21632320 8.13795279 1.43400080
v 0.42744000 8.15014641 1.37321040
g body
f 4849 1 2 4848
f 5 3 4 6
f 4850 4849 3 8
f 8 3 5 9
f 11 8 9 12
f 4851 4850 8 11
f 14 11 12 15
f 4852 4851 11 14
f 17 14 15 18
f 4853 4852 14 17
f 20 17 18 21
f 4854 4853 17 20
f 23 20 21 24
f 4855 4854 20 23
f 26 23 24 27
f 4856 4855 23 26
f 29 26 27 30
f 4857 4856 26 29
f 5078 29 30 5077
f 5128 4857 29 5078
f 38 35 36 39
f 4860 4859 35 38
f 4863 4862 44 47
f 47 44 43 46
f 4864 4863 47 50
f 50 47 46 49
f 5129 4864 50 5080
f 5080 50 49 5082
f 4866 4848 2 55
f 57 6 4 56
f 60 57 56 59
f 4867 4866 55 58
f 63 60 59 62
f 4868 4867 58 61
f 102 63 62 101
f 4873 4868 61 103
f 69 66 65 68
f 4870 4869 64 67
f 72 69 68 71
f 4871 4870 67 70
f 75 72 71 74
f 4872 4871 70 73
f 4886 39 36 4891
f 5131 5082 49 4890
f 4890 49 46 4888
f 4888 4887 79 80
f 5130 5077 30 4884
f 4884 30 27 4882
f 4882 27 24 4881
f 4881 24 21 4880
f 4880 21 18 4879
f 4879 18 15 4878
f 4899 12 9 4877
f 4897 5 6 4898
f 4898 6 57 4896
f 4877 9 5 4897
f 4875 60 63 4876
f 4896 57 60 4875
f 4878 4899 93 83
f 4894 66 69 4895
f 4895 69 72 4893
f 4893 72 75 4874
f 4892 4894 97 104
f 66 102 101 65
f 4869 4873 103 64
f 4876 4892 104 96
f 109 104 97 105
f 105 97 98 106
f 106 98 99 107
f 107 99 100 108
f 119 114 110 115
f 116 111 112 117
f 117 112 113 118
f 115 110 111 116
f 125 119 115 121
f 121 115 116 122
f 122 116 117 123
f 123 117 118 124
f 131 125 121 127
f 120 126 130 124
f 127 121 122 128
f 128 122 123 129
f 129 123 124 130
f 137 131 127 133
f 126 132 136 130
f 133 127 128 134
f 134 128 129 135
f 135 129 130 136
f 79 141 142 80
f 143 81 80 142
f 5085 5083 81 143
f 139 77 76 138
f 148 86 85 147
f 150 88 87 149
f 147 85 84 146
f 149 87 86 148
f 146 84 83 145
f 155 93 92 154
f 156 94 95 157
f 154 92 90 152
f 153 91 94 156
f 157 95 96 158
f 152 90 91 153
f 109 158 96 104
f 83 93 155 145
f 114 119 167 166
f 119 125 168 167
f 125 131 169 168
f 131 137 170 169
f 181 175 176 182
f 178 172 175 181
f 179 173 171 177
f 180 174 173 179
f 177 171 172 178
f 166 167 182 176
f 195 187 186 194
f 194 186 159 189
f 196 188 187 195
f 189 159 160 190
f 190 160 161 191
f 174 180 191 161
f 208 180 179 207
f 180 208 213 191
f 206 178 181 209
f 209 181 182 210
f 217 195 194 216
f 216 194 189 211
f 218 196 195 217
f 211 189 190 212
f 205 177 178 206
f 5090 5088 196 218
f 212 190 191 213
f 207 179 177 205
f 167 168 210 182
f 168 169 222 210
f 169 170 221 222
f 226 208 207 225
f 225 207 205 223
f 223 205 206 224
f 229 222 221 228
f 234 209 229 236
f 230 223 224 231
f 209 210 222 229
f 233 226 225 232
f 236 229 228 235
f 232 225 223 230
f 237 234 236 239
f 239 236 235 238
f 5231 243 242 5230
f 5230 242 240 5232
f 5232 240 241 5233
f 259 218 217 258
f 257 216 211 254
f 258 217 216 257
f 255 212 213 256
f 5092 5090 218 259
f 254 211 212 255
f 262 255 256 263
f 261 254 255 262
f 264 257 254 261
f 226 256 213 208
f 226 233 263 256
f 5234 266 267 5235
f 5231 250 273 5235
f 5192 243 267 5201
f 5240 5234 272 872
f 881 972 971 879
f 295 5135 900 294
f 281 279 280 282
f 5095 281 282 5094
f 199 203 282 280
f 5094 282 203 5089
f 290 5071 900 291
f 292 202 201 291
f 201 200 290 291
f 5071 293 294 900
f 5135 292 291 900
f 198 204 5070 284
f 200 199 280 290
f 275 299 300 276
f 337 338 319 320
f 301 306 307 302
f 299 304 305 300
f 308 303 302 307
f 306 311 312 307
f 304 309 310 305
f 313 308 307 312
f 311 316 317 312
f 309 314 315 310
f 318 313 312 317
f 334 361 360 286
f 287 334 335 321
f 366 328 275 365
f 325 322 323 324
f 326 325 324 327
f 299 275 328 329
f 304 299 329 330
f 309 304 330 331
f 314 309 331 332
f 286 314 332 333
f 334 286 333 335
f 287 321 326 327
f 319 327 324 320
f 320 324 323 288
f 5055 5053 297 298
f 365 368 288 323
f 278 279 281 339
f 5095 283 340 5097
f 283 285 341 340
f 359 287 327 319
f 5068 5148 5149 5069
f 316 342 343 317
f 344 318 317 343
f 321 345 348 326
f 345 321 335 355
f 331 352 353 332
f 328 349 350 329
f 347 325 326 348
f 329 350 351 330
f 366 367 349 328
f 332 353 354 333
f 346 322 325 347
f 355 335 333 354
f 330 351 352 331
f 5073 344 343 5072
f 378 379 369 364
f 406 372 371 407
f 286 360 315 314
f 361 334 287 359
f 322 366 365 323
f 275 276 368 365
f 322 346 367 366
f 405 374 372 406
f 456 363 358 455
f 5343 5073 5072 5344
f 353 390 391 354
f 384 347 348 385
f 392 355 354 391
f 345 382 385 348
f 349 386 387 350
f 350 387 388 351
f 382 345 355 392
f 393 367 346 383
f 351 388 389 352
f 367 393 386 349
f 352 389 390 353
f 383 346 347 384
f 396 393 383 394
f 394 383 384 395
f 399 396 394 397
f 397 394 395 398
f 396 387 386 393
f 384 385 382 395
f 382 392 398 395
f 398 392 391 390
f 397 398 390 389
f 399 397 389 388
f 396 399 388 387
f 374 400 401 372
f 372 401 402 371
f 364 369 408 409
f 5345 5344 5072 5075
f 409 413 414 412
f 413 415 416 414
f 499 417 418 498
f 417 419 420 418
f 419 421 422 420
f 426 423 424 427
f 501 426 427 502
f 432 429 430 433
f 435 432 433 436
f 440 443 442 441
f 447 446 445 438
f 425 413 409 408
f 415 413 425 428
f 499 415 428 500
f 419 417 431 434
f 421 419 434 437
f 370 362 404 403
f 503 504 443 440
f 438 445 444 439
f 405 406 441 442
f 357 356 457 451
f 5352 448 449 5353
f 5362 505 450 5354
f 5346 5139 5074 5347
f 5365 5341 411 5355
f 507 506 454 460
f 458 452 453 459
f 508 507 460 463
f 461 458 459 462
f 509 508 463 466
f 464 461 462 465
f 510 509 466 469
f 467 464 465 468
f 5363 471 454 5354
f 460 454 471 472
f 463 460 472 473
f 466 463 473 474
f 469 466 474 475
f 5355 411 448 5352
f 452 458 457 410
f 451 457 458 461
f 461 464 455 451
f 456 455 464 467
f 478 440 441 479
f 476 438 439 477
f 511 503 440 478
f 406 407 479 441
f 481 485 479 407
f 478 479 485 484
f 511 478 484 512
f 512 483 477 511
f 476 477 483 482
f 513 512 484 490
f 490 484 485 491
f 5337 5336 480 486
f 481 487 491 485
f 488 482 483 489
f 415 499 498 416
f 429 501 502 430
f 417 499 500 431
f 439 444 504 503
f 5353 449 505 5362
f 459 453 506 507
f 462 459 507 508
f 465 462 508 509
f 468 465 509 510
f 477 439 503 511
f 482 519 520 476
f 489 483 512 513
f 519 482 488 518
f 471 516 515 472
f 472 515 523 473
f 5363 5361 516 471
f 519 536 537 520
f 447 438 476 520
f 474 522 521 475
f 473 523 522 474
f 527 435 436 528
f 522 539 538 521
f 525 421 437 529
f 516 533 532 515
f 530 446 447 531
f 536 553 554 537
f 523 540 539 522
f 536 519 518 535
f 515 532 540 523
f 531 447 520 537
f 5361 5360 533 516
f 421 525 526 422
f 539 556 555 538
f 532 549 557 540
f 540 557 556 539
f 553 536 535 552
f 5360 5351 550 533
f 547 530 531 548
f 542 525 529 546
f 525 542 543 526
f 533 550 549 532
f 571 554 553 570
f 548 531 537 554
f 544 527 528 545
f 565 548 554 571
f 561 544 545 562
f 556 573 572 555
f 549 566 574 557
f 557 574 573 556
f 570 553 552 569
f 5351 5350 567 550
f 564 547 548 565
f 559 542 546 563
f 542 559 560 543
f 550 567 566 549
f 570 587 588 571
f 605 588 587 604
f 582 565 571 588
f 578 561 562 579
f 573 590 589 572
f 566 583 591 574
f 574 591 590 573
f 587 570 569 586
f 5350 5349 584 567
f 581 564 565 582
f 576 559 563 580
f 559 576 577 560
f 671 677 694 688
f 567 584 583 566
f 593 576 580 597
f 576 593 594 577
f 654 660 677 671
f 584 601 600 583
f 604 621 622 605
f 599 582 588 605
f 660 654 637 643
f 595 578 579 596
f 590 607 606 589
f 643 637 620 626
f 583 600 608 591
f 591 608 607 590
f 604 587 586 603
f 5349 5348 601 584
f 598 581 582 599
f 607 624 623 606
f 620 603 609 626
f 600 617 625 608
f 608 625 624 607
f 621 604 603 620
f 5348 5359 618 601
f 615 598 599 616
f 610 593 597 614
f 593 610 611 594
f 592 609 603 586
f 601 618 617 600
f 639 622 621 638
f 616 599 605 622
f 586 569 575 592
f 612 595 596 613
f 633 616 622 639
f 569 552 558 575
f 629 612 613 630
f 624 641 640 623
f 552 535 541 558
f 617 634 642 625
f 625 642 641 624
f 638 621 620 637
f 5359 5358 635 618
f 632 615 616 633
f 627 610 614 631
f 610 627 628 611
f 535 518 524 541
f 618 635 634 617
f 639 638 655 656
f 672 673 656 655
f 650 633 639 656
f 518 488 494 524
f 646 629 630 647
f 641 658 657 640
f 488 489 495 494
f 634 651 659 642
f 642 659 658 641
f 655 638 637 654
f 5358 5357 652 635
f 649 632 633 650
f 644 627 631 648
f 627 644 645 628
f 514 495 489 513
f 635 652 651 634
f 658 675 674 657
f 513 490 496 514
f 651 668 676 659
f 659 676 675 658
f 672 655 654 671
f 5357 5356 669 652
f 666 649 650 667
f 661 644 648 665
f 644 661 662 645
f 490 491 497 496
f 652 669 668 651
f 689 690 673 672
f 667 650 656 673
f 493 497 491 487
f 663 646 647 664
f 678 661 665 682
f 661 678 679 662
f 669 686 685 668
f 684 667 673 690
f 680 663 664 681
f 675 692 691 674
f 668 685 693 676
f 676 693 692 675
f 689 672 671 688
f 5356 5367 686 669
f 683 666 667 684
f 700 683 684 701
f 706 707 690 689
f 688 694 711 705
f 695 678 682 699
f 678 695 696 679
f 687 679 696 704
f 701 684 690 707
f 697 680 681 698
f 692 709 708 691
f 685 702 710 693
f 693 710 709 692
f 689 688 705 706
f 5367 5366 703 686
f 703 702 685 686
f 5366 704 696 695
f 700 701 695 699
f 5233 241 251 5246
f 724 486 480 723
f 713 726 381 380
f 400 730 731 401
f 403 404 424 423
f 731 722 402 401
f 727 728 747 745
f 742 894 895 741
f 750 746 749 751
f 752 750 751 753
f 754 752 753 755
f 756 754 755 757
f 758 756 757 759
f 760 758 759 761
f 764 762 763 765
f 766 764 765 767
f 768 766 767 769
f 770 768 769 771
f 772 770 771 773
f 774 772 773 775
f 741 895 896 740
f 991 783 782 990
f 783 787 786 782
f 787 791 790 786
f 791 796 794 790
f 801 809 815 795
f 808 802 809 803
f 796 802 800 794
f 802 808 806 800
f 807 803 809 801
f 802 796 815 809
f 808 814 812 806
f 795 1038 793 799
f 800 806 810 804
f 813 797 803 807
f 772 774 780 779
f 770 772 779 778
f 768 770 778 777
f 786 790 792 788
f 743 893 894 742
f 250 5231 5230 249
f 746 750 765 763
f 750 752 767 765
f 752 754 769 767
f 754 756 771 769
f 756 758 773 771
f 758 760 775 773
f 751 818 819 753
f 759 822 823 761
f 757 821 822 759
f 755 820 821 757
f 753 819 820 755
f 818 824 825 819
f 822 828 829 823
f 819 825 826 820
f 820 826 827 821
f 821 827 828 822
f 824 830 831 825
f 828 834 835 829
f 825 831 832 826
f 826 832 833 827
f 827 833 834 828
f 830 836 837 831
f 834 840 841 835
f 831 837 838 832
f 832 838 839 833
f 833 839 840 834
f 836 842 843 837
f 840 846 847 841
f 837 843 844 838
f 838 844 845 839
f 839 845 846 840
f 842 848 849 843
f 846 852 853 847
f 843 849 850 844
f 844 850 851 845
f 845 851 852 846
f 1019 854 855 1020
f 1033 858 859 1018
f 1020 855 856 1032
f 1032 856 857 1031
f 1031 857 858 1033
f 969 863 5372 1050
f 1050 5372 5371 1022
f 967 5368 862 968
f 1008 5370 864 965
f 968 862 863 969
f 965 864 865 966
f 5236 5237 868 869
f 5237 5238 871 868
f 976 978 979 988
f 5247 5236 869 5099
f 937 944 945 938
f 5238 5240 872 871
f 878 975 972 881
f 978 976 975 878
f 945 946 939 938
f 5241 5242 896 895
f 751 749 886 818
f 824 818 886 887
f 830 824 887 888
f 836 830 888 889
f 842 836 889 890
f 848 842 890 891
f 220 214 902 903
f 5084 88 150 5086
f 139 138 904 184
f 5100 905 151 5086
f 5100 188 196 5088
f 906 184 904 907
f 902 214 906 907
f 145 155 174 161
f 148 147 159 186
f 109 105 110 114
f 150 149 187 188
f 156 157 176 175
f 106 107 112 111
f 152 153 172 171
f 146 145 161 160
f 105 106 111 110
f 149 148 186 187
f 157 158 166 176
f 153 156 175 172
f 155 154 173 174
f 114 166 158 109
f 147 146 160 159
f 154 152 171 173
f 107 108 113 112
f 740 896 913 912
f 5242 5243 913 896
f 790 794 798 792
f 804 798 794 800
f 806 812 816 810
f 728 727 920 919
f 915 917 923 922
f 921 914 922 923
f 892 923 917 918
f 892 744 921 923
f 785 789 925 924
f 815 1039 1038 795
f 796 791 1039 815
f 808 803 797 814
f 811 817 813 807
f 805 811 807 801
f 801 795 799 805
f 924 925 926 927
f 995 994 914 921
f 995 996 785 924
f 916 738 894 893
f 1035 928 776 1034
f 777 778 930 929
f 778 779 931 930
f 779 780 932 931
f 1000 1002 762 776
f 998 997 749 746
f 1001 1000 776 928
f 998 999 740 912
f 1002 999 763 762
f 993 886 749 997
f 964 861 5370 1008
f 874 866 861 964
f 5098 5099 869 860
f 1022 5371 5369 970
f 966 865 5368 967
f 912 913 870 867
f 960 5378 5375 961
f 1003 887 886 993
f 5284 5285 935 1024
f 5547 1044 1029 5546
f 5548 941 1044 5547
f 5281 5282 891 890
f 5280 5281 890 889
f 5279 5280 889 888
f 5286 5279 888 887
f 1040 848 891 1043
f 945 952 953 946
f 1028 1027 956 949
f 944 951 952 945
f 947 954 955 948
f 1005 1006 951 944
f 946 953 954 947
f 5392 1007 958 5385
f 5388 960 961 5387
f 5389 959 960 5388
f 5393 1023 963 5390
f 5385 958 959 5389
f 5387 961 962 5391
f 5375 968 969 5374
f 5381 1008 965 5376
f 5378 967 968 5375
f 5379 966 967 5378
f 5382 1022 970 5380
f 5376 965 966 5379
f 1030 883 882 1025
f 973 884 971 972
f 249 247 981 977
f 974 274 273 250
f 974 250 249 977
f 1053 1051 879 971
f 946 947 940 939
f 947 948 941 940
f 5245 253 252 5244
f 981 247 248 982
f 5246 251 253 5245
f 5552 974 977 5549
f 5552 5553 274 974
f 941 948 1049 1044
f 989 986 976 988
f 986 987 975 976
f 5549 977 981 5550
f 747 991 990 745
f 1044 1049 1028 1029
f 924 927 994 995
f 921 744 996 995
f 742 741 1002 1000
f 912 739 997 998
f 743 742 1000 1001
f 746 763 999 998
f 741 740 999 1002
f 885 993 997 739
f 934 1003 993 885
f 5278 5286 887 1003
f 943 950 1006 1005
f 5386 957 1007 5392
f 5377 964 1008 5381
f 986 1011 1010 987
f 986 989 1012 1011
f 1029 1028 949 942
f 987 1010 1013 973
f 5557 1015 1016 5555
f 1045 1032 1031 1052
f 882 880 1026 1025
f 5559 5560 936 1004
f 1042 884 1017 1055
f 231 224 234 237
f 1015 985 984 1016
f 1049 1048 1027 1028
f 884 973 1013 1017
f 1054 1020 1032 1045
f 5383 1050 1022 5382
f 987 973 972 975
f 1021 1014 883 1030
f 1041 1033 1018 1046
f 1040 1019 1020 1054
f 5394 1047 1023 5393
f 854 1019 1024 935
f 1052 1031 1033 1041
f 1042 1030 1025 1053
f 5550 5556 1017 1013
f 206 209 234 224
f 371 402 480 5336
f 723 480 402 722
f 5337 486 492 5338
f 486 724 725 492
f 915 922 728 919
f 922 914 747 728
f 991 747 914 994
f 994 927 783 991
f 787 783 927 926
f 782 786 788 784
f 990 782 784 992
f 992 781 745 990
f 781 748 727 745
f 920 727 748 733
f 5133 5308 910 5248
f 5296 918 917 5295
f 5295 917 915 5294
f 5294 915 919 5293
f 5293 919 920 5292
f 283 284 5070 285
f 1037 1035 1034 1036
f 762 764 1034 776
f 764 766 1036 1034
f 925 789 793 1038
f 926 925 1038 1039
f 791 787 926 1039
f 1037 1036 777 929
f 766 768 777 1036
f 950 943 876 877
f 5384 875 957 5386
f 1007 5381 5376 958
f 985 1015 227 983
f 983 227 982 248
f 1019 1040 1043 1024
f 1025 1026 1051 1053
f 850 1045 1052 851
f 1030 1042 1055 1021
f 948 955 1048 1049
f 849 1054 1045 850
f 5374 969 1050 5383
f 852 1041 1046 853
f 848 1040 1054 849
f 5391 962 1047 5394
f 851 1052 1041 852
f 884 1042 1053 971
f 5557 1021 1055 5561
f 5561 1055 1017 5556
f 6758 1056 1057 6757
f 6760 16 19 6759
f 6761 13 16 6760
f 6762 10 13 6761
f 6763 7 10 6762
f 6764 55 2 6757
f 6766 73 70 6765
f 6769 1081 1077 6768
f 6765 70 67 6770
f 6783 5081 54 6767
f 6770 67 64 6768
f 6773 48 51 6772
f 6769 103 61 6774
f 6775 45 48 6773
f 6774 61 58 6776
f 6776 58 55 6764
f 6779 34 37 6778
f 6784 5079 31 6771
f 6781 25 28 6780
f 6758 1 7 6763
f 6782 22 25 6781
f 6759 19 22 6782
f 1096 1070 1071 1097
f 1093 1067 1068 1094
f 1088 1062 1063 1089
f 1082 1056 1058 1084
f 1102 1076 1075 1101
f 1097 1071 1072 1098
f 1089 1063 1064 1090
f 1084 1058 1059 1085
f 1081 1107 1103 1077
f 1107 1081 1076 1102
f 5105 5103 1073 1099
f 1090 1064 1065 1091
f 1085 1059 1060 1086
f 1104 1078 1077 1103
f 5104 5102 1066 1092
f 1086 1060 1061 1087
f 1105 1079 1078 1104
f 1100 1074 1057 1083
f 1087 1061 1062 1088
f 1056 1082 1083 1057
f 1106 1080 1079 1105
f 1101 1075 1074 1100
f 1127 1101 1100 1126
f 1122 1096 1097 1123
f 1119 1093 1094 1120
f 1114 1088 1089 1115
f 1108 1082 1084 1110
f 1128 1102 1101 1127
f 1123 1097 1098 1124
f 1115 1089 1090 1116
f 1110 1084 1085 1111
f 1107 1133 1129 1103
f 1133 1107 1102 1128
f 5107 5105 1099 1125
f 1116 1090 1091 1117
f 1111 1085 1086 1112
f 1130 1104 1103 1129
f 5106 5104 1092 1118
f 1112 1086 1087 1113
f 1131 1105 1104 1130
f 1126 1100 1083 1109
f 1113 1087 1088 1114
f 1082 1108 1109 1083
f 1132 1106 1105 1131
f 1157 1131 1130 1156
f 1152 1126 1109 1135
f 1139 1113 1114 1140
f 1108 1134 1135 1109
f 1158 1132 1131 1157
f 1153 1127 1126 1152
f 1148 1122 1123 1149
f 1145 1119 1120 1146
f 1140 1114 1115 1141
f 1134 1108 1110 1136
f 1154 1128 1127 1153
f 1149 1123 1124 1150
f 1141 1115 1116 1142
f 1136 1110 1111 1137
f 1133 1159 1155 1129
f 1159 1133 1128 1154
f 5109 5107 1125 1151
f 1142 1116 1117 1143
f 1137 1111 1112 1138
f 1156 1130 1129 1155
f 5108 5106 1118 1144
f 1138 1112 1113 1139
f 1160 1134 1136 1162
f 1180 1154 1153 1179
f 1175 1149 1150 1176
f 1167 1141 1142 1168
f 1162 1136 1137 1163
f 1159 1185 1181 1155
f 1185 1159 1154 1180
f 5111 5109 1151 1177
f 1168 1142 1143 1169
f 1163 1137 1138 1164
f 1182 1156 1155 1181
f 5110 5108 1144 1170
f 1164 1138 1139 1165
f 1183 1157 1156 1182
f 1178 1152 1135 1161
f 1165 1139 1140 1166
f 1134 1160 1161 1135
f 1184 1158 1157 1183
f 1179 1153 1152 1178
f 1174 1148 1149 1175
f 1171 1145 1146 1172
f 1166 1140 1141 1167
f 1160 1186 1187 1161
f 1210 1184 1183 1209
f 1205 1179 1178 1204
f 1200 1174 1175 1201
f 1197 1171 1172 1198
f 1192 1166 1167 1193
f 1186 1160 1162 1188
f 1206 1180 1179 1205
f 1201 1175 1176 1202
f 1193 1167 1168 1194
f 1188 1162 1163 1189
f 1185 1211 1207 1181
f 1211 1185 1180 1206
f 5113 5111 1177 1203
f 1194 1168 1169 1195
f 1189 1163 1164 1190
f 1208 1182 1181 1207
f 5112 5110 1170 1196
f 1190 1164 1165 1191
f 1209 1183 1182 1208
f 1204 1178 1161 1187
f 1191 1165 1166 1192
f 1216 1190 1191 1217
f 1191 1192 1229 1217
f 1192 1193 1218 1229
f 1194 1195 1226 1219
f 1236 1210 1209 1235
f 5112 1196 1221 5114
f 1197 1198 1223 1222
f 1200 1201 1220 1225
f 1212 1186 1188 1214
f 1201 1202 1227 1220
f 1204 1231 1230 1205
f 1218 1193 1194 1219
f 1209 1208 1213 1235
f 1211 1237 1233 1207
f 1208 1207 1233 1213
f 5115 5113 1203 1228
f 1211 1206 1215 1237
f 1206 1205 1230 1215
f 1204 1187 1234 1231
f 1212 1234 1187 1186
f 1188 1189 1232 1214
f 1189 1190 1216 1232
f 1196 1197 1222 1221
f 1171 1197 1196 1170
f 1145 1171 1170 1144
f 1144 1118 1119 1145
f 1216 1242 1258 1232
f 1237 1263 1259 1233
f 1215 1241 1263 1237
f 5115 5117 1253 1227
f 1220 1246 1251 1225
f 1231 1257 1256 1230
f 1226 1252 1245 1219
f 1214 1240 1238 1212
f 1230 1256 1241 1215
f 5114 5116 1252 1226
f 1217 1243 1242 1216
f 1232 1258 1240 1214
f 1234 1260 1257 1231
f 1213 1239 1261 1235
f 1223 1249 1248 1222
f 1229 1255 1243 1217
f 1235 1261 1262 1236
f 1233 1259 1239 1213
f 1227 1253 1246 1220
f 1218 1244 1255 1229
f 1212 1238 1260 1234
f 1222 1248 1247 1221
f 1219 1245 1244 1218
f 5116 5118 1278 1252
f 1243 1269 1268 1242
f 1257 1283 1282 1256
f 1261 1287 1288 1262
f 1239 1265 1287 1261
f 1249 1275 1274 1248
f 1255 1281 1269 1243
f 1238 1264 1286 1260
f 1259 1285 1265 1239
f 1253 1279 1272 1246
f 1244 1270 1281 1255
f 1263 1289 1285 1259
f 1241 1267 1289 1263
f 1248 1274 1273 1247
f 1245 1271 1270 1244
f 1258 1284 1266 1240
f 1256 1282 1267 1241
f 5117 5119 1279 1253
f 1246 1272 1277 1251
f 1252 1278 1271 1245
f 1240 1266 1264 1238
f 1242 1268 1284 1258
f 1260 1286 1283 1257
f 1265 1291 1313 1287
f 1275 1301 1300 1274
f 1281 1307 1295 1269
f 1264 1290 1312 1286
f 1285 1311 1291 1265
f 1279 1305 1298 1272
f 1270 1296 1307 1281
f 1289 1315 1311 1285
f 1267 1293 1315 1289
f 1274 1300 1299 1273
f 1271 1297 1296 1270
f 1284 1310 1292 1266
f 1282 1308 1293 1267
f 5119 5121 1305 1279
f 1272 1298 1303 1277
f 1278 1304 1297 1271
f 1266 1292 1290 1264
f 1268 1294 1310 1284
f 1286 1312 1309 1283
f 5118 5120 1304 1278
f 1269 1295 1294 1268
f 1283 1309 1308 1282
f 1287 1313 1314 1288
f 5309 1352 1351 1316
f 1335 1332 1320 1347
f 1343 1324 5315 5124
f 5314 5123 5122 5313
f 1348 1319 1318 1349
f 5123 5314 1326 1341
f 1319 1348 1353 5310
f 1316 1351 1350 1317
f 1325 1342 1339 1328
f 5313 5122 1344 1323
f 5318 5127 5125 5316
f 1322 1345 1337 1330
f 1324 1343 1342 1325
f 5310 1353 1346 1321
f 1330 1337 1338 1329
f 1355 5312 1323 1344
f 1333 1334 1345 1322
f 1332 1335 1352 5309
f 5127 5318 1328 1339
f 5312 1355 1354 5311
f 1334 1333 1321 1346
f 1329 1338 5126 5317
f 1336 1331 1327 1340
f 1347 1320 5311 1354
f 5124 5315 1331 1336
f 1317 1350 1349 1318
f 5317 5126 1340 1327
f 5127 1290 1292 5125
f 1304 1347 1354 1297
f 1353 1298 1305 1346
f 1308 1343 5124 1293
f 5125 1292 1310 1341
f 5121 1334 1346 1305
f 1355 1296 1297 1354
f 1348 1303 1298 1353
f 1293 5124 1336 1315
f 1315 1336 1340 1311
f 1335 5120 1299 1352
f 1296 1355 1344 1307
f 1352 1299 1300 1351
f 5126 1291 1311 1340
f 1290 5127 1339 1312
f 1303 1348 1349 1302
f 5122 1295 1307 1344
f 1351 1300 1301 1350
f 1338 1313 1291 5126
f 219 260 903 902
f 5239 870 913 5243
f 867 933 739 912
f 197 219 902 907
f 907 904 905 197
f 904 138 151 905
f 89 151 138 76
f 4891 36 33 4883
f 32 33 36 35
f 4858 32 35 4859
f 6779 1067 1066 6771
f 1067 1093 1092 1066
f 1093 1119 1118 1092
f 1455 1454 1387 1397
f 1454 1453 1377 1387
f 1453 1452 1367 1377
f 1452 1451 1357 1367
f 1451 1459 1432 1357
f 1682 1456 1406 1676
f 1456 1460 1442 1406
f 1460 1457 1416 1442
f 1457 1458 1426 1416
f 1397 1387 1386 1396
f 1387 1377 1376 1386
f 1377 1367 1366 1376
f 1367 1357 1358 1366
f 1357 1432 1433 1358
f 1676 1406 1407 1675
f 1406 1442 1443 1407
f 1442 1416 1417 1443
f 1416 1426 1427 1417
f 1389 1379 1380 1390
f 1379 1369 1370 1380
f 1369 1359 1360 1370
f 1359 1434 1435 1360
f 1681 1408 1409 1680
f 1408 1444 1445 1409
f 1444 1418 1419 1445
f 1418 1428 1429 1419
f 1472 1537 1507 1509
f 1390 1380 1381 1391
f 1380 1370 1371 1381
f 1370 1360 1361 1371
f 1360 1435 1436 1361
f 1680 1409 1410 1679
f 1409 1445 1446 1410
f 1445 1664 1654 1446
f 1419 1429 1430 1420
f 1400 1529 1528 1503
f 1391 1381 1382 1392
f 1381 1371 1372 1382
f 1371 1361 1362 1372
f 1361 1436 1437 1362
f 1679 1410 1411 1678
f 1410 1446 1447 1411
f 1420 1653 1644 1664
f 1503 1528 1509 1507
f 1392 1382 1383 1393
f 1382 1372 1373 1383
f 1372 1362 1363 1373
f 1362 1437 1438 1363
f 1678 1411 1412 1685
f 1411 1447 1448 1412
f 1447 1421 1422 1448
f 1390 1391 1537 1472
f 1393 1383 1384 1394
f 1383 1373 1374 1384
f 1373 1363 1364 1374
f 1363 1438 1439 1364
f 1685 1412 1413 1684
f 1412 1448 1449 1413
f 1448 1422 1423 1449
f 1402 1477 1475 1403
f 1394 1384 1385 1395
f 1384 1374 1375 1385
f 1374 1364 1365 1375
f 1364 1439 1440 1365
f 1684 1413 1414 1683
f 1413 1449 1450 1414
f 1449 1423 1424 1450
f 1403 1475 1474 1473
f 1401 1478 1477 1402
f 1400 1503 1478 1401
f 1463 932 780 1464
f 1398 1388 1454 1455
f 1388 1378 1453 1454
f 1378 1368 1452 1453
f 1368 1356 1451 1452
f 1356 1431 1459 1451
f 1677 1405 1456 1682
f 1405 1441 1460 1456
f 1441 1415 1457 1460
f 1415 1425 1458 1457
f 1503 1507 1508 1478
f 1475 1531 1532 1474
f 1404 1390 1472 1510
f 1477 1530 1531 1475
f 1478 1508 1530 1477
f 1510 1472 1509 1476
f 1399 1389 1390 1404
f 1462 797 813 1461
f 1511 814 797 1462
f 1461 813 817 1512
f 1520 1455 1397 1519
f 1465 774 775 1513
f 1501 835 841 1500
f 1495 1046 1018 1496
f 1502 829 835 1501
f 1496 1018 859 1497
f 1046 1495 1498 853
f 1504 823 829 1502
f 1506 760 761 1505
f 1499 847 853 1498
f 1505 761 823 1504
f 1500 841 847 1499
f 1485 1505 1504 1486
f 1490 1499 1498 1491
f 1484 1506 1505 1485
f 1489 1500 1499 1490
f 1488 1501 1500 1489
f 1487 1502 1501 1488
f 1494 1495 1496 1493
f 1486 1504 1502 1487
f 1495 1494 1491 1498
f 1493 1496 1497 1492
f 1467 1493 1492 1468
f 1479 1488 1489 1471
f 1471 1489 1490 1470
f 1470 1490 1491 1469
f 1483 1484 1485 1482
f 1494 1466 1469 1491
f 1482 1485 1486 1481
f 1466 1494 1493 1467
f 1481 1486 1487 1480
f 1480 1487 1488 1479
f 1518 1463 1464 1519
f 1517 1462 1461 1516
f 1515 1511 1462 1517
f 1516 1461 1512 1514
f 774 1465 1464 780
f 1520 1465 1513 1521
f 1396 1518 1519 1397
f 1506 1484 1521 1513
f 1455 1520 1521 1398
f 1404 1516 1514 1399
f 1465 1520 1519 1464
f 1476 1515 1517 1510
f 1510 1517 1516 1404
f 1484 1483 1398 1521
f 1506 1513 775 760
f 812 1522 1523 816
f 1522 1524 1525 1523
f 1524 1526 1527 1525
f 1526 1528 1529 1527
f 1508 1536 1535 1530
f 1530 1535 1534 1531
f 1531 1534 1533 1532
f 1507 1537 1536 1508
f 1511 1522 812 814
f 1524 1522 1511 1515
f 1515 1476 1526 1524
f 1476 1509 1528 1526
f 1537 1391 1392 1536
f 1534 1394 1395 1533
f 1535 1393 1394 1534
f 1536 1392 1393 1535
f 1539 1467 1468 1540
f 1547 1482 1481 1546
f 1466 1538 1541 1469
f 1546 1481 1480 1545
f 1538 1466 1467 1539
f 1545 1480 1479 1544
f 1544 1479 1471 1543
f 1543 1471 1470 1542
f 1542 1470 1469 1541
f 1548 1483 1482 1547
f 1555 1544 1543 1554
f 1554 1543 1542 1553
f 1553 1542 1541 1552
f 1559 1548 1547 1558
f 1550 1539 1540 1551
f 1558 1547 1546 1557
f 1538 1549 1552 1541
f 1557 1546 1545 1556
f 1549 1538 1539 1550
f 1556 1545 1544 1555
f 1566 1567 1561 1560
f 1570 1571 1565 1564
f 1567 1568 1562 1561
f 3839 1569 1563 3838
f 1569 1570 1564 1563
f 1572 1573 1567 1566
f 1576 1577 1571 1570
f 1573 1574 1568 1567
f 3840 1575 1569 3839
f 1575 1576 1570 1569
f 1578 1579 1573 1572
f 1582 1583 1577 1576
f 1579 1580 1574 1573
f 3841 1581 1575 3840
f 1581 1582 1576 1575
f 1584 1585 1579 1578
f 1588 1589 1583 1582
f 1585 1586 1580 1579
f 3842 1587 1581 3841
f 1587 1588 1582 1581
f 1590 1591 1585 1584
f 1594 1595 1589 1588
f 1591 1592 1586 1585
f 3843 1593 1587 3842
f 1593 1594 1588 1587
f 1596 1597 1591 1590
f 1600 1601 1595 1594
f 1597 1598 1592 1591
f 3844 1599 1593 3843
f 1599 1600 1594 1593
f 1560 1555 1554 1566
f 1566 1554 1553 1572
f 1572 1553 1552 1578
f 1549 1584 1578 1552
f 1584 1549 1550 1590
f 1590 1550 1551 1596
f 1378 1388 1548 1559
f 1388 1398 1483 1548
f 1605 1559 1558 1604
f 1604 1558 1557 1603
f 1603 1557 1556 1602
f 1631 1686 1687 1641
f 1609 1605 1604 1608
f 1694 1693 1614 1613
f 1608 1604 1603 1607
f 1693 1692 1615 1614
f 1607 1603 1602 1606
f 1668 1690 1686 1631
f 1613 1623 1669 1667
f 3845 1613 1667 3850
f 1619 1609 1608 1618
f 1613 1614 1624 1623
f 1618 1608 1607 1617
f 1614 1615 1625 1624
f 1617 1607 1606 1616
f 1616 1606 1610 1620
f 1620 1610 1611 1621
f 3850 1667 1632 3846
f 1667 1669 1633 1632
f 1671 1619 1618 1670
f 1670 1618 1617 1672
f 1672 1617 1616 1673
f 1673 1616 1620 1674
f 1674 1620 1621 1668
f 1640 1630 1631 1641
f 3846 1632 1642 3847
f 1632 1633 1643 1642
f 1639 1629 1628 1638
f 1666 1421 1654 1665
f 1638 1628 1627 1637
f 1643 1633 1665 1644
f 1637 1627 1626 1636
f 1636 1626 1630 1640
f 1649 1640 1641 1650
f 3847 1642 1651 3848
f 1642 1643 1652 1651
f 1648 1639 1638 1647
f 1643 1644 1653 1652
f 1647 1638 1637 1646
f 1419 1420 1664 1445
f 1646 1637 1636 1645
f 1645 1636 1640 1649
f 1655 1645 1649 1659
f 1659 1649 1650 1660
f 3848 1651 1661 3849
f 1651 1652 1662 1661
f 1658 1648 1647 1657
f 1652 1653 1663 1662
f 1657 1647 1646 1656
f 1653 1420 1430 1663
f 1656 1646 1645 1655
f 1422 1634 1635 1423
f 1654 1664 1644 1665
f 1654 1421 1447 1446
f 1666 1634 1422 1421
f 1621 1612 1690 1668
f 1629 1671 1670 1628
f 1628 1670 1672 1627
f 1669 1666 1665 1633
f 1627 1672 1673 1626
f 1626 1673 1674 1630
f 1630 1674 1668 1631
f 1437 1678 1685 1438
f 1435 1680 1679 1436
f 1459 1682 1676 1432
f 1431 1677 1682 1459
f 1436 1679 1678 1437
f 1432 1676 1675 1433
f 1434 1681 1680 1435
f 1439 1684 1683 1440
f 1438 1685 1684 1439
f 1623 1634 1666 1669
f 1368 1378 1559 1605
f 1356 1368 1605 1609
f 1609 1619 1431 1356
f 1677 1431 1619 1671
f 1671 1629 1405 1677
f 1629 1639 1441 1405
f 1415 1441 1639 1648
f 1648 1658 1425 1415
f 1634 1623 1624 1635
f 1641 1687 1688 1650
f 1650 1688 1689 1660
f 3872 1694 1613 3845
f 1635 1624 1625 1691
f 1635 1691 1424 1423
f 1622 1612 1621 1611
f 1661 1662 1709 1708
f 1705 1658 1657 1704
f 1458 1701 1696 1426
f 1662 1663 1710 1709
f 1711 1707 1660 1689
f 1704 1657 1656 1703
f 1426 1696 1697 1427
f 1703 1656 1655 1702
f 1701 1458 1425 1695
f 1702 1655 1659 1706
f 1706 1659 1660 1707
f 1695 1425 1658 1705
f 1428 1698 1699 1429
f 3849 1661 1708 3851
f 1429 1699 1700 1430
f 1663 1430 1700 1710
f 1708 1709 1726 1725
f 1722 1705 1704 1721
f 1696 1713 1714 1697
f 1709 1710 1727 1726
f 1721 1704 1703 1720
f 1710 1700 1717 1727
f 1720 1703 1702 1719
f 1712 1695 1705 1722
f 1719 1702 1706 1723
f 1698 1715 1716 1699
f 1728 1724 1707 1711
f 1723 1706 1707 1724
f 1699 1716 1717 1700
f 3851 1708 1725 3852
f 1718 1701 1695 1712
f 1701 1718 1713 1696
f 1726 1727 1744 1743
f 1738 1721 1720 1737
f 1727 1717 1734 1744
f 1737 1720 1719 1736
f 1729 1712 1722 1739
f 1736 1719 1723 1740
f 1715 1732 1733 1716
f 1745 1741 1724 1728
f 1740 1723 1724 1741
f 1716 1733 1734 1717
f 3852 1725 1742 3853
f 1735 1718 1712 1729
f 1718 1735 1730 1713
f 1725 1726 1743 1742
f 1739 1722 1721 1738
f 1713 1730 1731 1714
f 1744 1734 1751 1761
f 1754 1737 1736 1753
f 1746 1729 1739 1756
f 1753 1736 1740 1757
f 1732 1749 1750 1733
f 1762 1758 1741 1745
f 1757 1740 1741 1758
f 1733 1750 1751 1734
f 3853 1742 1759 3854
f 1752 1735 1729 1746
f 1735 1752 1747 1730
f 1742 1743 1760 1759
f 1756 1739 1738 1755
f 1730 1747 1748 1731
f 1743 1744 1761 1760
f 1755 1738 1737 1754
f 1786 1787 1771 1770
f 1793 1794 1778 1777
f 1787 1788 1772 1771
f 1779 1763 1778 1794
f 1788 1789 1773 1772
f 1779 1780 1764 1763
f 1789 1790 1774 1773
f 1783 1784 1768 1767
f 1780 1781 1765 1764
f 1790 1791 1775 1774
f 1784 1785 1769 1768
f 1782 1783 1767 1766
f 1791 1792 1776 1775
f 1785 1786 1770 1769
f 1781 1782 1766 1765
f 1792 1793 1777 1776
f 1793 1780 1779 1794
f 1792 1781 1780 1793
f 1791 1782 1781 1792
f 1790 1783 1782 1791
f 1783 1790 1789 1784
f 1784 1789 1788 1785
f 1785 1788 1787 1786
f 1770 1771 1803 1802
f 1777 1778 1810 1809
f 1771 1772 1804 1803
f 1763 1795 1810 1778
f 1772 1773 1805 1804
f 1763 1764 1796 1795
f 1773 1774 1806 1805
f 1767 1768 1800 1799
f 1764 1765 1797 1796
f 1774 1775 1807 1806
f 1768 1769 1801 1800
f 1766 1767 1799 1798
f 1775 1776 1808 1807
f 1769 1770 1802 1801
f 1765 1766 1798 1797
f 1776 1777 1809 1808
f 1795 1811 1826 1810
f 1804 1805 1821 1820
f 1795 1796 1812 1811
f 1805 1806 1822 1821
f 1799 1800 1816 1815
f 1796 1797 1813 1812
f 1806 1807 1823 1822
f 1800 1801 1817 1816
f 1798 1799 1815 1814
f 1807 1808 1824 1823
f 1801 1802 1818 1817
f 1797 1798 1814 1813
f 1808 1809 1825 1824
f 1802 1803 1819 1818
f 1809 1810 1826 1825
f 1803 1804 1820 1819
f 1876 1875 1842 1841
f 1878 1877 1836 1835
f 1879 1827 1842 1875
f 1877 1880 1837 1836
f 1879 1881 1828 1827
f 1880 1882 1838 1837
f 1884 1883 1832 1831
f 1881 1885 1829 1828
f 1882 1886 1839 1838
f 1883 1887 1833 1832
f 1888 1884 1831 1830
f 1886 1889 1840 1839
f 1887 1890 1834 1833
f 1885 1888 1830 1829
f 1889 1876 1841 1840
f 1890 1878 1835 1834
f 1827 1843 1858 1842
f 1836 1837 1853 1852
f 1827 1828 1844 1843
f 1837 1838 1854 1853
f 1831 1832 1848 1847
f 1828 1829 1845 1844
f 1838 1839 1855 1854
f 1832 1833 1849 1848
f 1830 1831 1847 1846
f 1839 1840 1856 1855
f 1833 1834 1850 1849
f 1829 1830 1846 1845
f 1840 1841 1857 1856
f 1834 1835 1851 1850
f 1841 1842 1858 1857
f 1835 1836 1852 1851
f 1857 1858 1874 1873
f 1851 1852 1868 1867
f 1843 1859 1874 1858
f 1852 1853 1869 1868
f 1843 1844 1860 1859
f 1853 1854 1870 1869
f 1847 1848 1864 1863
f 1844 1845 1861 1860
f 1854 1855 1871 1870
f 1848 1849 1865 1864
f 1846 1847 1863 1862
f 1855 1856 1872 1871
f 1849 1850 1866 1865
f 1845 1846 1862 1861
f 1856 1857 1873 1872
f 1850 1851 1867 1866
f 1825 1826 1875 1876
f 1819 1820 1877 1878
f 1811 1879 1875 1826
f 1820 1821 1880 1877
f 1811 1812 1881 1879
f 1821 1822 1882 1880
f 1815 1816 1883 1884
f 1812 1813 1885 1881
f 1822 1823 1886 1882
f 1816 1817 1887 1883
f 1814 1815 1884 1888
f 1823 1824 1889 1886
f 1817 1818 1890 1887
f 1813 1814 1888 1885
f 1824 1825 1876 1889
f 1818 1819 1878 1890
f 1874 1859 1385 1375
f 1873 1874 1375 1365
f 1859 1860 1395 1385
f 1533 1395 1860 1861
f 1532 1533 1861 1862
f 1895 1862 1863 1896
f 1896 1863 1864 1897
f 1897 1864 1865 1898
f 1891 1895 1896 1892
f 1892 1896 1897 1893
f 1893 1897 1898 1894
f 1473 1474 1895 1891
f 1474 1532 1862 1895
f 1365 1440 1872 1873
f 1683 1414 3924 4065
f 2814 2792 1903 2006
f 2813 2791 1905 1974
f 1971 1939 1904 1973
f 3262 1940 1911 3258
f 3266 2794 1910 3257
f 3267 2793 1912 3259
f 2817 2789 1902 2011
f 2818 2790 1900 2012
f 2014 1938 1901 2017
f 2959 1988 1916 2945
f 2001 2008 1904 1939
f 2961 1999 1915 2946
f 3268 3261 1922 2948
f 1966 1963 1908 1918
f 2013 2012 1900 1920
f 3260 3259 1912 1917
f 1972 1974 1905 1919
f 1988 1990 1899 1916
f 3261 3256 1907 1922
f 1968 1967 1922 1907
f 2815 2009 1903 2792
f 2816 2007 1905 2791
f 2812 2821 2029 1959
f 1956 2032 2033 1962
f 2955 2967 2028 1952
f 2807 2822 2034 1961
f 1959 2029 2032 1956
f 2802 2797 1923 1948
f 1933 1925 1923 1937
f 1951 1927 1926 1949
f 2950 2966 1925 1933
f 2801 2798 1929 1950
f 2059 2068 1928 1931
f 1953 1930 1924 1947
f 1950 1929 1930 1953
f 1929 1935 1932 1930
f 1930 1932 1942 1924
f 2006 1903 1939 1971
f 3257 1910 1940 3262
f 2011 1902 1938 2014
f 2064 1987 1943 2067
f 2009 2001 1939 1903
f 2055 2002 1944 2066
f 3265 3263 1946 2060
f 2068 2058 1954 1928
f 2798 2800 1935 1929
f 2966 2955 1952 1925
f 1927 1934 1936 1926
f 1925 1952 1948 1923
f 2797 2799 1937 1923
f 2056 2063 1955 2027
f 2028 1957 1961 2034
f 2821 2801 1950 2029
f 2967 2956 1957 2028
f 2029 1950 1953 2032
f 2030 1951 1949 2031
f 2032 1953 1947 2033
f 2822 2802 1948 2034
f 2826 2812 1959 2085
f 2086 1956 1962 2084
f 2090 2061 1986 2083
f 1941 1909 1964 1969
f 2948 1922 1967 2957
f 2010 2007 1963 1966
f 2000 1999 1967 1968
f 2795 1914 1965 2803
f 2796 1908 1963 2804
f 1914 1941 1969 1965
f 2060 1946 1970 2057
f 1997 1976 1991 1996
f 2081 1958 1960 2082
f 2810 2805 1993 1995
f 2982 2960 1984 2087
f 2026 2024 1980 1984
f 2962 2004 1977 2958
f 2054 2003 1975 2062
f 2790 2810 1995 1900
f 1989 1992 1976 1997
f 2811 2806 1992 1989
f 1965 1969 2001 2009
f 1998 1995 1993 1978
f 2062 1975 1987 2064
f 2004 2005 1994 1977
f 2827 2807 1961 2088
f 2803 1965 2009 2815
f 2085 1959 1956 2086
f 1976 1971 1973 1991
f 2052 2023 1986 2061
f 2789 2811 1989 1902
f 1938 1997 1996 1901
f 1920 1900 1995 1998
f 2964 2026 1984 2960
f 2087 1984 1980 2088
f 2805 2813 1974 1993
f 1977 1994 1990 1988
f 2958 1977 1988 2959
f 1902 1989 1997 1938
f 1919 1905 2007 2010
f 2957 1967 1999 2961
f 1969 1964 2008 2001
f 2066 1944 2003 2054
f 1915 1906 2005 2004
f 2804 1963 2007 2816
f 1906 1915 1999 2000
f 2057 1970 2002 2055
f 2946 1915 2004 2962
f 2806 2814 2006 1992
f 1992 2006 1971 1976
f 1978 1993 1974 1972
f 2819 2817 2011 2019
f 2820 2818 2012 2020
f 2022 2014 2017 2025
f 2021 2020 2012 2013
f 2019 2011 2014 2022
f 1916 1899 2016 2018
f 2067 1943 2015 2053
f 2945 1916 2018 2963
f 2018 2016 2024 2026
f 2053 2015 2023 2052
f 2963 2018 2026 2964
f 2809 2819 2019 1979
f 2808 2820 2020 1981
f 1985 2022 2025 1982
f 1983 1981 2020 2021
f 1979 2019 2022 1985
f 1958 2030 2031 1960
f 2058 2056 2027 1954
f 1952 2028 2034 1948
f 1987 2045 2035 1943
f 2002 2047 2036 1944
f 3263 3264 2038 1946
f 1954 2027 2051 2041
f 1931 1928 2039 2040
f 1928 1954 2041 2039
f 2027 1955 2042 2051
f 1946 2038 2043 1970
f 2083 1986 2046 2089
f 2003 2048 2044 1975
f 2023 2050 2046 1986
f 1975 2044 2045 1987
f 1970 2043 2047 2002
f 1944 2036 2048 2003
f 1943 2035 2049 2015
f 2015 2049 2050 2023
f 2972 2057 2055 2970
f 3269 3265 2060 2954
f 2954 2060 2057 2972
f 2968 2052 2061 2975
f 2949 2974 2058 2068
f 2952 2066 2054 2969
f 2951 2067 2053 2971
f 2965 2976 2063 2056
f 2977 2064 2067 2951
f 2970 2055 2066 2952
f 2978 2062 2064 2977
f 2974 2965 2056 2058
f 2973 2949 2068 2059
f 2971 2053 2052 2968
f 2983 2975 2061 2090
f 2969 2054 2062 2978
f 2078 2059 1931 2070
f 1935 2073 2069 1932
f 2040 2077 2070 1931
f 2800 2823 2073 1935
f 2071 1933 1937 2075
f 1934 2072 2074 1936
f 2973 2980 2072 1934
f 2799 2824 2075 1937
f 2979 2950 1933 2071
f 1932 2069 2076 1942
f 2980 2981 2080 2072
f 2979 2071 2080 2981
f 2071 2075 2079 2080
f 2080 2079 2074 2072
f 2825 2069 2073 2823
f 2825 2079 2075 2824
f 2808 2826 2085 1982
f 1985 2086 2084 1979
f 2063 2090 2083 1955
f 1983 2081 2082 1981
f 2956 2982 2087 1957
f 2809 2827 2088 1980
f 1982 2085 2086 1985
f 1957 2087 2088 1961
f 1955 2083 2089 2042
f 2976 2983 2090 2063
f 2853 2831 2095 2198
f 2852 2830 2097 2166
f 2163 2131 2096 2165
f 3271 2132 2103 3305
f 3275 2833 2102 3306
f 3274 2832 2104 3304
f 2856 2828 2094 2203
f 2857 2829 2092 2204
f 2206 2130 2093 2209
f 2998 2180 2108 2984
f 2193 2200 2096 2131
f 3000 2191 2107 2985
f 3281 3272 2114 2987
f 2158 2155 2100 2110
f 2205 2204 2092 2112
f 3273 3304 2104 2109
f 2164 2166 2097 2111
f 2180 2182 2091 2108
f 3272 3307 2099 2114
f 2160 2159 2114 2099
f 2854 2201 2095 2831
f 2855 2199 2097 2830
f 2851 2860 2221 2151
f 2148 2224 2225 2154
f 2994 3006 2220 2144
f 2846 2861 2226 2153
f 2151 2221 2224 2148
f 2841 2836 2115 2140
f 2125 2117 2115 2129
f 2143 2119 2118 2141
f 2989 3005 2117 2125
f 2840 2837 2121 2142
f 2251 2260 2120 2123
f 2145 2122 2116 2139
f 2142 2121 2122 2145
f 2121 2127 2124 2122
f 2122 2124 2134 2116
f 2198 2095 2131 2163
f 3306 2102 2132 3271
f 2203 2094 2130 2206
f 2256 2179 2135 2259
f 2201 2193 2131 2095
f 2247 2194 2136 2258
f 3276 3270 2138 2252
f 2260 2250 2146 2120
f 2837 2839 2127 2121
f 3005 2994 2144 2117
f 2119 2126 2128 2118
f 2117 2144 2140 2115
f 2836 2838 2129 2115
f 2248 2255 2147 2219
f 2220 2149 2153 2226
f 2860 2840 2142 2221
f 3006 2995 2149 2220
f 2221 2142 2145 2224
f 2222 2143 2141 2223
f 2224 2145 2139 2225
f 2861 2841 2140 2226
f 2865 2851 2151 2277
f 2278 2148 2154 2276
f 2282 2253 2178 2275
f 2133 2101 2156 2161
f 2987 2114 2159 2996
f 2202 2199 2155 2158
f 2192 2191 2159 2160
f 2834 2106 2157 2842
f 2835 2100 2155 2843
f 2106 2133 2161 2157
f 2252 2138 2162 2249
f 2189 2168 2183 2188
f 2273 2150 2152 2274
f 2849 2844 2185 2187
f 3021 2999 2176 2279
f 2218 2216 2172 2176
f 3001 2196 2169 2997
f 2246 2195 2167 2254
f 2829 2849 2187 2092
f 2181 2184 2168 2189
f 2850 2845 2184 2181
f 2157 2161 2193 2201
f 2190 2187 2185 2170
f 2254 2167 2179 2256
f 2196 2197 2186 2169
f 2866 2846 2153 2280
f 2842 2157 2201 2854
f 2277 2151 2148 2278
f 2168 2163 2165 2183
f 2244 2215 2178 2253
f 2828 2850 2181 2094
f 2130 2189 2188 2093
f 2112 2092 2187 2190
f 3003 2218 2176 2999
f 2279 2176 2172 2280
f 2844 2852 2166 2185
f 2169 2186 2182 2180
f 2997 2169 2180 2998
f 2094 2181 2189 2130
f 2111 2097 2199 2202
f 2996 2159 2191 3000
f 2161 2156 2200 2193
f 2258 2136 2195 2246
f 2107 2098 2197 2196
f 2843 2155 2199 2855
f 2098 2107 2191 2192
f 2249 2162 2194 2247
f 2985 2107 2196 3001
f 2845 2853 2198 2184
f 2184 2198 2163 2168
f 2170 2185 2166 2164
f 2858 2856 2203 2211
f 2859 2857 2204 2212
f 2214 2206 2209 2217
f 2213 2212 2204 2205
f 2211 2203 2206 2214
f 2108 2091 2208 2210
f 2259 2135 2207 2245
f 2984 2108 2210 3002
f 2210 2208 2216 2218
f 2245 2207 2215 2244
f 3002 2210 2218 3003
f 2848 2858 2211 2171
f 2847 2859 2212 2173
f 2177 2214 2217 2174
f 2175 2173 2212 2213
f 2171 2211 2214 2177
f 2150 2222 2223 2152
f 2250 2248 2219 2146
f 2144 2220 2226 2140
f 2179 2237 2227 2135
f 2194 2239 2228 2136
f 3270 3277 2230 2138
f 2146 2219 2243 2233
f 2123 2120 2231 2232
f 2120 2146 2233 2231
f 2219 2147 2234 2243
f 2138 2230 2235 2162
f 2275 2178 2238 2281
f 2195 2240 2236 2167
f 2215 2242 2238 2178
f 2167 2236 2237 2179
f 2162 2235 2239 2194
f 2136 2228 2240 2195
f 2135 2227 2241 2207
f 2207 2241 2242 2215
f 3011 2249 2247 3009
f 3280 3276 2252 2993
f 2993 2252 2249 3011
f 3007 2244 2253 3014
f 2988 3013 2250 2260
f 2991 2258 2246 3008
f 2990 2259 2245 3010
f 3004 3015 2255 2248
f 3016 2256 2259 2990
f 3009 2247 2258 2991
f 3017 2254 2256 3016
f 3013 3004 2248 2250
f 3012 2988 2260 2251
f 3010 2245 2244 3007
f 3022 3014 2253 2282
f 3008 2246 2254 3017
f 2270 2251 2123 2262
f 2127 2265 2261 2124
f 2232 2269 2262 2123
f 2839 2862 2265 2127
f 2263 2125 2129 2267
f 2126 2264 2266 2128
f 3012 3019 2264 2126
f 2838 2863 2267 2129
f 3018 2989 2125 2263
f 2124 2261 2268 2134
f 3019 3020 2272 2264
f 3018 2263 2272 3020
f 2263 2267 2271 2272
f 2272 2271 2266 2264
f 2864 2261 2265 2862
f 2864 2271 2267 2863
f 2847 2865 2277 2174
f 2177 2278 2276 2171
f 2255 2282 2275 2147
f 2175 2273 2274 2173
f 2995 3021 2279 2149
f 2848 2866 2280 2172
f 2174 2277 2278 2177
f 2149 2279 2280 2153
f 2147 2275 2281 2234
f 3015 3022 2282 2255
f 2892 2870 2287 2390
f 2891 2869 2289 2358
f 2355 2323 2288 2357
f 3294 2324 2295 3296
f 3290 2872 2294 3287
f 3291 2871 2296 3297
f 2895 2867 2286 2395
f 2896 2868 2284 2396
f 2398 2322 2285 2401
f 3037 2372 2300 3023
f 2385 2392 2288 2323
f 3039 2383 2299 3024
f 3282 3285 2306 3026
f 2350 2347 2292 2302
f 2397 2396 2284 2304
f 3284 3297 2296 2301
f 2356 2358 2289 2303
f 2372 2374 2283 2300
f 3285 3286 2291 2306
f 2352 2351 2306 2291
f 2893 2393 2287 2870
f 2894 2391 2289 2869
f 2890 2899 2413 2343
f 2340 2416 2417 2346
f 3033 3045 2412 2336
f 2885 2900 2418 2345
f 2343 2413 2416 2340
f 2880 2875 2307 2332
f 2317 2309 2307 2321
f 2335 2311 2310 2333
f 3028 3044 2309 2317
f 2879 2876 2313 2334
f 2443 2452 2312 2315
f 2337 2314 2308 2331
f 2334 2313 2314 2337
f 2313 2319 2316 2314
f 2314 2316 2326 2308
f 2390 2287 2323 2355
f 3287 2294 2324 3294
f 2395 2286 2322 2398
f 2448 2371 2327 2451
f 2393 2385 2323 2287
f 2439 2386 2328 2450
f 3289 3295 2330 2444
f 2452 2442 2338 2312
f 2876 2878 2319 2313
f 3044 3033 2336 2309
f 2311 2318 2320 2310
f 2309 2336 2332 2307
f 2875 2877 2321 2307
f 2440 2447 2339 2411
f 2412 2341 2345 2418
f 2899 2879 2334 2413
f 3045 3034 2341 2412
f 2413 2334 2337 2416
f 2414 2335 2333 2415
f 2416 2337 2331 2417
f 2900 2880 2332 2418
f 2904 2890 2343 2469
f 2470 2340 2346 2468
f 2474 2445 2370 2467
f 2325 2293 2348 2353
f 3026 2306 2351 3035
f 2394 2391 2347 2350
f 2384 2383 2351 2352
f 2873 2298 2349 2881
f 2874 2292 2347 2882
f 2298 2325 2353 2349
f 2444 2330 2354 2441
f 2381 2360 2375 2380
f 2465 2342 2344 2466
f 2888 2883 2377 2379
f 3060 3038 2368 2471
f 2410 2408 2364 2368
f 3040 2388 2361 3036
f 2438 2387 2359 2446
f 2868 2888 2379 2284
f 2373 2376 2360 2381
f 2889 2884 2376 2373
f 2349 2353 2385 2393
f 2382 2379 2377 2362
f 2446 2359 2371 2448
f 2388 2389 2378 2361
f 2905 2885 2345 2472
f 2881 2349 2393 2893
f 2469 2343 2340 2470
f 2360 2355 2357 2375
f 2436 2407 2370 2445
f 2867 2889 2373 2286
f 2322 2381 2380 2285
f 2304 2284 2379 2382
f 3042 2410 2368 3038
f 2471 2368 2364 2472
f 2883 2891 2358 2377
f 2361 2378 2374 2372
f 3036 2361 2372 3037
f 2286 2373 2381 2322
f 2303 2289 2391 2394
f 3035 2351 2383 3039
f 2353 2348 2392 2385
f 2450 2328 2387 2438
f 2299 2290 2389 2388
f 2882 2347 2391 2894
f 2290 2299 2383 2384
f 2441 2354 2386 2439
f 3024 2299 2388 3040
f 2884 2892 2390 2376
f 2376 2390 2355 2360
f 2362 2377 2358 2356
f 2897 2895 2395 2403
f 2898 2896 2396 2404
f 2406 2398 2401 2409
f 2405 2404 2396 2397
f 2403 2395 2398 2406
f 2300 2283 2400 2402
f 2451 2327 2399 2437
f 3023 2300 2402 3041
f 2402 2400 2408 2410
f 2437 2399 2407 2436
f 3041 2402 2410 3042
f 2887 2897 2403 2363
f 2886 2898 2404 2365
f 2369 2406 2409 2366
f 2367 2365 2404 2405
f 2363 2403 2406 2369
f 2342 2414 2415 2344
f 2442 2440 2411 2338
f 2336 2412 2418 2332
f 2371 2429 2419 2327
f 2386 2431 2420 2328
f 3295 3288 2422 2330
f 2338 2411 2435 2425
f 2315 2312 2423 2424
f 2312 2338 2425 2423
f 2411 2339 2426 2435
f 2330 2422 2427 2354
f 2467 2370 2430 2473
f 2387 2432 2428 2359
f 2407 2434 2430 2370
f 2359 2428 2429 2371
f 2354 2427 2431 2386
f 2328 2420 2432 2387
f 2327 2419 2433 2399
f 2399 2433 2434 2407
f 3050 2441 2439 3048
f 3283 3289 2444 3032
f 3032 2444 2441 3050
f 3046 2436 2445 3053
f 3027 3052 2442 2452
f 3030 2450 2438 3047
f 3029 2451 2437 3049
f 3043 3054 2447 2440
f 3055 2448 2451 3029
f 3048 2439 2450 3030
f 3056 2446 2448 3055
f 3052 3043 2440 2442
f 3051 3027 2452 2443
f 3049 2437 2436 3046
f 3061 3053 2445 2474
f 3047 2438 2446 3056
f 2462 2443 2315 2454
f 2319 2457 2453 2316
f 2424 2461 2454 2315
f 2878 2901 2457 2319
f 2455 2317 2321 2459
f 2318 2456 2458 2320
f 3051 3058 2456 2318
f 2877 2902 2459 2321
f 3057 3028 2317 2455
f 2316 2453 2460 2326
f 3058 3059 2464 2456
f 3057 2455 2464 3059
f 2455 2459 2463 2464
f 2464 2463 2458 2456
f 2903 2453 2457 2901
f 2903 2463 2459 2902
f 2886 2904 2469 2366
f 2369 2470 2468 2363
f 2447 2474 2467 2339
f 2367 2465 2466 2365
f 3034 3060 2471 2341
f 2887 2905 2472 2364
f 2366 2469 2470 2369
f 2341 2471 2472 2345
f 2339 2467 2473 2426
f 3054 3061 2474 2447
f 2931 2909 2479 2582
f 2930 2908 2481 2550
f 2547 2515 2480 2549
f 3301 2516 2487 3279
f 3303 2911 2486 3292
f 3302 2910 2488 3278
f 2934 2906 2478 2587
f 2935 2907 2476 2588
f 2590 2514 2477 2593
f 3076 2564 2492 3062
f 2577 2584 2480 2515
f 3078 2575 2491 3063
f 3299 3309 2498 3065
f 2542 2539 2484 2494
f 2589 2588 2476 2496
f 3308 3278 2488 2493
f 2548 2550 2481 2495
f 2564 2566 2475 2492
f 3309 3293 2483 2498
f 2544 2543 2498 2483
f 2932 2585 2479 2909
f 2933 2583 2481 2908
f 2929 2938 2605 2535
f 2532 2608 2609 2538
f 3072 3084 2604 2528
f 2924 2939 2610 2537
f 2535 2605 2608 2532
f 2919 2914 2499 2524
f 2509 2501 2499 2513
f 2527 2503 2502 2525
f 3067 3083 2501 2509
f 2918 2915 2505 2526
f 2635 2644 2504 2507
f 2529 2506 2500 2523
f 2526 2505 2506 2529
f 2505 2511 2508 2506
f 2506 2508 2518 2500
f 2582 2479 2515 2547
f 3292 2486 2516 3301
f 2587 2478 2514 2590
f 2640 2563 2519 2643
f 2585 2577 2515 2479
f 2631 2578 2520 2642
f 3310 3300 2522 2636
f 2644 2634 2530 2504
f 2915 2917 2511 2505
f 3083 3072 2528 2501
f 2503 2510 2512 2502
f 2501 2528 2524 2499
f 2914 2916 2513 2499
f 2632 2639 2531 2603
f 2604 2533 2537 2610
f 2938 2918 2526 2605
f 3084 3073 2533 2604
f 2605 2526 2529 2608
f 2606 2527 2525 2607
f 2608 2529 2523 2609
f 2939 2919 2524 2610
f 2943 2929 2535 2661
f 2662 2532 2538 2660
f 2666 2637 2562 2659
f 2517 2485 2540 2545
f 3065 2498 2543 3074
f 2586 2583 2539 2542
f 2576 2575 2543 2544
f 2912 2490 2541 2920
f 2913 2484 2539 2921
f 2490 2517 2545 2541
f 2636 2522 2546 2633
f 2573 2552 2567 2572
f 2657 2534 2536 2658
f 2927 2922 2569 2571
f 3099 3077 2560 2663
f 2602 2600 2556 2560
f 3079 2580 2553 3075
f 2630 2579 2551 2638
f 2907 2927 2571 2476
f 2565 2568 2552 2573
f 2928 2923 2568 2565
f 2541 2545 2577 2585
f 2574 2571 2569 2554
f 2638 2551 2563 2640
f 2580 2581 2570 2553
f 2944 2924 2537 2664
f 2920 2541 2585 2932
f 2661 2535 2532 2662
f 2552 2547 2549 2567
f 2628 2599 2562 2637
f 2906 2928 2565 2478
f 2514 2573 2572 2477
f 2496 2476 2571 2574
f 3081 2602 2560 3077
f 2663 2560 2556 2664
f 2922 2930 2550 2569
f 2553 2570 2566 2564
f 3075 2553 2564 3076
f 2478 2565 2573 2514
f 2495 2481 2583 2586
f 3074 2543 2575 3078
f 2545 2540 2584 2577
f 2642 2520 2579 2630
f 2491 2482 2581 2580
f 2921 2539 2583 2933
f 2482 2491 2575 2576
f 2633 2546 2578 2631
f 3063 2491 2580 3079
f 2923 2931 2582 2568
f 2568 2582 2547 2552
f 2554 2569 2550 2548
f 2936 2934 2587 2595
f 2937 2935 2588 2596
f 2598 2590 2593 2601
f 2597 2596 2588 2589
f 2595 2587 2590 2598
f 2492 2475 2592 2594
f 2643 2519 2591 2629
f 3062 2492 2594 3080
f 2594 2592 2600 2602
f 2629 2591 2599 2628
f 3080 2594 2602 3081
f 2926 2936 2595 2555
f 2925 2937 2596 2557
f 2561 2598 2601 2558
f 2559 2557 2596 2597
f 2555 2595 2598 2561
f 2534 2606 2607 2536
f 2634 2632 2603 2530
f 2528 2604 2610 2524
f 2563 2621 2611 2519
f 2578 2623 2612 2520
f 3300 3311 2614 2522
f 2530 2603 2627 2617
f 2507 2504 2615 2616
f 2504 2530 2617 2615
f 2603 2531 2618 2627
f 2522 2614 2619 2546
f 2659 2562 2622 2665
f 2579 2624 2620 2551
f 2599 2626 2622 2562
f 2551 2620 2621 2563
f 2546 2619 2623 2578
f 2520 2612 2624 2579
f 2519 2611 2625 2591
f 2591 2625 2626 2599
f 3089 2633 2631 3087
f 3298 3310 2636 3071
f 3071 2636 2633 3089
f 3085 2628 2637 3092
f 3066 3091 2634 2644
f 3069 2642 2630 3086
f 3068 2643 2629 3088
f 3082 3093 2639 2632
f 3094 2640 2643 3068
f 3087 2631 2642 3069
f 3095 2638 2640 3094
f 3091 3082 2632 2634
f 3090 3066 2644 2635
f 3088 2629 2628 3085
f 3100 3092 2637 2666
f 3086 2630 2638 3095
f 2654 2635 2507 2646
f 2511 2649 2645 2508
f 2616 2653 2646 2507
f 2917 2940 2649 2511
f 2647 2509 2513 2651
f 2510 2648 2650 2512
f 3090 3097 2648 2510
f 2916 2941 2651 2513
f 3096 3067 2509 2647
f 2508 2645 2652 2518
f 3097 3098 2656 2648
f 3096 2647 2656 3098
f 2647 2651 2655 2656
f 2656 2655 2650 2648
f 2942 2645 2649 2940
f 2942 2655 2651 2941
f 2925 2943 2661 2558
f 2561 2662 2660 2555
f 2639 2666 2659 2531
f 2559 2657 2658 2557
f 3073 3099 2663 2533
f 2926 2944 2664 2556
f 2558 2661 2662 2561
f 2533 2663 2664 2537
f 2531 2659 2665 2618
f 3093 3100 2666 2639
f 2728 2667 2670 2723
f 2729 2669 2668 2724
f 2726 2688 2669 2729
f 2752 2716 2671 2747
f 2725 2724 2668 2672
f 2716 2718 2667 2671
f 2704 2743 2741 2703
f 2700 2744 2745 2706
f 2750 2756 2740 2696
f 2706 2745 2746 2705
f 2703 2741 2744 2700
f 2691 2674 2673 2692
f 2683 2675 2673 2687
f 2695 2677 2676 2693
f 2749 2748 2675 2683
f 2693 2676 2679 2694
f 2761 2766 2678 2681
f 2697 2680 2674 2691
f 2694 2679 2680 2697
f 2679 2685 2682 2680
f 2680 2682 2689 2674
f 2723 2670 2688 2726
f 2764 2715 2690 2765
f 2766 2760 2698 2678
f 2676 2686 2685 2679
f 2748 2750 2696 2675
f 2677 2684 2686 2676
f 2675 2696 2692 2673
f 2674 2689 2687 2673
f 2759 2763 2699 2739
f 2740 2701 2705 2746
f 2743 2693 2694 2741
f 2756 2751 2701 2740
f 2741 2694 2697 2744
f 2742 2695 2693 2743
f 2744 2697 2691 2745
f 2745 2691 2692 2746
f 2780 2704 2703 2783
f 2784 2700 2706 2782
f 2788 2762 2714 2781
f 2779 2702 2704 2780
f 2787 2753 2712 2785
f 2738 2736 2708 2712
f 2669 2720 2719 2668
f 2782 2706 2705 2786
f 2783 2703 2700 2784
f 2757 2735 2714 2762
f 2667 2718 2717 2670
f 2688 2721 2720 2669
f 2672 2668 2719 2722
f 2755 2738 2712 2753
f 2785 2712 2708 2786
f 2670 2717 2721 2688
f 2736 2728 2723 2731
f 2737 2729 2724 2732
f 2734 2726 2729 2737
f 2733 2732 2724 2725
f 2731 2723 2726 2734
f 2671 2667 2728 2730
f 2765 2690 2727 2758
f 2747 2671 2730 2754
f 2730 2728 2736 2738
f 2758 2727 2735 2757
f 2754 2730 2738 2755
f 2708 2736 2731 2707
f 2710 2737 2732 2709
f 2713 2734 2737 2710
f 2711 2709 2732 2733
f 2707 2731 2734 2713
f 2702 2742 2743 2704
f 2760 2759 2739 2698
f 2696 2740 2746 2692
f 2715 2752 2747 2690
f 2698 2739 2756 2750
f 2681 2678 2748 2749
f 2678 2698 2750 2748
f 2739 2699 2751 2756
f 2781 2714 2753 2787
f 2735 2755 2753 2714
f 2690 2747 2754 2727
f 2727 2754 2755 2735
f 2733 2757 2762 2711
f 2677 2695 2760 2766
f 2672 2765 2758 2725
f 2742 2702 2763 2759
f 2722 2764 2765 2672
f 2695 2742 2759 2760
f 2684 2677 2766 2761
f 2725 2758 2757 2733
f 2779 2711 2762 2788
f 2776 2761 2681 2768
f 2685 2771 2767 2682
f 2749 2775 2768 2681
f 2686 2772 2771 2685
f 2769 2683 2687 2773
f 2684 2770 2772 2686
f 2761 2776 2770 2684
f 2689 2774 2773 2687
f 2775 2749 2683 2769
f 2682 2767 2774 2689
f 2776 2768 2778 2770
f 2775 2769 2778 2768
f 2769 2773 2777 2778
f 2778 2777 2772 2770
f 2777 2767 2771 2772
f 2767 2777 2773 2774
f 2709 2780 2783 2710
f 2713 2784 2782 2707
f 2763 2788 2781 2699
f 2711 2779 2780 2709
f 2751 2787 2785 2701
f 2707 2782 2786 2708
f 2710 2783 2784 2713
f 2701 2785 2786 2705
f 2699 2781 2787 2751
f 2702 2779 2788 2763
f 2005 1906 2792 2814
f 1973 1904 2791 2813
f 3256 1913 2794 3266
f 3258 1911 2793 3267
f 2016 1899 2789 2817
f 2017 1901 2790 2818
f 2000 2815 2792 1906
f 2008 2816 2791 1904
f 1960 2031 2821 2812
f 1962 2033 2822 2807
f 1947 1924 2797 2802
f 1949 1926 2798 2801
f 1926 1936 2800 2798
f 1924 1942 2799 2797
f 2031 1949 2801 2821
f 2033 1947 2802 2822
f 2082 1960 2812 2826
f 1907 2795 2803 1968
f 1909 2796 2804 1964
f 1996 1991 2805 2810
f 1901 1996 2810 2790
f 1990 1994 2806 2811
f 2084 1962 2807 2827
f 1968 2803 2815 2000
f 1899 1990 2811 2789
f 1991 1973 2813 2805
f 1964 2804 2816 2008
f 1994 2005 2814 2806
f 2024 2016 2817 2819
f 2025 2017 2818 2820
f 1980 2024 2819 2809
f 1982 2025 2820 2808
f 1936 2074 2823 2800
f 1942 2076 2824 2799
f 2079 2825 2823 2074
f 2069 2825 2824 2076
f 1981 2082 2826 2808
f 1979 2084 2827 2809
f 2197 2098 2831 2853
f 2165 2096 2830 2852
f 3307 2105 2833 3275
f 3305 2103 2832 3274
f 2208 2091 2828 2856
f 2209 2093 2829 2857
f 2192 2854 2831 2098
f 2200 2855 2830 2096
f 2152 2223 2860 2851
f 2154 2225 2861 2846
f 2139 2116 2836 2841
f 2141 2118 2837 2840
f 2118 2128 2839 2837
f 2116 2134 2838 2836
f 2223 2141 2840 2860
f 2225 2139 2841 2861
f 2274 2152 2851 2865
f 2099 2834 2842 2160
f 2101 2835 2843 2156
f 2188 2183 2844 2849
f 2093 2188 2849 2829
f 2182 2186 2845 2850
f 2276 2154 2846 2866
f 2160 2842 2854 2192
f 2091 2182 2850 2828
f 2183 2165 2852 2844
f 2156 2843 2855 2200
f 2186 2197 2853 2845
f 2216 2208 2856 2858
f 2217 2209 2857 2859
f 2172 2216 2858 2848
f 2174 2217 2859 2847
f 2128 2266 2862 2839
f 2134 2268 2863 2838
f 2271 2864 2862 2266
f 2261 2864 2863 2268
f 2173 2274 2865 2847
f 2171 2276 2866 2848
f 2389 2290 2870 2892
f 2357 2288 2869 2891
f 3286 2297 2872 3290
f 3296 2295 2871 3291
f 2400 2283 2867 2895
f 2401 2285 2868 2896
f 2384 2893 2870 2290
f 2392 2894 2869 2288
f 2344 2415 2899 2890
f 2346 2417 2900 2885
f 2331 2308 2875 2880
f 2333 2310 2876 2879
f 2310 2320 2878 2876
f 2308 2326 2877 2875
f 2415 2333 2879 2899
f 2417 2331 2880 2900
f 2466 2344 2890 2904
f 2291 2873 2881 2352
f 2293 2874 2882 2348
f 2380 2375 2883 2888
f 2285 2380 2888 2868
f 2374 2378 2884 2889
f 2468 2346 2885 2905
f 2352 2881 2893 2384
f 2283 2374 2889 2867
f 2375 2357 2891 2883
f 2348 2882 2894 2392
f 2378 2389 2892 2884
f 2408 2400 2895 2897
f 2409 2401 2896 2898
f 2364 2408 2897 2887
f 2366 2409 2898 2886
f 2320 2458 2901 2878
f 2326 2460 2902 2877
f 2463 2903 2901 2458
f 2453 2903 2902 2460
f 2365 2466 2904 2886
f 2363 2468 2905 2887
f 2581 2482 2909 2931
f 2549 2480 2908 2930
f 3293 2489 2911 3303
f 3279 2487 2910 3302
f 2592 2475 2906 2934
f 2593 2477 2907 2935
f 2576 2932 2909 2482
f 2584 2933 2908 2480
f 2536 2607 2938 2929
f 2538 2609 2939 2924
f 2523 2500 2914 2919
f 2525 2502 2915 2918
f 2502 2512 2917 2915
f 2500 2518 2916 2914
f 2607 2525 2918 2938
f 2609 2523 2919 2939
f 2658 2536 2929 2943
f 2483 2912 2920 2544
f 2485 2913 2921 2540
f 2572 2567 2922 2927
f 2477 2572 2927 2907
f 2566 2570 2923 2928
f 2660 2538 2924 2944
f 2544 2920 2932 2576
f 2475 2566 2928 2906
f 2567 2549 2930 2922
f 2540 2921 2933 2584
f 2570 2581 2931 2923
f 2600 2592 2934 2936
f 2601 2593 2935 2937
f 2556 2600 2936 2926
f 2558 2601 2937 2925
f 2512 2650 2940 2917
f 2518 2652 2941 2916
f 2655 2942 2940 2650
f 2645 2942 2941 2652
f 2557 2658 2943 2925
f 2555 2660 2944 2926
f 2045 2959 2945 2035
f 2047 2961 2946 2036
f 3264 3268 2948 2038
f 2041 2051 2967 2955
f 2040 2039 2966 2950
f 2039 2041 2955 2966
f 2051 2042 2956 2967
f 2038 2948 2957 2043
f 2089 2046 2960 2982
f 2048 2962 2958 2044
f 2050 2964 2960 2046
f 2044 2958 2959 2045
f 2043 2957 2961 2047
f 2036 2946 2962 2048
f 2035 2945 2963 2049
f 2049 2963 2964 2050
f 1966 2972 2970 2010
f 3260 3269 2954 1918
f 1918 2954 2972 1966
f 2021 2968 2975 1983
f 1927 1951 2974 2949
f 1919 2952 2969 1972
f 1920 2951 2971 2013
f 2030 1958 2976 2965
f 1998 2977 2951 1920
f 2010 2970 2952 1919
f 1978 2978 2977 1998
f 1951 2030 2965 2974
f 1934 1927 2949 2973
f 2013 2971 2968 2021
f 2081 1983 2975 2983
f 1972 2969 2978 1978
f 2059 2078 2980 2973
f 2077 2040 2950 2979
f 2078 2070 2981 2980
f 2077 2979 2981 2070
f 2042 2089 2982 2956
f 1958 2081 2983 2976
f 2237 2998 2984 2227
f 2239 3000 2985 2228
f 3277 3281 2987 2230
f 2233 2243 3006 2994
f 2232 2231 3005 2989
f 2231 2233 2994 3005
f 2243 2234 2995 3006
f 2230 2987 2996 2235
f 2281 2238 2999 3021
f 2240 3001 2997 2236
f 2242 3003 2999 2238
f 2236 2997 2998 2237
f 2235 2996 3000 2239
f 2228 2985 3001 2240
f 2227 2984 3002 2241
f 2241 3002 3003 2242
f 2158 3011 3009 2202
f 3273 3280 2993 2110
f 2110 2993 3011 2158
f 2213 3007 3014 2175
f 2119 2143 3013 2988
f 2111 2991 3008 2164
f 2112 2990 3010 2205
f 2222 2150 3015 3004
f 2190 3016 2990 2112
f 2202 3009 2991 2111
f 2170 3017 3016 2190
f 2143 2222 3004 3013
f 2126 2119 2988 3012
f 2205 3010 3007 2213
f 2273 2175 3014 3022
f 2164 3008 3017 2170
f 2251 2270 3019 3012
f 2269 2232 2989 3018
f 2270 2262 3020 3019
f 2269 3018 3020 2262
f 2234 2281 3021 2995
f 2150 2273 3022 3015
f 2429 3037 3023 2419
f 2431 3039 3024 2420
f 3288 3282 3026 2422
f 2425 2435 3045 3033
f 2424 2423 3044 3028
f 2423 2425 3033 3044
f 2435 2426 3034 3045
f 2422 3026 3035 2427
f 2473 2430 3038 3060
f 2432 3040 3036 2428
f 2434 3042 3038 2430
f 2428 3036 3037 2429
f 2427 3035 3039 2431
f 2420 3024 3040 2432
f 2419 3023 3041 2433
f 2433 3041 3042 2434
f 2350 3050 3048 2394
f 3284 3283 3032 2302
f 2302 3032 3050 2350
f 2405 3046 3053 2367
f 2311 2335 3052 3027
f 2303 3030 3047 2356
f 2304 3029 3049 2397
f 2414 2342 3054 3043
f 2382 3055 3029 2304
f 2394 3048 3030 2303
f 2362 3056 3055 2382
f 2335 2414 3043 3052
f 2318 2311 3027 3051
f 2397 3049 3046 2405
f 2465 2367 3053 3061
f 2356 3047 3056 2362
f 2443 2462 3058 3051
f 2461 2424 3028 3057
f 2462 2454 3059 3058
f 2461 3057 3059 2454
f 2426 2473 3060 3034
f 2342 2465 3061 3054
f 2621 3076 3062 2611
f 2623 3078 3063 2612
f 3311 3299 3065 2614
f 2617 2627 3084 3072
f 2616 2615 3083 3067
f 2615 2617 3072 3083
f 2627 2618 3073 3084
f 2614 3065 3074 2619
f 2665 2622 3077 3099
f 2624 3079 3075 2620
f 2626 3081 3077 2622
f 2620 3075 3076 2621
f 2619 3074 3078 2623
f 2612 3063 3079 2624
f 2611 3062 3080 2625
f 2625 3080 3081 2626
f 2542 3089 3087 2586
f 3308 3298 3071 2494
f 2494 3071 3089 2542
f 2597 3085 3092 2559
f 2503 2527 3091 3066
f 2495 3069 3086 2548
f 2496 3068 3088 2589
f 2606 2534 3093 3082
f 2574 3094 3068 2496
f 2586 3087 3069 2495
f 2554 3095 3094 2574
f 2527 2606 3082 3091
f 2510 2503 3066 3090
f 2589 3088 3085 2597
f 2657 2559 3092 3100
f 2548 3086 3095 2554
f 2635 2654 3097 3090
f 2653 2616 3067 3096
f 2654 2646 3098 3097
f 2653 3096 3098 2646
f 2618 2665 3099 3073
f 2534 2657 3100 3093
f 2324 3117 3116 2295
f 2257 3114 3112 2137
f 3125 2516 2486 3121
f 3132 3070 2493 3124
f 2794 3129 3101 1910
f 3131 2947 2037 3107
f 2516 3125 3122 2487
f 3130 2910 2487 3122
f 2641 3128 3126 2521
f 3070 3132 3128 2641
f 2449 3120 3118 2329
f 3129 2794 1913 3103
f 3113 2229 2137 3112
f 3111 2132 2102 3109
f 3107 2037 1945 3106
f 3127 2613 2521 3126
f 2947 3131 3104 1921
f 3119 2421 2329 3118
f 2132 3111 3110 2103
f 3105 1940 1910 3101
f 3103 1913 1921 3104
f 3124 2493 2488 3123
f 2910 3130 3123 2488
f 2065 3108 3106 1945
f 3117 2324 2294 3115
f 1940 3105 3102 1911
f 3811 3119 3118 3810
f 3814 3145 3143 3813
f 3815 3127 3126 3816
f 3154 3209 3191 3156
f 3809 3113 3112 3813
f 3819 3151 3149 3810
f 3818 3139 3137 3812
f 3165 3139 3144 3168
f 3151 3157 3662 3160
f 2871 2295 3116 3255
f 3165 3164 3137 3139
f 3165 3181 3178 3164
f 3145 3169 3167 3143
f 3177 3158 3135 3161
f 3168 3144 3143 3167
f 3195 3115 2294 2872
f 3187 3185 3221 3160
f 3183 3168 3167 3182
f 3160 3221 3149 3151
f 3169 3184 3182 3167
f 3210 3192 3188 3207
f 3250 3198 3214 3244
f 3192 3210 3208 3189
f 3244 3214 3224 3225
f 3216 3226 3225 3224
f 3871 3666 3236 3855
f 3200 3245 3226 3216
f 3666 3674 3233 3236
f 3198 3250 3243 3215
f 3667 3247 3253 3676
f 3668 3239 3228 3672
f 3669 3246 3240 3664
f 3676 3253 3196 3673
f 3243 3254 3175 3249
f 2832 2103 3110 3238
f 3672 3228 3231 3664
f 3663 3252 3246 3669
f 3668 3176 3247 3667
f 3222 3244 3225 3174
f 3249 3175 3162 3251
f 3582 3581 3188 3192
f 3215 3243 3249 3199
f 3188 3581 3213 3245
f 1941 3262 3258 1909
f 2795 3266 3257 1914
f 2796 3267 3259 1908
f 2947 1921 3261 3268
f 1918 1908 3259 3260
f 1921 1913 3256 3261
f 1914 3257 3262 1941
f 2065 1945 3263 3265
f 1945 2037 3264 3263
f 2953 2065 3265 3269
f 1907 3256 3266 2795
f 1909 3258 3267 2796
f 2037 2947 3268 3264
f 1917 2953 3269 3260
f 2992 2257 3276 3280
f 2834 3275 3306 2106
f 2835 3274 3304 2100
f 2110 2100 3304 3273
f 2302 2292 3297 3284
f 2986 2113 3272 3281
f 3031 2449 3289 3283
f 2329 2421 3288 3295
f 2257 2137 3270 3276
f 2298 3287 3294 2325
f 2229 2986 3281 3277
f 2101 3305 3274 2835
f 2874 3291 3297 2292
f 2099 3307 3275 2834
f 2873 3290 3287 2298
f 2109 2992 3280 3273
f 2137 2229 3277 3270
f 2521 2613 3311 3300
f 2106 3306 3271 2133
f 2113 2105 3307 3272
f 2421 3025 3282 3288
f 2133 3271 3305 2101
f 2301 3031 3283 3284
f 2641 2521 3300 3310
f 3025 2305 3285 3282
f 2517 3301 3279 2485
f 3064 2497 3309 3299
f 2912 3303 3292 2490
f 2293 3296 3291 2874
f 2305 2297 3286 3285
f 2325 3294 3296 2293
f 2291 3286 3290 2873
f 2449 2329 3295 3289
f 2485 3279 3302 2913
f 2490 3292 3301 2517
f 2613 3064 3299 3311
f 3070 2641 3310 3298
f 2483 3293 3303 2912
f 2493 3070 3298 3308
f 2497 2489 3293 3309
f 2913 3302 3278 2484
f 2494 2484 3278 3308
f 3327 1761 1751 3317
f 3320 1754 1753 3319
f 3312 1746 1756 3322
f 3319 1753 1757 3323
f 1749 3315 3316 1750
f 1762 3328 3324 1758
f 3323 1757 1758 3324
f 1750 3316 3317 1751
f 3856 3854 1759 3325
f 3318 1752 1746 3312
f 1752 3318 3313 1747
f 3325 1759 1760 3326
f 3322 1756 1755 3321
f 1747 3313 3314 1748
f 3326 1760 1761 3327
f 3321 1755 1754 3320
f 3340 3323 3324 3341
f 3316 3333 3334 3317
f 3857 3856 3325 3342
f 3335 3318 3312 3329
f 3318 3335 3330 3313
f 3342 3325 3326 3343
f 3339 3322 3321 3338
f 3313 3330 3331 3314
f 3343 3326 3327 3344
f 3338 3321 3320 3337
f 3344 3327 3317 3334
f 3337 3320 3319 3336
f 3329 3312 3322 3339
f 3336 3319 3323 3340
f 3315 3332 3333 3316
f 3328 3345 3341 3324
f 3858 3857 3342 3359
f 3352 3335 3329 3346
f 3335 3352 3347 3330
f 3359 3342 3343 3360
f 3356 3339 3338 3355
f 3330 3347 3348 3331
f 3360 3343 3344 3361
f 3355 3338 3337 3354
f 3361 3344 3334 3351
f 3354 3337 3336 3353
f 3346 3329 3339 3356
f 3353 3336 3340 3357
f 3332 3349 3350 3333
f 3345 3362 3358 3341
f 3357 3340 3341 3358
f 3333 3350 3351 3334
f 3376 3359 3360 3377
f 3373 3356 3355 3372
f 3347 3364 3365 3348
f 3377 3360 3361 3378
f 3372 3355 3354 3371
f 3378 3361 3351 3368
f 3371 3354 3353 3370
f 3363 3346 3356 3373
f 3370 3353 3357 3374
f 3349 3366 3367 3350
f 3362 3379 3375 3358
f 3374 3357 3358 3375
f 3350 3367 3368 3351
f 3859 3858 3359 3376
f 3369 3352 3346 3363
f 3352 3369 3364 3347
f 3860 3859 3376 3393
f 3386 3369 3363 3380
f 3369 3386 3381 3364
f 3393 3376 3377 3394
f 3390 3373 3372 3389
f 3364 3381 3382 3365
f 3394 3377 3378 3395
f 3389 3372 3371 3388
f 3395 3378 3368 3385
f 3388 3371 3370 3387
f 3380 3363 3373 3390
f 3387 3370 3374 3391
f 3366 3383 3384 3367
f 3379 3396 3392 3375
f 3391 3374 3375 3392
f 3367 3384 3385 3368
f 3410 3393 3394 3411
f 3407 3390 3389 3406
f 3381 3398 3399 3382
f 3411 3394 3395 3412
f 3406 3389 3388 3405
f 3412 3395 3385 3402
f 3405 3388 3387 3404
f 3397 3380 3390 3407
f 3404 3387 3391 3408
f 3383 3400 3401 3384
f 3396 3413 3409 3392
f 3408 3391 3392 3409
f 3384 3401 3402 3385
f 3861 3860 3393 3410
f 3403 3386 3380 3397
f 3386 3403 3398 3381
f 3428 3411 3412 3429
f 3423 3406 3405 3422
f 3429 3412 3402 3419
f 3422 3405 3404 3421
f 3414 3397 3407 3424
f 3421 3404 3408 3425
f 3400 3417 3418 3401
f 3413 3430 3426 3409
f 3425 3408 3409 3426
f 3401 3418 3419 3402
f 3862 3861 3410 3427
f 3420 3403 3397 3414
f 3403 3420 3415 3398
f 3427 3410 3411 3428
f 3424 3407 3406 3423
f 3398 3415 3416 3399
f 3446 3429 3419 3436
f 3439 3422 3421 3438
f 3431 3414 3424 3441
f 3438 3421 3425 3442
f 3417 3434 3435 3418
f 3430 3447 3443 3426
f 3442 3425 3426 3443
f 3418 3435 3436 3419
f 3863 3862 3427 3444
f 3437 3420 3414 3431
f 3420 3437 3432 3415
f 3444 3427 3428 3445
f 3441 3424 3423 3440
f 3415 3432 3433 3416
f 3445 3428 3429 3446
f 3440 3423 3422 3439
f 3448 3431 3441 3458
f 3455 3438 3442 3459
f 3434 3451 3452 3435
f 3447 3464 3460 3443
f 3459 3442 3443 3460
f 3435 3452 3453 3436
f 3864 3863 3444 3461
f 3454 3437 3431 3448
f 3437 3454 3449 3432
f 3461 3444 3445 3462
f 3458 3441 3440 3457
f 3432 3449 3450 3433
f 3462 3445 3446 3463
f 3457 3440 3439 3456
f 3463 3446 3436 3453
f 3456 3439 3438 3455
f 3464 3481 3477 3460
f 3476 3459 3460 3477
f 3452 3469 3470 3453
f 3865 3864 3461 3478
f 3471 3454 3448 3465
f 3454 3471 3466 3449
f 3478 3461 3462 3479
f 3475 3458 3457 3474
f 3449 3466 3467 3450
f 3479 3462 3463 3480
f 3474 3457 3456 3473
f 3480 3463 3453 3470
f 3473 3456 3455 3472
f 3465 3448 3458 3475
f 3472 3455 3459 3476
f 3451 3468 3469 3452
f 3866 3865 3478 3495
f 3488 3471 3465 3482
f 3471 3488 3483 3466
f 3495 3478 3479 3496
f 3492 3475 3474 3491
f 3466 3483 3484 3467
f 3496 3479 3480 3497
f 3491 3474 3473 3490
f 3497 3480 3470 3487
f 3490 3473 3472 3489
f 3482 3465 3475 3492
f 3489 3472 3476 3493
f 3468 3485 3486 3469
f 3481 3498 3494 3477
f 3493 3476 3477 3494
f 3469 3486 3487 3470
f 3512 3495 3496 3513
f 3509 3492 3491 3508
f 3483 3500 3501 3484
f 3513 3496 3497 3514
f 3508 3491 3490 3507
f 3514 3497 3487 3504
f 3507 3490 3489 3506
f 3499 3482 3492 3509
f 3506 3489 3493 3510
f 3485 3502 3503 3486
f 3498 3515 3511 3494
f 3510 3493 3494 3511
f 3486 3503 3504 3487
f 3867 3866 3495 3512
f 3505 3488 3482 3499
f 3488 3505 3500 3483
f 3530 3513 3514 3531
f 3525 3508 3507 3524
f 3531 3514 3504 3521
f 3524 3507 3506 3523
f 3516 3499 3509 3526
f 3523 3506 3510 3527
f 3502 3519 3520 3503
f 3515 3532 3528 3511
f 3527 3510 3511 3528
f 3503 3520 3521 3504
f 3868 3867 3512 3529
f 3522 3505 3499 3516
f 3505 3522 3517 3500
f 3529 3512 3513 3530
f 3526 3509 3508 3525
f 3500 3517 3518 3501
f 3548 3531 3521 3538
f 3541 3524 3523 3540
f 3533 3516 3526 3543
f 3540 3523 3527 3544
f 3519 3536 3537 3520
f 3532 3549 3545 3528
f 3544 3527 3528 3545
f 3520 3537 3538 3521
f 3869 3868 3529 3546
f 3539 3522 3516 3533
f 3522 3539 3534 3517
f 3546 3529 3530 3547
f 3543 3526 3525 3542
f 3517 3534 3535 3518
f 3547 3530 3531 3548
f 3542 3525 3524 3541
f 3885 3533 3543 3884
f 3887 3540 3544 3886
f 3889 3553 3554 3888
f 3891 3566 3562 3890
f 3886 3544 3545 3890
f 3888 3554 3555 3892
f 3903 3869 3546 3893
f 3894 3539 3533 3885
f 3894 3556 3551 3895
f 3893 3546 3547 3896
f 3884 3543 3542 3897
f 3895 3551 3552 3898
f 3896 3547 3548 3899
f 3897 3542 3541 3900
f 3899 3548 3538 3892
f 3900 3541 3540 3887
f 3245 3213 3579 3226
f 3250 3166 3254 3243
f 3158 3177 3251 3162
f 3166 3250 3244 3222
f 3148 3146 3174 3579
f 3142 3140 3254 3166
f 3226 3579 3174 3225
f 3155 3153 3122 3125
f 3577 3109 2102 2833
f 2793 1911 3102 3578
f 2833 2105 1912 2793
f 2793 3578 3577 2833
f 3125 3121 3152 3155
f 3581 3152 3121 3580
f 2872 2297 2104 2832
f 3579 3213 3147 3148
f 2832 3238 3195 2872
f 3213 3581 3580 3255
f 3582 3159 3153 3155
f 3192 3189 3159 3582
f 3580 3121 2486 2911
f 2871 3255 3580 2911
f 2911 2489 2296 2871
f 3155 3152 3581 3582
f 3170 3221 3185 3186
f 3914 3915 3552 3551
f 3913 3914 3551 3556
f 2716 3585 3587 2718
f 3591 2722 2719 3588
f 3592 2752 2715 3584
f 2764 3593 3584 2715
f 3589 2720 2721 3590
f 3588 2719 2720 3589
f 3593 2764 2722 3591
f 3590 2721 2717 3586
f 2752 3592 3585 2716
f 3586 2717 2718 3587
f 3600 3590 3586 3596
f 3596 3586 3587 3597
f 3592 3602 3595 3585
f 3601 3591 3588 3598
f 3585 3595 3597 3587
f 3602 3592 3584 3594
f 3593 3603 3594 3584
f 3603 3593 3591 3601
f 3599 3589 3590 3600
f 3598 3588 3589 3599
f 3609 3599 3600 3610
f 3608 3598 3599 3609
f 3610 3600 3596 3606
f 3606 3596 3597 3607
f 3602 3612 3605 3595
f 3611 3601 3598 3608
f 3595 3605 3607 3597
f 3612 3602 3594 3604
f 3603 3613 3604 3594
f 3613 3603 3601 3611
f 3622 3612 3604 3614
f 3613 3623 3614 3604
f 3623 3613 3611 3621
f 3619 3609 3610 3620
f 3618 3608 3609 3619
f 3620 3610 3606 3616
f 3616 3606 3607 3617
f 3612 3622 3615 3605
f 3621 3611 3608 3618
f 3605 3615 3617 3607
f 3622 3632 3625 3615
f 3631 3621 3618 3628
f 3615 3625 3627 3617
f 3632 3622 3614 3624
f 3623 3633 3624 3614
f 3633 3623 3621 3631
f 3629 3619 3620 3630
f 3628 3618 3619 3629
f 3630 3620 3616 3626
f 3626 3616 3617 3627
f 3640 3630 3626 3636
f 3636 3626 3627 3637
f 3632 3642 3635 3625
f 3641 3631 3628 3638
f 3625 3635 3637 3627
f 3642 3632 3624 3634
f 3633 3643 3634 3624
f 3643 3633 3631 3641
f 3639 3629 3630 3640
f 3638 3628 3629 3639
f 3173 3172 3636 3637
f 3193 3173 3637 3635
f 3205 3647 3646 3204
f 3204 3646 3645 3203
f 3203 3645 3644 3202
f 3647 3649 3648 3646
f 3649 3651 3650 3648
f 3651 3654 3653 3650
f 3217 3827 3679 3826
f 3654 3657 3656 3653
f 3657 3660 3659 3656
f 3671 3235 3829 3659
f 3179 3671 3659 3660
f 1917 1912 2105 2113
f 2109 2104 2297 2305
f 2953 1917 2113 2986
f 2986 2229 2065 2953
f 2229 3113 3108 2065
f 3818 3108 3113 3809
f 3178 3181 3205 3823
f 3168 3183 3181 3165
f 3194 3193 3635 3642
f 2992 2109 2305 3025
f 3025 2421 2257 2992
f 2301 2296 2489 2497
f 3031 2301 2497 3064
f 3064 2613 2449 3031
f 2613 3127 3120 2449
f 3819 3120 3127 3815
f 3170 3169 3145 3150
f 3186 3184 3169 3170
f 3221 3170 3150 3149
f 3811 3150 3145 3814
f 3114 2257 2421 3119
f 3157 3156 3191 3662
f 3663 3227 3233 3674
f 3245 3200 3207 3188
f 3162 3175 3134 3136
f 3162 3136 3133 3158
f 3166 3222 3141 3142
f 3189 3209 3154 3159
f 3211 3194 3642 3634
f 3220 3219 3674 3666
f 3229 3667 3676 3223
f 3252 3663 3674 3219
f 3227 3663 3669 3230
f 3223 3676 3673 3232
f 3176 3668 3672 3248
f 3230 3669 3664 3231
f 3239 3668 3667 3229
f 3248 3672 3664 3240
f 3191 3190 3678 3662
f 3656 3659 3829 3830
f 3160 3662 3678 3187
f 3653 3656 3830 3832
f 3212 3211 3634 3643
f 3643 3641 3820 3212
f 3180 3820 3641 3638
f 3237 3180 3638 3639
f 3639 3640 3675 3237
f 3673 3826 3679 3232
f 3665 3234 3241 3677
f 3677 3171 3242 3665
f 3208 3197 3209 3189
f 3201 3569 3827 3217
f 3913 3912 3573 3574
f 3912 3911 3572 3573
f 3911 3910 3571 3572
f 3910 3909 3575 3571
f 3909 3908 3583 3575
f 3901 3889 3536 3771
f 3770 3771 3536 3519
f 3774 3769 3502 3485
f 3688 3689 932 1463
f 3689 3690 931 932
f 3690 3691 930 931
f 3691 3692 929 930
f 3692 3693 1037 929
f 3693 3694 1035 1037
f 3694 3695 928 1035
f 3696 3695 785 996
f 3696 3697 743 1001
f 3698 3697 744 892
f 3698 3699 916 893
f 5298 3699 918 5296
f 295 294 5053 5055
f 5054 5053 294 293
f 3702 3701 730 400
f 5339 3702 400 374
f 3704 3703 405 442
f 3705 3704 442 443
f 3706 3705 443 504
f 3706 3707 430 502
f 3708 3707 444 445
f 3709 3708 445 446
f 3710 3709 446 530
f 3710 3711 545 528
f 3712 3711 547 564
f 3713 3712 564 581
f 3713 3714 596 579
f 3714 3715 613 596
f 3716 3715 615 632
f 3717 3716 632 649
f 3717 3718 664 647
f 3718 3719 681 664
f 3719 3720 698 681
f 3721 3720 700 699
f 3721 3722 680 697
f 3722 3723 663 680
f 3724 3723 665 648
f 3724 3725 629 646
f 3726 3725 631 614
f 3727 3726 614 597
f 3727 3728 578 595
f 3728 3729 561 578
f 3730 3729 563 546
f 3731 3730 546 529
f 3731 3732 435 527
f 3733 3732 437 434
f 3734 3733 434 431
f 3735 3734 431 500
f 3735 3736 426 501
f 3737 3736 428 425
f 3737 3738 403 423
f 5340 3739 380 370
f 3739 3740 713 380
f 278 5051 5054 293
f 278 339 5058 5051
f 3752 3688 1463 1518
f 3752 3753 1399 1514
f 3754 3753 1396 1386
f 3755 3754 1386 1376
f 3756 3755 1376 1366
f 3757 3756 1366 1358
f 3757 3758 1434 1359
f 3759 3758 1433 1675
f 3759 3760 1408 1681
f 3760 3761 1444 1408
f 3762 3761 1443 1417
f 3762 3763 1428 1418
f 3763 3764 1698 1428
f 3764 3765 1715 1698
f 3766 3765 1714 1731
f 3766 3767 1749 1732
f 3767 3768 3315 1749
f 3908 3907 3576 3583
f 3907 3906 3808 3576
f 1512 817 3689 3688
f 817 811 3690 3689
f 811 805 3691 3690
f 805 799 3692 3691
f 799 793 3693 3692
f 793 789 3694 3693
f 789 785 3695 3694
f 1001 928 3695 3696
f 996 744 3697 3696
f 893 743 3697 3698
f 892 918 3699 3698
f 277 336 368 276
f 5132 5058 339 5097
f 5132 5097 340 5056
f 381 726 3701 3702
f 362 381 3702 5339
f 424 404 3703 3704
f 427 424 3704 3705
f 502 427 3705 3706
f 504 444 3707 3706
f 433 430 3707 3708
f 436 433 3708 3709
f 528 436 3709 3710
f 530 547 3711 3710
f 562 545 3711 3712
f 579 562 3712 3713
f 581 598 3714 3713
f 598 615 3715 3714
f 630 613 3715 3716
f 647 630 3716 3717
f 649 666 3718 3717
f 666 683 3719 3718
f 683 700 3720 3719
f 697 698 3720 3721
f 699 682 3722 3721
f 682 665 3723 3722
f 646 663 3723 3724
f 648 631 3725 3724
f 612 629 3725 3726
f 595 612 3726 3727
f 597 580 3728 3727
f 580 563 3729 3728
f 544 561 3729 3730
f 527 544 3730 3731
f 529 437 3732 3731
f 432 435 3732 3733
f 429 432 3733 3734
f 501 429 3734 3735
f 500 428 3736 3735
f 423 426 3736 3737
f 425 408 3738 3737
f 369 379 3739 5340
f 379 712 3740 3739
f 5057 5056 340 341
f 5265 5264 3742 3741
f 5264 5263 3743 3742
f 5263 5262 3744 3743
f 5261 5260 3746 3745
f 5260 897 3747 3746
f 897 5319 3748 3747
f 5319 5266 3749 3748
f 5266 5320 3750 3749
f 5320 5321 3751 3750
f 1514 1512 3688 3752
f 1518 1396 3753 3752
f 1389 1399 3753 3754
f 1379 1389 3754 3755
f 1369 1379 3755 3756
f 1359 1369 3756 3757
f 1358 1433 3758 3757
f 1681 1434 3758 3759
f 1675 1407 3760 3759
f 1407 1443 3761 3760
f 1418 1444 3761 3762
f 1417 1427 3763 3762
f 1427 1697 3764 3763
f 1697 1714 3765 3764
f 1732 1715 3765 3766
f 1731 1748 3767 3766
f 1748 3314 3768 3767
f 3229 3223 3567 3574
f 3239 3229 3574 3573
f 3573 3572 3228 3239
f 3572 3571 3231 3228
f 3230 3231 3571 3575
f 3519 3502 3769 3770
f 3227 3230 3575 3583
f 3583 3576 3233 3227
f 3905 3906 3562 3566
f 3898 3552 3772 3901
f 3518 3535 3771 3770
f 1568 3776 3775 1562
f 1574 3777 3776 1568
f 1580 3778 3777 1574
f 1586 3779 3778 1580
f 1592 3780 3779 1586
f 1598 3781 3780 1592
f 1612 3782 3787 1690
f 1690 3787 3783 1686
f 1686 3783 3784 1687
f 1687 3784 3785 1688
f 1688 3785 3786 1689
f 1622 3788 3782 1612
f 1689 3786 3789 1711
f 1711 3789 3790 1728
f 1728 3790 3791 1745
f 1745 3791 3792 1762
f 3328 1762 3792 3793
f 3345 3328 3793 3794
f 3362 3345 3794 3795
f 3379 3362 3795 3796
f 3396 3379 3796 3797
f 3413 3396 3797 3798
f 3430 3413 3798 3799
f 3447 3430 3799 3800
f 3464 3447 3800 3801
f 3481 3464 3801 3802
f 3498 3481 3802 3803
f 3515 3498 3803 3804
f 3532 3515 3804 3805
f 3549 3532 3805 3806
f 3891 3549 3806 3902
f 3904 3905 3566 3807
f 3236 3233 3576 3808
f 3147 3213 3255 3116
f 3150 3811 3810 3149
f 3138 3131 3812 3137
f 3148 3147 3116 3117
f 3117 3115 3146 3148
f 3114 3814 3813 3112
f 3174 3146 3115 3195
f 3157 3815 3816 3156
f 3131 3107 3106 3812
f 3195 3238 3222 3174
f 3141 3222 3238 3110
f 3142 3141 3110 3111
f 3111 3109 3140 3142
f 3144 3809 3813 3143
f 3120 3819 3810 3118
f 3132 3124 3156 3816
f 3254 3140 3109 3577
f 3108 3818 3812 3106
f 3577 3578 3175 3254
f 3134 3175 3578 3102
f 3136 3134 3102 3105
f 3132 3816 3126 3128
f 3105 3101 3133 3136
f 3158 3133 3101 3129
f 3129 3103 3135 3158
f 3161 3135 3817 3837
f 3138 3163 3837 3817
f 3124 3123 3154 3156
f 3159 3154 3123 3130
f 3130 3122 3153 3159
f 3103 3104 3817 3135
f 3139 3818 3809 3144
f 3151 3819 3815 3157
f 3119 3811 3814 3114
f 3640 3636 3172 3675
f 3821 3822 3820 3180
f 3218 3821 3180 3237
f 3251 3206 3199 3249
f 3826 3673 3196 3824
f 3855 3236 3808 3873
f 3217 3218 3237 3675
f 3855 3873 3683 3234
f 3825 3206 3251 3177
f 3206 3825 3824 3196
f 3824 3825 3821 3218
f 3177 3161 3821 3825
f 3199 3206 3196 3253
f 3215 3199 3253 3247
f 3671 3179 3171 3677
f 3677 3241 3235 3671
f 3661 3234 3683 3681
f 3658 3661 3681 3682
f 3655 3658 3682 3684
f 3652 3655 3684 3686
f 3680 3652 3686 3685
f 3569 3680 3685 3773
f 3827 3569 3773 3687
f 3679 3827 3687 3568
f 3661 3828 3241 3234
f 3644 3569 3201 3202
f 3658 3670 3828 3661
f 3241 3828 3829 3235
f 3650 3653 3832 3834
f 3834 3836 3648 3650
f 3830 3829 3828 3670
f 3670 3831 3832 3830
f 3831 3833 3834 3832
f 3833 3835 3836 3834
f 3655 3831 3670 3658
f 3833 3831 3655 3652
f 3652 3680 3835 3833
f 3648 3836 3645 3646
f 3836 3835 3644 3645
f 3644 3835 3680 3569
f 3209 3197 3190 3191
f 3198 3215 3247 3176
f 3176 3248 3214 3198
f 3248 3240 3224 3214
f 3216 3224 3240 3246
f 3200 3216 3246 3252
f 3207 3200 3252 3219
f 3210 3207 3219 3220
f 3190 3197 3242 3171
f 3171 3179 3678 3190
f 3187 3678 3179 3660
f 3660 3657 3185 3187
f 3186 3185 3657 3654
f 3654 3651 3184 3186
f 3651 3649 3182 3184
f 3183 3182 3649 3647
f 3647 3205 3181 3183
f 3138 3817 3104 3131
f 3164 3178 3837 3163
f 3138 3137 3164 3163
f 3161 3837 3822 3821
f 3776 3839 3838 3775
f 3777 3840 3839 3776
f 3778 3841 3840 3777
f 3779 3842 3841 3778
f 3780 3843 3842 3779
f 3781 3844 3843 3780
f 3782 3845 3850 3787
f 3787 3850 3846 3783
f 3783 3846 3847 3784
f 3784 3847 3848 3785
f 3785 3848 3849 3786
f 3788 3872 3845 3782
f 3786 3849 3851 3789
f 3789 3851 3852 3790
f 3790 3852 3853 3791
f 3791 3853 3854 3792
f 3665 3871 3855 3234
f 3793 3792 3854 3856
f 3794 3793 3856 3857
f 3795 3794 3857 3858
f 3796 3795 3858 3859
f 3797 3796 3859 3860
f 3798 3797 3860 3861
f 3799 3798 3861 3862
f 3800 3799 3862 3863
f 3801 3800 3863 3864
f 3802 3801 3864 3865
f 3803 3802 3865 3866
f 3804 3803 3866 3867
f 3805 3804 3867 3868
f 3806 3805 3868 3869
f 3902 3806 3869 3903
f 3232 3679 3568 3570
f 3223 3232 3570 3567
f 3197 3208 3874 3242
f 3665 3242 3874 3871
f 3220 3874 3208 3210
f 3871 3874 3220 3666
f 3875 3876 3468 3451
f 3875 3877 3433 3450
f 3878 3877 3434 3417
f 3878 3879 3399 3416
f 3880 3879 3400 3383
f 3881 3880 3383 3366
f 3882 3881 3366 3349
f 3883 3882 3349 3332
f 3450 3467 3876 3875
f 3451 3434 3877 3875
f 3416 3433 3877 3878
f 3417 3400 3879 3878
f 3382 3399 3879 3880
f 3365 3382 3880 3881
f 3348 3365 3881 3882
f 3331 3348 3882 3883
f 3876 3774 3485 3468
f 3770 3769 3501 3518
f 3768 3883 3332 3315
f 3467 3484 3774 3876
f 3314 3331 3883 3768
f 3484 3501 3769 3774
f 3218 3217 3826 3824
f 3212 3820 3822 3823
f 3823 3205 3211 3212
f 3205 3204 3194 3211
f 3204 3203 3193 3194
f 3203 3202 3173 3193
f 3202 3201 3172 3173
f 3201 3217 3675 3172
f 3923 3922 3553 3772
f 3922 3921 3554 3553
f 3921 3920 3555 3554
f 3919 3920 3685 3686
f 3918 3919 3686 3684
f 3917 3918 3684 3682
f 3916 3917 3682 3681
f 3916 3904 3807 3870
f 3915 3923 3772 3552
f 3550 3885 3884 3560
f 3557 3887 3886 3561
f 3536 3889 3888 3537
f 3549 3891 3890 3545
f 3561 3886 3890 3562
f 3537 3888 3892 3538
f 3870 3903 3893 3563
f 3556 3894 3885 3550
f 3539 3894 3895 3534
f 3563 3893 3896 3564
f 3560 3884 3897 3559
f 3534 3895 3898 3535
f 3564 3896 3899 3565
f 3559 3897 3900 3558
f 3565 3899 3892 3555
f 3558 3900 3887 3557
f 3772 3553 3889 3901
f 3535 3898 3901 3771
f 3566 3891 3902 3807
f 3807 3902 3903 3870
f 3683 3873 3905 3904
f 3556 3550 3912 3913
f 3564 3565 3919 3918
f 3574 3567 3914 3913
f 3773 3685 3920 3921
f 3567 3570 3915 3914
f 3561 3562 3906 3907
f 3570 3568 3923 3915
f 3559 3558 3909 3910
f 3557 3561 3907 3908
f 3687 3773 3921 3922
f 3870 3563 3917 3916
f 3560 3559 3910 3911
f 3558 3557 3908 3909
f 3681 3683 3904 3916
f 3565 3555 3920 3919
f 3550 3560 3911 3912
f 3873 3808 3906 3905
f 3563 3564 3918 3917
f 3568 3687 3922 3923
f 3837 3178 3823 3822
f 1589 3931 3930 1583
f 1692 3937 3934 1615
f 1583 3930 3929 1577
f 1450 3926 3924 1414
f 1625 3935 3936 1691
f 1424 3925 3926 1450
f 1615 3934 3935 1625
f 1577 3929 3928 1571
f 1691 3936 3925 1424
f 1601 3933 3932 1595
f 1571 3928 3927 1565
f 1595 3932 3931 1589
f 3932 3946 3945 3931
f 3925 3939 3940 3926
f 3933 3947 3946 3932
f 3928 3942 3941 3927
f 3937 3951 3948 3934
f 3929 3943 3942 3928
f 3934 3948 3949 3935
f 3930 3944 3943 3929
f 3935 3949 3950 3936
f 3931 3945 3944 3930
f 3926 3940 3938 3924
f 3936 3950 3939 3925
f 3950 3964 3953 3939
f 3946 3960 3959 3945
f 3939 3953 3954 3940
f 3947 3961 3960 3946
f 3942 3956 3955 3941
f 3951 3965 3962 3948
f 3943 3957 3956 3942
f 3948 3962 3963 3949
f 3944 3958 3957 3943
f 3949 3963 3964 3950
f 3945 3959 3958 3944
f 3940 3954 3952 3938
f 3964 3978 3967 3953
f 3960 3974 3973 3959
f 3953 3967 3968 3954
f 3961 3975 3974 3960
f 3956 3970 3969 3955
f 3965 3979 3976 3962
f 3957 3971 3970 3956
f 3962 3976 3977 3963
f 3958 3972 3971 3957
f 3963 3977 3978 3964
f 3959 3973 3972 3958
f 3954 3968 3966 3952
f 3978 3992 3981 3967
f 3974 3988 3987 3973
f 3967 3981 3982 3968
f 3975 3989 3988 3974
f 3970 3984 3983 3969
f 3979 3993 3990 3976
f 3971 3985 3984 3970
f 3976 3990 3991 3977
f 3972 3986 3985 3971
f 3977 3991 3992 3978
f 3973 3987 3986 3972
f 3968 3982 3980 3966
f 3992 4006 3995 3981
f 3988 4002 4001 3987
f 3981 3995 3996 3982
f 3989 4003 4002 3988
f 3984 3998 3997 3983
f 3993 4007 4004 3990
f 3985 3999 3998 3984
f 3990 4004 4005 3991
f 3986 4000 3999 3985
f 3991 4005 4006 3992
f 3987 4001 4000 3986
f 3982 3996 3994 3980
f 3996 4010 4008 3994
f 4006 4020 4009 3995
f 4002 4016 4015 4001
f 3995 4009 4010 3996
f 4003 4017 4016 4002
f 3998 4012 4011 3997
f 4007 4021 4018 4004
f 3999 4013 4012 3998
f 4004 4018 4019 4005
f 4000 4014 4013 3999
f 4005 4019 4020 4006
f 4001 4015 4014 4000
f 4015 4029 4028 4014
f 4010 4024 4022 4008
f 4020 4034 4023 4009
f 4016 4030 4029 4015
f 4009 4023 4024 4010
f 4017 4031 4030 4016
f 4012 4026 4025 4011
f 4021 4035 4032 4018
f 4013 4027 4026 4012
f 4018 4032 4033 4019
f 4014 4028 4027 4013
f 4019 4033 4034 4020
f 4141 4048 4049 4140
f 4029 4044 4043 4028
f 4143 4038 4036 4142
f 4140 4049 4037 4144
f 4030 4045 4044 4029
f 4144 4037 4038 4143
f 4031 4046 4045 4030
f 4026 4041 4040 4025
f 4027 4042 4041 4026
f 4028 4043 4042 4027
f 4048 4062 4063 4049
f 4147 4059 4058 4146
f 4038 4053 4051 4036
f 4049 4063 4052 4037
f 4148 4060 4059 4147
f 4037 4052 4053 4038
f 4149 4061 4060 4148
f 1556 1555 1560 1602
f 4151 4056 4055 4150
f 4153 4057 4056 4151
f 4146 4058 4057 4153
f 4065 1872 1440 1683
f 1871 1872 4065 4066
f 3924 3938 4066 4065
f 3938 3952 4067 4066
f 1870 1871 4066 4067
f 4103 4104 4081 4087
f 3994 4008 4103 4102
f 4103 4087 4093 4102
f 3980 3994 4102 4068
f 4157 4054 4047 4152
f 4102 4093 4099 4068
f 4152 4047 4070 4155
f 1868 4074 4073 1867
f 4156 4039 4054 4157
f 3966 3980 4068 4069
f 4088 4078 4076 4090
f 4074 4080 4079 4073
f 4068 4099 1869 4069
f 4090 4076 4072 4094
f 4084 4082 4078 4088
f 4096 4088 4090 4077
f 4077 4090 4094 4071
f 4100 4084 4088 4096
f 4080 4086 4085 4079
f 3952 3966 4069 4067
f 4095 4100 4096 4101
f 4083 4077 4071 4089
f 4101 4096 4077 4083
f 4086 4092 4091 4085
f 1869 1870 4067 4069
f 1866 4095 4101 1865
f 1898 4083 4089 1894
f 1865 4101 4083 1898
f 4159 4098 4097 4158
f 1868 1869 4099 4074
f 4080 4074 4099 4093
f 4086 4080 4093 4087
f 4086 4087 4081 4092
f 4159 4160 4075 4098
f 4008 4022 4104 4103
f 4154 4105 4075 4160
f 4142 4036 4105 4154
f 1866 1867 4073 4095
f 4073 4079 4100 4095
f 4084 4100 4079 4085
f 4082 4084 4085 4091
f 4156 4082 4091 4158
f 4161 4141 4033 4032
f 4145 4161 4032 4035
f 4108 4113 4112 4107
f 4109 4114 4113 4108
f 4110 4115 4114 4109
f 4111 4116 4115 4110
f 4113 4118 4117 4112
f 4114 4119 4118 4113
f 4115 4120 4119 4114
f 4116 4121 4120 4115
f 4117 4118 4119 4122
f 4119 4120 4121 4122
f 4108 4107 4070 4047
f 4097 4126 4123 4039
f 4098 4127 4126 4097
f 4105 4128 4125 4075
f 4075 4125 4127 4098
f 4039 4123 4124 4054
f 4036 4051 4128 4105
f 4047 4054 4124 4108
f 4127 4138 4137 4126
f 4125 4136 4138 4127
f 4062 4132 4133 4063
f 4128 4139 4136 4125
f 4063 4133 4130 4052
f 4126 4137 4134 4123
f 4051 4129 4139 4128
f 4053 4131 4129 4051
f 4052 4130 4131 4053
f 4123 4134 4135 4124
f 4124 4135 4109 4108
f 4033 4141 4140 4034
f 4024 4143 4142 4022
f 4034 4140 4144 4023
f 4023 4144 4143 4024
f 4044 4147 4146 4043
f 4045 4148 4147 4044
f 4046 4149 4148 4045
f 4041 4151 4150 4040
f 4042 4153 4151 4041
f 4043 4146 4153 4042
f 4078 4157 4152 4076
f 4076 4152 4155 4072
f 4082 4156 4157 4078
f 4092 4159 4158 4091
f 4092 4081 4160 4159
f 4104 4154 4160 4081
f 4022 4142 4154 4104
f 4039 4156 4158 4097
f 4106 4048 4141 4161
f 4050 4106 4161 4145
f 4129 4169 4170 4139
f 4136 4162 4171 4138
f 4130 4168 4167 4131
f 4134 4164 4163 4135
f 4135 4163 4110 4109
f 4138 4171 4172 4137
f 4132 4166 4165 4133
f 4139 4170 4162 4136
f 4137 4172 4164 4134
f 4131 4167 4169 4129
f 4133 4165 4168 4130
f 4166 4132 4174 4175
f 4132 4062 4173 4174
f 4062 4048 4106 4173
f 4050 4064 4173 4106
f 4060 4181 4180 4059
f 4056 4177 4176 4055
f 4059 4180 4179 4058
f 4058 4179 4178 4057
f 4061 4182 4181 4060
f 4057 4178 4177 4056
f 4178 4185 4184 4177
f 4181 4188 4187 4180
f 4177 4184 4183 4176
f 4180 4187 4186 4179
f 4179 4186 4185 4178
f 4182 4189 4188 4181
f 4064 4197 4174 4173
f 4197 4198 4175 4174
f 4388 4206 4205 4387
f 4390 4201 4200 4389
f 4391 4202 4201 4390
f 4393 4203 4202 4391
f 4394 4204 4203 4393
f 4392 4207 4199 4395
f 4387 4205 4204 4394
f 4207 4209 4208 4199
f 4211 4219 4218 4210
f 4212 4220 4219 4211
f 4213 4221 4220 4212
f 4214 4222 4221 4213
f 4215 4223 4222 4214
f 4216 4224 4223 4215
f 4219 4228 4227 4218
f 4220 4229 4228 4219
f 4225 4234 4226 4217
f 4221 4230 4229 4220
f 4222 4231 4230 4221
f 4223 4232 4231 4222
f 4224 4233 4232 4223
f 4233 4242 4241 4232
f 4228 4237 4236 4227
f 4229 4238 4237 4228
f 4234 4243 4235 4226
f 4230 4239 4238 4229
f 4231 4240 4239 4230
f 4232 4241 4240 4231
f 4242 4251 4250 4241
f 4237 4246 4245 4236
f 4238 4247 4246 4237
f 4243 4252 4244 4235
f 4239 4248 4247 4238
f 4240 4249 4248 4239
f 4241 4250 4249 4240
f 4247 4256 4255 4246
f 4252 4261 4253 4244
f 4248 4257 4256 4247
f 4249 4258 4257 4248
f 4250 4259 4258 4249
f 4251 4260 4259 4250
f 4246 4255 4254 4245
f 4255 4264 4263 4254
f 4261 4269 4262 4253
f 4258 4266 4265 4257
f 4259 4267 4266 4258
f 4260 4268 4267 4259
f 4397 4270 4273 4396
f 4399 4274 4275 4398
f 4396 4273 4272 4400
f 4400 4272 4274 4399
f 4401 4271 4270 4397
f 4271 4277 4276 4270
f 4270 4276 4279 4273
f 4274 4280 4281 4275
f 4273 4279 4278 4272
f 4272 4278 4280 4274
f 4283 4289 4288 4282
f 4282 4288 4291 4285
f 4286 4292 4293 4287
f 4285 4291 4290 4284
f 4284 4290 4292 4286
f 4289 4295 4294 4288
f 4288 4294 4297 4291
f 4292 4298 4299 4293
f 4291 4297 4296 4290
f 4290 4296 4298 4292
f 4295 4301 4300 4294
f 4294 4300 4303 4297
f 4298 4304 4305 4299
f 4297 4303 4302 4296
f 4296 4302 4304 4298
f 4301 4307 4306 4300
f 4300 4306 4309 4303
f 4304 4310 4311 4305
f 4303 4309 4308 4302
f 4302 4308 4310 4304
f 4307 4313 4312 4306
f 4306 4312 4315 4309
f 4317 4316 4417 4409
f 4309 4315 4314 4308
f 4411 4419 4418 4410
f 4401 4395 4199 4271
f 4199 4208 4277 4271
f 4217 4226 4289 4283
f 4226 4235 4295 4289
f 4235 4244 4301 4295
f 4244 4253 4307 4301
f 4253 4262 4313 4307
f 4320 4326 4359 4358
f 4364 4322 4323 4365
f 4365 4323 4321 4370
f 4370 4321 4320 4366
f 4369 4319 4322 4364
f 4319 4325 4328 4322
f 4323 4329 4327 4321
f 4322 4328 4329 4323
f 4358 4359 4324 4318
f 4321 4327 4326 4320
f 4331 4337 4340 4334
f 4335 4341 4339 4333
f 4334 4340 4341 4335
f 4360 4361 4336 4330
f 4333 4339 4338 4332
f 4337 4343 4346 4340
f 4341 4347 4345 4339
f 4340 4346 4347 4341
f 4361 4362 4342 4336
f 4339 4345 4344 4338
f 4343 4349 4352 4346
f 4347 4353 4351 4345
f 4346 4352 4353 4347
f 4362 4363 4348 4342
f 4345 4351 4350 4344
f 4349 4354 4356 4352
f 4352 4356 4357 4353
f 4332 4338 4361 4360
f 4338 4344 4362 4361
f 4344 4350 4363 4362
f 4372 4374 4373 4371
f 4372 4379 4380 4374
f 4379 4383 4384 4380
f 4367 4366 4320 4358
f 4358 4318 4368 4367
f 4196 4388 4387 4195
f 4191 4390 4389 4190
f 4192 4391 4390 4191
f 4193 4393 4391 4192
f 1602 1560 1610 1606
f 4194 4394 4393 4193
f 4195 4387 4394 4194
f 4293 4299 4343 4337
f 4275 4281 4325 4319
f 4398 4275 4319 4369
f 4305 4311 4354 4349
f 4287 4293 4337 4331
f 4299 4305 4349 4343
f 1560 1561 1611 1610
f 1561 1562 1622 1611
f 3788 1622 1562 3775
f 3872 3788 3775 3838
f 3838 1563 1694 3872
f 1563 1564 1693 1694
f 1564 1565 1692 1693
f 3937 1692 1565 3927
f 3927 3941 3951 3937
f 3941 3955 3965 3951
f 3955 3969 3979 3965
f 3969 3983 3993 3979
f 3983 3997 4007 3993
f 3997 4011 4021 4007
f 4011 4025 4035 4021
f 4145 4035 4025 4040
f 4040 4150 4050 4145
f 4150 4055 4064 4050
f 4055 4176 4197 4064
f 4176 4183 4198 4197
f 4190 4389 4207 4392
f 4389 4200 4209 4207
f 4210 4218 4234 4225
f 4218 4227 4243 4234
f 4227 4236 4252 4243
f 4236 4245 4261 4252
f 4269 4261 4245 4254
f 4351 4353 4357 4355
f 4407 4315 4312 4404
f 4313 4405 4404 4312
f 4262 4402 4405 4313
f 4317 4357 4356 4408
f 4315 4407 4406 4314
f 4402 4262 4269 4403
f 4357 4317 4409 4355
f 4311 4411 4410 4354
f 4408 4356 4354 4410
f 4254 4263 4403 4269
f 6394 6393 4384 4413
f 4413 4384 4383 4412
f 4416 4408 4410 4418
f 4316 4317 4408 4416
f 4421 4413 4412 4420
f 6395 6394 4413 4421
f 4425 4421 4420 4424
f 6396 6395 4421 4425
f 4419 4411 4429 4430
f 4429 4411 4311 4310
f 4310 4308 4314 4429
f 4430 4429 4314 4406
f 4265 4428 4256 4257
f 4428 4431 4255 4256
f 4431 4432 4264 4255
f 6397 6396 4425 4447
f 4442 4416 4418 4444
f 4263 4433 4437 4403
f 4432 4451 4434 4264
f 4405 4439 4438 4404
f 4419 4445 4444 4418
f 4402 4436 4439 4405
f 4445 4419 4430 4450
f 4436 4402 4403 4437
f 4316 4435 4443 4417
f 4441 4407 4404 4438
f 4407 4441 4440 4406
f 4447 4425 4424 4446
f 4264 4434 4433 4263
f 4406 4440 4450 4430
f 4435 4316 4416 4442
f 4433 4452 4456 4437
f 4455 4436 4437 4456
f 4454 4435 4442 4461
f 4460 4441 4438 4457
f 4434 4453 4452 4433
f 4466 4447 4446 4465
f 4441 4460 4459 4440
f 4461 4442 4444 4463
f 4464 4445 4450 4469
f 6398 6397 4447 4466
f 4439 4458 4457 4438
f 4435 4454 4462 4443
f 4440 4459 4469 4450
f 4436 4455 4458 4439
f 4445 4464 4463 4444
f 4451 4470 4453 4434
f 6756 6737 4481 4473
f 6738 4484 4481 6737
f 6739 6738 4503 4504
f 6740 6739 4504 6400
f 6740 6400 4505 6741
f 6742 4487 4486 6741
f 6743 4489 4487 6742
f 6743 6744 4472 4489
f 6744 6745 4471 4472
f 6745 6746 4475 4471
f 6747 6746 4494 4493
f 6747 6748 4477 4474
f 4536 4517 4514 4533
f 4510 4529 4528 4509
f 4542 4523 4522 4541
f 4517 4536 4535 4516
f 4537 4518 4520 4539
f 4540 4521 4526 4545
f 6402 6401 4523 4542
f 4515 4534 4533 4514
f 4511 4530 4538 4519
f 4516 4535 4545 4526
f 4512 4531 4534 4515
f 4521 4540 4539 4520
f 4527 4546 4529 4510
f 4509 4528 4532 4513
f 4531 4512 4513 4532
f 4530 4511 4518 4537
f 4535 4554 4564 4545
f 4531 4550 4553 4534
f 4540 4559 4558 4539
f 4546 4565 4548 4529
f 4528 4547 4551 4532
f 4550 4531 4532 4551
f 4549 4530 4537 4556
f 4555 4536 4533 4552
f 4529 4548 4547 4528
f 4561 4542 4541 4560
f 4536 4555 4554 4535
f 4556 4537 4539 4558
f 4559 4540 4545 4564
f 6403 6402 4542 4561
f 4534 4553 4552 4533
f 4530 4549 4557 4538
f 4568 4549 4556 4575
f 4574 4555 4552 4571
f 4548 4567 4566 4547
f 4580 4561 4560 4579
f 4555 4574 4573 4554
f 4575 4556 4558 4577
f 4578 4559 4564 4583
f 6404 6403 4561 4580
f 4553 4572 4571 4552
f 4549 4568 4576 4557
f 4554 4573 4583 4564
f 4550 4569 4572 4553
f 4559 4578 4577 4558
f 4565 4584 4567 4548
f 4547 4566 4570 4551
f 4569 4550 4551 4570
f 4573 4592 4602 4583
f 4569 4588 4591 4572
f 4578 4597 4596 4577
f 4584 4603 4586 4567
f 4566 4585 4589 4570
f 4588 4569 4570 4589
f 4587 4568 4575 4594
f 4593 4574 4571 4590
f 4567 4586 4585 4566
f 4599 4580 4579 4598
f 4574 4593 4592 4573
f 4594 4575 4577 4596
f 4597 4578 4583 4602
f 6405 6404 4580 4599
f 4572 4591 4590 4571
f 4568 4587 4595 4576
f 4606 4587 4594 4613
f 4612 4593 4590 4609
f 4586 4605 4604 4585
f 4618 4599 4598 4617
f 4593 4612 4611 4592
f 4613 4594 4596 4615
f 4616 4597 4602 4621
f 6406 6405 4599 4618
f 4591 4610 4609 4590
f 4587 4606 4614 4595
f 4592 4611 4621 4602
f 4588 4607 4610 4591
f 4597 4616 4615 4596
f 4603 4622 4605 4586
f 4585 4604 4608 4589
f 4607 4588 4589 4608
f 4606 4625 4633 4614
f 4611 4630 4640 4621
f 4607 4626 4629 4610
f 4616 4635 4634 4615
f 4622 4641 4624 4605
f 4604 4623 4627 4608
f 4626 4607 4608 4627
f 4625 4606 4613 4632
f 4631 4612 4609 4628
f 4605 4624 4623 4604
f 4637 4618 4617 4636
f 4612 4631 4630 4611
f 4632 4613 4615 4634
f 4635 4616 4621 4640
f 6407 6406 4618 4637
f 4610 4629 4628 4609
f 4644 4625 4632 4651
f 4650 4631 4628 4647
f 4624 4643 4642 4623
f 4656 4637 4636 4655
f 4631 4650 4649 4630
f 4651 4632 4634 4653
f 4654 4635 4640 4659
f 6408 6407 4637 4656
f 4629 4648 4647 4628
f 4625 4644 4652 4633
f 4630 4649 4659 4640
f 4626 4645 4648 4629
f 4635 4654 4653 4634
f 4641 4660 4643 4624
f 4623 4642 4646 4627
f 4645 4626 4627 4646
f 4673 4654 4659 4678
f 6409 6408 4656 4675
f 4648 4667 4666 4647
f 4644 4663 4671 4652
f 4649 4668 4678 4659
f 4645 4664 4667 4648
f 4654 4673 4672 4653
f 4660 4679 4662 4643
f 4642 4661 4665 4646
f 4664 4645 4646 4665
f 4663 4644 4651 4670
f 4669 4650 4647 4666
f 4643 4662 4661 4642
f 4675 4656 4655 4674
f 4650 4669 4668 4649
f 4670 4651 4653 4672
f 4683 4664 4665 4684
f 4682 4663 4670 4689
f 4688 4669 4666 4685
f 4662 4681 4680 4661
f 4694 4675 4674 4693
f 4669 4688 4687 4668
f 4689 4670 4672 4691
f 4692 4673 4678 4697
f 6410 6409 4675 4694
f 4667 4686 4685 4666
f 4663 4682 4690 4671
f 4668 4687 4697 4678
f 4664 4683 4686 4667
f 4673 4692 4691 4672
f 4679 4698 4681 4662
f 4661 4680 4684 4665
f 4711 4692 4697 4716
f 6411 6410 4694 4713
f 4686 4705 4704 4685
f 4682 4701 4709 4690
f 4687 4706 4716 4697
f 4683 4702 4705 4686
f 4692 4711 4710 4691
f 4698 4717 4700 4681
f 4680 4699 4703 4684
f 4702 4683 4684 4703
f 4701 4682 4689 4708
f 4707 4688 4685 4704
f 4681 4700 4699 4680
f 4713 4694 4693 4712
f 4688 4707 4706 4687
f 4708 4689 4691 4710
f 4717 4736 4719 4700
f 4699 4718 4722 4703
f 4721 4702 4703 4722
f 4720 4701 4708 4727
f 4726 4707 4704 4723
f 4700 4719 4718 4699
f 4732 4713 4712 4731
f 4707 4726 4725 4706
f 4727 4708 4710 4729
f 4730 4711 4716 4735
f 6412 6411 4713 4732
f 4705 4724 4723 4704
f 4701 4720 4728 4709
f 4706 4725 4735 4716
f 4702 4721 4724 4705
f 4711 4730 4729 4710
f 4726 4745 4744 4725
f 4746 4727 4729 4748
f 4749 4730 4735 4754
f 6413 6412 4732 4751
f 4724 4743 4742 4723
f 4720 4739 4747 4728
f 4725 4744 4754 4735
f 4721 4740 4743 4724
f 4730 4749 4748 4729
f 4736 4755 4738 4719
f 4718 4737 4741 4722
f 4740 4721 4722 4741
f 4739 4720 4727 4746
f 4745 4726 4723 4742
f 4719 4738 4737 4718
f 4751 4732 4731 4750
f 4755 4774 4757 4738
f 4737 4756 4760 4741
f 4759 4740 4741 4760
f 4758 4739 4746 4765
f 4764 4745 4742 4761
f 4738 4757 4756 4737
f 4770 4751 4750 4769
f 4745 4764 4763 4744
f 4765 4746 4748 4767
f 4768 4749 4754 4773
f 6414 6413 4751 4770
f 4743 4762 4761 4742
f 4739 4758 4766 4747
f 4744 4763 4773 4754
f 4740 4759 4762 4743
f 4749 4768 4767 4748
f 4789 4770 4769 4788
f 4764 4783 4782 4763
f 4784 4765 4767 4786
f 4787 4768 4773 4792
f 6415 6414 4770 4789
f 4762 4781 4780 4761
f 4758 4777 4785 4766
f 4763 4782 4792 4773
f 4759 4778 4781 4762
f 4768 4787 4786 4767
f 4774 4793 4776 4757
f 4756 4775 4779 4760
f 4778 4759 4760 4779
f 4777 4758 4765 4784
f 4783 4764 4761 4780
f 4757 4776 4775 4756
f 6372 5868 6328 6325
f 6347 6342 6341 6348
f 6381 6435 6390 6374
f 6374 6390 6242 6441
f 6373 4803 6441 6242
f 4842 4802 4803 6373
f 4830 4799 4802 4842
f 4799 4830 4812 6416
f 4809 4800 4799 6416
f 4800 4809 4810 4828
f 4800 4828 6362 4801
f 4787 4820 4815 4786
f 4824 4806 4813 4831
f 4805 4823 4822 4804
f 4835 4817 4816 4834
f 4812 4830 4829 4811
f 4831 4813 4815 4833
f 6418 6417 4817 4835
f 4802 4799 4800 4801
f 4806 4824 4832 4814
f 4811 4829 4838 4820
f 4807 4825 4828 4810
f 4821 4839 4823 4805
f 4804 4822 4826 4808
f 4825 4807 4808 4826
f 4824 4840 4844 4832
f 4829 4841 4847 4838
f 6377 6289 4801 6362
f 4840 4824 4831 4843
f 6223 6233 6248 6237
f 4830 4842 4841 4829
f 4843 4831 4833 4845
f 3 4849 4848 4
f 7 1 4849 4850
f 10 7 4850 4851
f 13 10 4851 4852
f 16 13 4852 4853
f 19 16 4853 4854
f 22 19 4854 4855
f 25 22 4855 4856
f 28 25 4856 4857
f 5079 28 4857 5128
f 37 34 4859 4860
f 48 45 4862 4863
f 51 48 4863 4864
f 5081 51 4864 5129
f 56 4 4848 4866
f 59 56 4866 4867
f 62 59 4867 4868
f 101 62 4868 4873
f 68 65 4869 4870
f 71 68 4870 4871
f 74 71 4871 4872
f 65 101 4873 4869
f 31 4858 4859 34
f 91 4898 4896 94
f 84 4879 4878 83
f 81 4890 4888 80
f 77 4886 4891 76
f 93 4899 4877 92
f 98 4895 4893 99
f 99 4893 4874 100
f 15 12 4899 4878
f 86 4881 4880 85
f 63 102 4892 4876
f 87 4882 4881 86
f 76 4891 4883 89
f 5084 5130 4884 88
f 97 4894 4895 98
f 92 4877 4897 90
f 90 4897 4898 91
f 102 66 4894 4892
f 95 4875 4876 96
f 85 4880 4879 84
f 46 43 4887 4888
f 94 4896 4875 95
f 5083 5131 4890 81
f 88 4884 4882 87
f 4964 4954 4901 4920
f 4963 4968 4929 4914
f 4974 4981 4905 4908
f 4957 4959 4910 4907
f 4982 4976 4912 4928
f 4979 4927 4919 4977
f 4966 4964 4920 4924
f 4972 4902 4923 4978
f 4978 4923 4927 4979
f 4962 4966 4924 4916
f 4983 4940 4944 4986
f 4975 4946 4941 4984
f 4980 4987 4945 4942
f 4985 4973 4947 4943
f 4984 4941 4940 4983
f 4959 4970 4950 4910
f 4985 4989 4949 4909
f 4988 4974 4908 4948
f 4922 4900 4955 4965
f 4915 4931 4969 4960
f 4904 4911 4958 4956
f 4926 4922 4965 4967
f 4917 4926 4967 4961
f 4911 4951 4971 4958
f 4934 4933 4981 4974
f 4939 4935 4976 4982
f 4938 4979 4977 4936
f 4932 4972 4978 4937
f 4937 4978 4979 4938
f 4925 4983 4986 4918
f 4903 4975 4984 4921
f 4930 4913 4987 4980
f 4909 4906 4973 4985
f 4921 4984 4983 4925
f 4943 4953 4989 4985
f 4952 4934 4974 4988
f 4962 4916 4915 4960
f 6173 6172 4917 4914
f 5031 5032 5003 5000
f 5039 5042 4991 4994
f 5027 5029 4996 4993
f 5043 5040 4998 5002
f 5036 5031 5000 5022
f 6308 6322 6311 6309
f 5041 5045 5012 5010
f 5044 5038 5013 5011
f 5029 5034 5016 4996
f 5044 5047 5015 4995
f 5046 5039 4994 5014
f 6309 6311 6312 6310
f 5040 5048 5023 4998
f 5045 5049 5025 5012
f 5001 5005 5033 5030
f 4990 4997 5028 5026
f 5021 5001 5030 5037
f 4997 5017 5035 5028
f 5007 5006 5042 5039
f 5009 5008 5040 5043
f 5004 4999 5045 5041
f 4995 4992 5038 5044
f 5011 5019 5047 5044
f 5018 5007 5039 5046
f 5008 5024 5048 5040
f 4999 5020 5049 5045
f 32 5078 5077 33
f 5052 5057 341 285
f 5070 5140 5052 285
f 5061 5060 5059 5062
f 5101 183 215 5091
f 164 5063 5065 163
f 5087 908 183 5101
f 164 163 200 201
f 338 337 5056 5057
f 165 5064 5063 164
f 165 164 201 202
f 5062 5059 908 5087
f 338 289 359 319
f 5304 5307 5249 5210
f 3750 3751 245 246
f 3749 3750 246 244
f 3748 3749 244 714
f 714 715 3747 3748
f 315 360 5074 5139
f 5136 5074 360 361
f 5137 5138 359 289
f 310 315 342 316
f 305 310 316 311
f 300 305 311 306
f 306 301 276 300
f 276 301 296 277
f 293 5071 279 278
f 378 377 712 379
f 301 302 297 296
f 298 297 302 303
f 4858 5128 5078 32
f 4865 5129 5080 53
f 53 5080 5082 52
f 4889 52 5082 5131
f 4883 33 5077 5130
f 144 82 5083 5085
f 219 197 5088 5090
f 260 219 5090 5092
f 283 5095 5094 284
f 284 5094 5089 198
f 715 716 3746 3747
f 204 5147 5140 5070
f 281 5095 5097 339
f 5239 5247 5099 870
f 89 5084 5086 151
f 188 5100 5086 150
f 905 5100 5088 197
f 5250 5061 5062 5304
f 867 870 5099 5098
f 143 142 5210 5249
f 6772 51 5081 6783
f 6780 28 5079 6784
f 1098 1072 5103 5105
f 1091 1065 5102 5104
f 1124 1098 5105 5107
f 1117 1091 5104 5106
f 1150 1124 5107 5109
f 1143 1117 5106 5108
f 1176 1150 5109 5111
f 1169 1143 5108 5110
f 1202 1176 5111 5113
f 1195 1169 5110 5112
f 1195 5112 5114 1226
f 1227 1202 5113 5115
f 1228 1254 5117 5115
f 1221 1247 5116 5114
f 1247 1273 5118 5116
f 1254 1280 5119 5117
f 1280 1306 5121 5119
f 1273 1299 5120 5118
f 1337 1314 1313 1338
f 1343 1308 1309 1342
f 5123 1294 1295 5122
f 5120 1335 1347 1304
f 1350 1301 1302 1349
f 1345 1306 1314 1337
f 1334 5121 1306 1345
f 716 717 3745 3746
f 31 5079 5128 4858
f 54 5081 5129 4865
f 89 4883 5130 5084
f 82 4889 5131 5083
f 732 734 725 724
f 5220 5250 5304 5210
f 5096 337 320 288
f 5071 290 280 279
f 288 368 336 5096
f 5075 342 315 5139
f 5189 5330 5265 3741
f 5137 289 5052 5140
f 342 5075 5072 343
f 724 723 729 732
f 5140 5147 5076 5137
f 735 729 723 722
f 722 731 899 735
f 898 899 731 730
f 296 297 5053 5054
f 277 296 5054 5051
f 5051 5058 336 277
f 5096 336 5058 5132
f 5132 5056 337 5096
f 162 185 204 198
f 289 338 5057 5052
f 3700 898 730 3701
f 3701 726 5143 3700
f 5144 5143 726 713
f 5145 5144 713 3740
f 3740 712 5146 5145
f 712 377 5259 5146
f 5147 5068 5069 5076
f 5323 5142 901 5322
f 5147 204 185 5068
f 910 5091 124 118
f 3744 3745 717 721
f 721 720 3743 3744
f 5308 5101 5091 910
f 720 718 3742 3743
f 718 719 3741 3742
f 5307 5087 5101 5308
f 5178 5206 5207 5155
f 3741 719 5190 5189
f 5187 5186 5189 5190
f 5186 5187 5184 5183
f 5183 5184 5181 5180
f 5178 5177 5180 5181
f 5153 5177 5178 5155
f 5298 5299 916 3699
f 5215 5212 5163 5158
f 132 126 5063 5064
f 126 120 5065 5063
f 5219 5208 5157 5156
f 5258 5065 120 215
f 5216 5168 5169 5215
f 5208 5213 5165 5157
f 5218 5173 5166 5211
f 5214 5167 5168 5216
f 5211 5166 5167 5214
f 5217 5213 5170 5171
f 5221 5226 5172 5169
f 5217 5171 5173 5218
f 5168 5222 5221 5169
f 5167 5223 5222 5168
f 5325 5326 5177 5153
f 5181 5205 5206 5178
f 5326 5327 5180 5177
f 5327 5328 5183 5180
f 5256 5258 215 183
f 183 908 5254 5256
f 5328 5329 5186 5183
f 5329 5330 5189 5186
f 5202 5203 269 270
f 5203 5196 268 269
f 258 257 264 5188
f 259 258 5188 5185
f 5092 259 5185 5182
f 5182 5179 260 5092
f 5179 5176 903 260
f 5176 5067 220 903
f 5204 5202 270 5093
f 253 5194 5193 252
f 251 5195 5194 253
f 240 5191 5197 241
f 243 5192 5198 242
f 242 5198 5191 240
f 241 5197 5195 251
f 268 5196 5199 265
f 265 5199 5200 266
f 266 5200 5201 267
f 5093 271 5205 5204
f 271 911 5206 5205
f 911 737 5207 5206
f 141 5220 5210 142
f 5155 5207 5209 5154
f 5169 5172 5212 5215
f 5174 5175 5208 5219
f 5159 5216 5215 5158
f 5175 5170 5213 5208
f 5162 5218 5211 5161
f 5160 5214 5216 5159
f 5161 5211 5214 5160
f 5164 5165 5213 5217
f 5164 5217 5218 5162
f 5166 5224 5223 5167
f 5252 5254 908 5059
f 5251 5252 5059 5060
f 5050 5148 5251 5060
f 5050 5151 5149 5148
f 5219 5156 5150 5141
f 5173 5225 5224 5166
f 5171 5227 5225 5173
f 5171 5170 5228 5227
f 5292 5297 5226 5221
f 5170 5175 5229 5228
f 5300 5299 5228 5229
f 5209 5207 737 736
f 249 5230 5232 247
f 247 5232 5233 248
f 272 5234 5235 273
f 243 5231 5235 267
f 265 266 5234 5240
f 248 5233 5246 983
f 270 269 5237 5236
f 269 268 5238 5237
f 5093 270 5236 5247
f 268 265 5240 5238
f 736 737 5242 5241
f 737 911 5243 5242
f 985 5245 5244 984
f 983 5246 5245 985
f 271 5239 5243 911
f 271 5093 5247 5239
f 5241 895 894 738
f 5225 5296 5295 5224
f 143 5249 5133 5085
f 5085 5133 5248 144
f 5062 5087 5307 5304
f 120 124 5091 215
f 5153 5155 5154 5152
f 901 5142 5141 5150
f 5148 5068 185 5251
f 5146 5150 5156 5145
f 5156 5157 5144 5145
f 5252 5251 185 162
f 162 5253 5254 5252
f 5157 5165 5143 5144
f 5165 5164 3700 5143
f 5089 5253 162 198
f 5164 5162 898 3700
f 5253 5255 5256 5254
f 899 898 5162 5161
f 5089 203 5255 5253
f 5257 5255 203 199
f 163 5257 199 200
f 5257 5258 5256 5255
f 5258 5257 163 5065
f 735 899 5161 5160
f 729 735 5160 5159
f 5159 5158 732 729
f 5158 5163 734 732
f 5322 901 5259 5331
f 3745 3744 5262 5261
f 5546 5545 5267 5268
f 5283 5269 5268 5284
f 5282 5270 5269 5283
f 5551 5548 5270 5271
f 5554 5551 5271 5272
f 5558 5554 5272 5273
f 5562 5558 5273 5274
f 5559 5562 5274 5275
f 5278 5277 5276 5275
f 5271 5270 5282 5281
f 5268 5267 5285 5284
f 5274 5273 5279 5286
f 5275 5274 5286 5278
f 1043 5283 5284 1024
f 5272 5271 5281 5280
f 5273 5272 5280 5279
f 891 5282 5283 1043
f 1003 934 5277 5278
f 5259 901 5150 5146
f 5289 5287 5288 5290
f 5219 5141 5289 5174
f 5287 5289 5141 5142
f 5323 5333 5287 5142
f 5289 5290 5291 5174
f 5291 5229 5175 5174
f 5224 5295 5294 5223
f 5223 5294 5293 5222
f 5222 5293 5292 5221
f 5227 5298 5296 5225
f 5227 5228 5299 5298
f 920 733 5297 5292
f 738 916 5299 5300
f 5152 5154 5302 5303
f 5305 5306 5134 5066
f 5300 5229 5291 5301
f 5306 5061 193 5134
f 5300 5301 5209 736
f 5050 5306 5305 5151
f 5061 5306 5050 5060
f 5301 5302 5154 5209
f 738 5300 736 5241
f 5290 5302 5301 5291
f 5249 5307 5308 5133
f 5302 5290 5288 5303
f 5066 5134 220 5067
f 214 220 5134 193
f 193 909 906 214
f 909 192 184 906
f 139 184 192 140
f 140 78 77 139
f 4886 77 78 4885
f 4885 40 39 4886
f 38 39 40 41
f 4860 38 41 4861
f 5184 5204 5205 5181
f 5184 5187 5202 5204
f 5187 5190 5203 5202
f 5196 5203 5190 719
f 5199 5196 719 718
f 5200 5199 718 720
f 5201 5200 720 721
f 1342 1309 1312 1339
f 1301 1275 1276 1302
f 1275 1249 1250 1276
f 1224 1250 1249 1223
f 1199 1224 1223 1198
f 1198 1172 1173 1199
f 1172 1146 1147 1173
f 1146 1120 1121 1147
f 1120 1094 1095 1121
f 1094 1068 1069 1095
f 6777 1069 1068 6778
f 4861 42 37 4860
f 721 717 5192 5201
f 5198 5192 717 716
f 5191 5198 716 715
f 5197 5191 715 714
f 714 244 5195 5197
f 244 246 5194 5195
f 246 245 5193 5194
f 1294 5123 1341 1310
f 1302 1276 1277 1303
f 1288 1314 1306 1280
f 909 193 5061 5250
f 5250 5220 192 909
f 140 192 5220 141
f 141 79 78 140
f 5248 910 118 113
f 144 5248 113 108
f 82 144 108 100
f 5316 5125 1341 1326
f 5318 5316 1325 1328
f 5316 1326 1324 1325
f 1326 5314 5315 1324
f 5314 5313 1331 5315
f 5313 1323 1327 1331
f 5317 1327 1323 5312
f 5312 5311 1329 5317
f 1330 1329 5311 1320
f 1322 1330 1320 1332
f 1333 1322 1332 5309
f 5309 1316 1321 1333
f 1316 1317 5310 1321
f 1319 5310 1317 1318
f 1276 1250 1251 1277
f 1225 1251 1250 1224
f 1224 1199 1200 1225
f 1174 1200 1199 1173
f 1173 1147 1148 1174
f 1147 1121 1122 1148
f 1096 1122 1121 1095
f 1070 1096 1095 1069
f 6775 1070 1069 6777
f 4862 45 42 4861
f 4861 41 44 4862
f 41 40 43 44
f 4887 43 40 4885
f 4885 78 79 4887
f 4889 82 100 4874
f 4874 75 52 4889
f 53 52 75 74
f 4865 53 74 4872
f 4872 73 54 4865
f 6766 1080 1073 6767
f 1099 1073 1080 1106
f 1125 1099 1106 1132
f 1132 1158 1151 1125
f 1177 1151 1158 1184
f 1184 1210 1203 1177
f 1210 1236 1228 1203
f 1254 1228 1236 1262
f 1262 1288 1280 1254
f 5152 5324 5325 5153
f 5287 5333 5332 5288
f 5303 5288 5332 5334
f 5303 5334 5324 5152
f 5331 5259 377 373
f 375 373 377 378
f 376 364 409 412
f 451 455 358 357
f 380 381 362 370
f 5345 5346 356 357
f 457 356 5335 410
f 5341 5342 375 376
f 487 481 5336 5337
f 407 371 5336 481
f 487 5337 5338 493
f 3703 5339 374 405
f 3738 5340 370 403
f 404 362 5339 3703
f 408 369 5340 3738
f 375 378 364 376
f 418 420 470 450
f 498 418 450 505
f 505 449 416 498
f 414 416 449 448
f 412 414 448 411
f 376 412 411 5341
f 5331 373 5138 5137
f 375 5342 5138 373
f 5137 5076 5322 5331
f 5076 5069 5323 5322
f 5069 5149 5333 5323
f 5149 5151 5332 5333
f 5151 5305 5334 5332
f 5324 5334 5305 5066
f 5066 5067 5325 5324
f 363 5343 5344 358
f 357 358 5344 5345
f 356 5346 5347 5335
f 5075 5139 5346 5345
f 470 517 5361 5363
f 506 5362 5354 454
f 5364 5365 5335 5347
f 453 5353 5362 506
f 410 5355 5352 452
f 5335 5365 5355 410
f 452 5352 5353 453
f 470 5363 5354 450
f 517 534 5360 5361
f 534 551 5351 5360
f 551 568 5350 5351
f 568 585 5349 5350
f 585 602 5348 5349
f 602 619 5359 5348
f 619 636 5358 5359
f 636 653 5357 5358
f 653 670 5356 5357
f 670 687 5367 5356
f 687 704 5366 5367
f 5342 5341 5365 5364
f 5138 5136 361 359
f 5138 5342 5364 5136
f 5347 5074 5136 5364
f 701 707 5366 695
f 707 706 703 5366
f 703 709 710 702
f 706 705 709 703
f 705 711 708 709
f 662 679 687 670
f 670 653 645 662
f 653 636 628 645
f 636 619 611 628
f 619 602 594 611
f 577 594 602 585
f 585 568 560 577
f 568 551 543 560
f 551 534 526 543
f 534 517 422 526
f 420 422 517 470
f 5326 5325 5067 5176
f 5327 5326 5176 5179
f 5328 5327 5179 5182
f 5329 5328 5182 5185
f 5330 5329 5185 5188
f 5265 5330 5188 264
f 264 261 5264 5265
f 261 262 5263 5264
f 262 263 5262 5263
f 5261 5262 263 233
f 233 232 5260 5261
f 232 230 897 5260
f 230 231 5319 897
f 231 237 5266 5319
f 237 239 5320 5266
f 239 238 5321 5320
f 961 5375 5374 962
f 959 5379 5378 960
f 1023 5382 5380 963
f 958 5376 5379 959
f 957 5377 5381 1007
f 1047 5383 5382 1023
f 962 5374 5383 1047
f 874 964 5377 5373
f 5377 957 875 5373
f 1004 1005 944 937
f 936 943 1005 1004
f 5553 5563 5395 274
f 5398 1012 989 5397
f 988 5396 5397 989
f 5396 5400 5401 5397
f 5563 5564 5399 5395
f 5402 5398 5397 5401
f 5400 5404 5405 5401
f 5564 5565 5403 5399
f 5406 5402 5401 5405
f 5277 5411 5410 5276
f 5560 5566 5409 936
f 885 5407 5408 934
f 5411 5277 934 5408
f 885 739 933 5407
f 876 943 936 5409
f 871 872 5399 5403
f 5395 5399 872 272
f 5404 5400 980 873
f 988 979 1009 5396
f 1009 980 5400 5396
f 272 273 274 5395
f 868 871 5403 5412
f 860 869 868 5412
f 5759 866 874 5749
f 5748 877 876 5750
f 5760 5098 860 5751
f 5731 5418 5423 5730
f 5762 933 867 5753
f 5763 5411 5408 5754
f 5737 5425 5434 5736
f 5735 5433 5432 5738
f 5766 5406 5405 5756
f 5751 860 5412 5764
f 5743 5416 5426 5742
f 5733 5421 5429 5744
f 5742 5426 5427 5739
f 5750 876 5409 5758
f 5744 5429 5430 5734
f 5746 5567 5425 5737
f 5741 5424 5418 5731
f 5749 874 5373 5761
f 5729 5422 5415 5732
f 5747 5568 5431 5745
f 5450 5428 5427 5449
f 5443 5421 5415 5437
f 5435 5413 5434 5456
f 5433 5455 5454 5432
f 5426 5448 5449 5427
f 5444 5422 5413 5435
f 5424 5446 5440 5418
f 5421 5443 5451 5429
f 5567 5569 5447 5425
f 5439 5417 5423 5445
f 5442 5420 5419 5441
f 5441 5419 5431 5453
f 5429 5451 5452 5430
f 5418 5440 5445 5423
f 5422 5444 5437 5415
f 5416 5438 5448 5426
f 5568 5570 5453 5431
f 5436 5414 5417 5439
f 5425 5447 5456 5434
f 5455 5433 5430 5452
f 5438 5460 5470 5448
f 5570 5572 5475 5453
f 5458 5436 5439 5461
f 5447 5469 5478 5456
f 5477 5455 5452 5474
f 5472 5450 5449 5471
f 5465 5443 5437 5459
f 5457 5435 5456 5478
f 5455 5477 5476 5454
f 5448 5470 5471 5449
f 5466 5444 5435 5457
f 5446 5468 5462 5440
f 5443 5465 5473 5451
f 5569 5571 5469 5447
f 5461 5439 5445 5467
f 5464 5442 5441 5463
f 5463 5441 5453 5475
f 5451 5473 5474 5452
f 5440 5462 5467 5445
f 5444 5466 5459 5437
f 5639 5573 5491 5662
f 5668 5495 5496 5659
f 5667 5484 5489 5615
f 5674 5488 5481 5656
f 5673 5482 5492 5655
f 5638 5574 5497 5669
f 5662 5491 5500 5611
f 5610 5499 5498 5672
f 5655 5492 5493 5671
f 5654 5490 5484 5667
f 5618 5487 5495 5668
f 5710 5479 5500 5700
f 5713 5488 5479 5710
f 5717 5483 5489 5706
f 5718 5486 5485 5707
f 5707 5485 5497 5708
f 5721 5480 5483 5717
f 5701 5499 5496 5719
f 5705 5494 5493 5712
f 5704 5487 5481 5720
f 5540 5641 5620 5532
f 5526 5523 5614 5536
f 5609 5544 5538 5622
f 5641 5540 5578 5651
f 5524 5525 5529 5630
f 5537 5621 5646 5543
f 5645 5542 5530 5631
f 5532 5620 5619 5531
f 5543 5646 5622 5538
f 5640 5539 5580 5625
f 5642 5541 5542 5645
f 5577 5650 5613 5535
f 5525 5524 5631 5530
f 5542 5507 5519 5530
f 5541 5508 5507 5542
f 5544 5505 5511 5538
f 5575 5526 5536 5513
f 5526 5575 5516 5533
f 5509 5540 5532 5517
f 5512 5537 5543 5506
f 5539 5510 5501 5580
f 5514 5535 5534 5515
f 5521 5528 5529 5520
f 5580 5501 5522 5527
f 5540 5509 5503 5578
f 5533 5516 5515 5534
f 5528 5521 5518 5531
f 5513 5536 5527 5522
f 5579 5502 5505 5544
f 5576 5525 5530 5519
f 5504 5577 5535 5514
f 5673 5655 5470 5460
f 5655 5671 5471 5470
f 5472 5471 5671 5616
f 5571 5472 5616 5639
f 5639 5662 5469 5571
f 5662 5611 5478 5469
f 5457 5478 5611 5617
f 5269 5547 5546 5268
f 5270 5548 5547 5269
f 1011 5552 5549 1010
f 1011 1012 5553 5552
f 1010 5549 5550 1013
f 1021 5557 5555 1014
f 5275 5276 5560 5559
f 981 982 5556 5550
f 1015 5557 5561 227
f 227 5561 5556 982
f 1029 942 5545 5546
f 940 941 5548 5551
f 939 940 5551 5554
f 938 939 5554 5558
f 937 938 5558 5562
f 1004 937 5562 5559
f 1012 5398 5563 5553
f 5398 5402 5564 5563
f 5402 5406 5565 5564
f 5276 5410 5566 5560
f 5740 5428 5567 5746
f 5738 5432 5568 5747
f 5428 5450 5569 5567
f 5432 5454 5570 5568
f 5454 5476 5572 5570
f 5450 5472 5571 5569
f 5616 5494 5573 5639
f 5672 5498 5574 5638
f 5510 5539 5578 5503
f 5506 5543 5538 5511
f 5517 5532 5531 5518
f 5525 5576 5520 5529
f 5466 5457 5617 5674
f 5674 5656 5459 5466
f 5701 5585 5584 5711
f 5702 5587 5586 5712
f 5703 5590 5589 5714
f 5704 5592 5591 5715
f 5722 5603 5593 5716
f 5715 5591 5600 5719
f 5714 5589 5595 5706
f 5713 5588 5601 5720
f 5709 5581 5587 5702
f 5723 5604 5599 5708
f 5716 5593 5582 5700
f 5705 5594 5603 5722
f 5711 5584 5604 5723
f 5487 5618 5656 5481
f 5465 5459 5656 5618
f 5618 5668 5473 5465
f 5668 5659 5474 5473
f 5477 5474 5659 5610
f 5610 5672 5476 5477
f 5485 5670 5669 5497
f 5572 5476 5672 5638
f 5535 5613 5633 5534
f 5625 5580 5527 5628
f 5499 5610 5659 5496
f 5624 5579 5544 5609
f 5488 5674 5617 5479
f 5486 5660 5670 5485
f 5638 5669 5475 5572
f 5483 5661 5615 5489
f 5463 5475 5669 5670
f 5494 5616 5671 5493
f 5479 5617 5611 5500
f 5464 5463 5670 5660
f 5480 5612 5661 5483
f 5654 5667 5462 5468
f 5667 5615 5467 5462
f 5461 5467 5615 5661
f 5458 5461 5661 5612
f 5528 5629 5630 5529
f 5523 5526 5533 5632
f 5632 5533 5534 5633
f 5539 5640 5651 5578
f 5632 5633 5608 5607
f 5536 5614 5628 5527
f 5523 5632 5607 5648
f 5648 5664 5614 5523
f 5664 5606 5628 5614
f 5625 5628 5606 5653
f 5640 5625 5653 5643
f 5643 5666 5651 5640
f 5641 5651 5666 5644
f 5644 5637 5620 5641
f 5637 5636 5619 5620
f 5629 5619 5636 5605
f 5629 5528 5531 5619
f 5605 5658 5630 5629
f 5524 5630 5658 5649
f 5649 5657 5631 5524
f 5645 5631 5657 5626
f 5642 5645 5626 5623
f 5634 5627 5646 5621
f 5627 5635 5622 5646
f 5609 5622 5635 5647
f 5624 5609 5647 5652
f 5665 5663 5613 5650
f 5663 5608 5633 5613
f 5696 5697 5657 5649
f 5690 5688 5608 5663
f 5502 5504 5581 5602
f 5684 5696 5649 5658
f 5685 5684 5658 5605
f 5502 5579 5577 5504
f 5689 5688 5677 5676
f 5692 5694 5677 5675
f 5665 5650 5624 5652
f 5680 5689 5676 5678
f 5691 5680 5678 5679
f 5687 5666 5643 5679
f 5678 5676 5693 5686
f 5579 5624 5650 5577
f 5676 5677 5694 5693
f 5686 5693 5682 5698
f 5675 5677 5688 5690
f 5607 5608 5688 5689
f 5648 5607 5689 5680
f 5664 5648 5680 5691
f 5682 5681 5697 5696
f 5683 5681 5694 5692
f 5679 5678 5686 5687
f 5652 5647 5675 5690
f 5647 5635 5692 5675
f 5693 5694 5681 5682
f 5691 5653 5606 5664
f 5623 5626 5695 5634
f 5683 5692 5635 5627
f 5695 5697 5681 5683
f 5687 5686 5698 5699
f 5626 5657 5697 5695
f 5699 5698 5684 5685
f 5698 5682 5696 5684
f 5699 5644 5666 5687
f 5679 5643 5653 5691
f 5605 5636 5637 5685
f 5685 5637 5644 5699
f 5583 5710 5700 5582
f 5588 5713 5710 5583
f 5596 5717 5706 5595
f 5598 5718 5707 5597
f 5597 5707 5708 5599
f 5602 5721 5717 5596
f 5585 5701 5719 5600
f 5594 5705 5712 5586
f 5592 5704 5720 5601
f 5499 5701 5711 5498
f 5492 5702 5712 5493
f 5490 5703 5714 5484
f 5487 5704 5715 5495
f 5573 5722 5716 5491
f 5495 5715 5719 5496
f 5484 5714 5706 5489
f 5488 5713 5720 5481
f 5482 5709 5702 5492
f 5574 5723 5708 5497
f 5491 5716 5700 5500
f 5494 5705 5722 5573
f 5498 5711 5723 5574
f 5594 5586 5515 5516
f 5603 5594 5516 5575
f 5575 5513 5593 5603
f 5513 5522 5582 5593
f 5583 5582 5522 5501
f 5588 5583 5501 5510
f 5510 5503 5601 5588
f 5592 5601 5503 5509
f 5509 5517 5591 5592
f 5517 5518 5600 5591
f 5585 5600 5518 5521
f 5521 5520 5584 5585
f 5604 5584 5520 5576
f 5576 5519 5599 5604
f 5597 5599 5519 5507
f 5598 5597 5507 5508
f 5512 5506 5589 5590
f 5506 5511 5595 5589
f 5596 5595 5511 5505
f 5602 5596 5505 5502
f 5504 5514 5587 5581
f 5514 5515 5586 5587
f 5414 5726 5725 5417
f 5420 5724 5727 5419
f 5422 5729 5728 5413
f 5752 5731 5730 5761
f 5421 5733 5732 5415
f 5433 5735 5734 5430
f 5458 5612 5673 5460
f 5755 5737 5736 5764
f 5763 5735 5738 5765
f 5428 5740 5739 5427
f 5413 5728 5736 5434
f 5757 5743 5742 5768
f 5762 5733 5744 5769
f 5768 5742 5739 5756
f 5612 5480 5482 5673
f 5419 5727 5745 5431
f 5769 5744 5734 5754
f 5770 5746 5737 5755
f 5767 5741 5731 5752
f 5417 5725 5730 5423
f 5760 5729 5732 5753
f 5771 5747 5745 5758
f 5766 5740 5746 5770
f 5765 5738 5747 5771
f 5726 5759 5749 5725
f 5724 5748 5750 5727
f 5729 5760 5751 5728
f 5733 5762 5753 5732
f 5735 5763 5754 5734
f 5740 5766 5756 5739
f 5728 5751 5764 5736
f 5727 5750 5758 5745
f 5725 5749 5761 5730
f 5634 5621 5642 5623
f 875 5752 5761 5373
f 5709 5482 5480 5721
f 5403 5755 5764 5412
f 5411 5763 5765 5410
f 873 5757 5768 5404
f 933 5762 5769 5407
f 5404 5768 5756 5405
f 5709 5721 5602 5581
f 5407 5769 5754 5408
f 5565 5770 5755 5403
f 5384 5767 5752 875
f 5098 5760 5753 867
f 5566 5771 5758 5409
f 5406 5766 5770 5565
f 5410 5765 5771 5566
f 5695 5683 5627 5634
f 5652 5690 5663 5665
f 5541 5642 5621 5537
f 5508 5541 5537 5512
f 5512 5590 5598 5508
f 5718 5598 5590 5703
f 5703 5490 5486 5718
f 5660 5486 5490 5654
f 5464 5660 5654 5468
f 5442 5464 5468 5446
f 5446 5424 5420 5442
f 5724 5420 5424 5741
f 5748 5724 5741 5767
f 5767 5384 877 5748
f 5384 5386 950 877
f 1006 950 5386 5392
f 5392 5385 951 1006
f 5385 5389 952 951
f 5460 5438 5436 5458
f 5414 5436 5438 5416
f 5726 5414 5416 5743
f 5759 5726 5743 5757
f 5757 873 866 5759
f 861 866 873 980
f 5370 861 980 1009
f 864 5370 1009 979
f 865 864 979 978
f 5368 865 978 878
f 862 5368 878 881
f 863 862 881 879
f 5372 863 879 1051
f 5371 5372 1051 1026
f 5369 5371 1026 880
f 5389 5388 953 952
f 5388 5387 954 953
f 5387 5391 955 954
f 1048 955 5391 5394
f 5394 5393 1027 1048
f 5393 5390 956 1027
f 6184 6185 5772 4900
f 4955 4900 5772 5779
f 5780 5790 5784 5774
f 5789 5779 5772 5782
f 5790 5780 5776 5786
f 5781 5791 5787 5777
f 5791 5781 5775 5785
f 5778 5788 5783 5773
f 5800 5790 5786 5796
f 5791 5801 5797 5787
f 5801 5791 5785 5795
f 5788 5798 5793 5783
f 5790 5800 5794 5784
f 5799 5789 5782 5792
f 5843 5811 5807 5842
f 5849 5808 5803 5848
f 5852 5810 5804 5850
f 6356 6357 5857 5868
f 6313 5846 5857 6357
f 5828 5823 5813 5818
f 5830 5824 5814 5820
f 5820 5816 5826 5830
f 5831 5827 5817 5821
f 5821 5815 5825 5831
f 5819 5812 5822 5829
f 5811 5805 5815 5821
f 5821 5817 5807 5811
f 5810 5806 5816 5820
f 5820 5814 5804 5810
f 5818 5813 5803 5808
f 6318 6219 5846 6313
f 6317 6224 6219 6318
f 5809 5802 5812 5819
f 6224 6314 6315 6219
f 6219 6315 6316 5846
f 5811 5843 5844 5805
f 5809 5851 5845 5802
f 5810 5852 5847 5806
f 6428 6429 6235 6323
f 5861 5839 5832 5853
f 5862 5840 5836 5858
f 5841 5863 5859 5837
f 5863 5841 5835 5856
f 5838 5860 5854 5833
f 6355 6356 5868 6372
f 5840 5862 5855 5834
f 5872 5861 5853 5864
f 5873 5862 5858 5869
f 5846 6316 6329 5857
f 6322 6308 6345 6340
f 5863 5874 5870 5859
f 5874 5863 5856 5867
f 5860 5871 5865 5854
f 5862 5873 5866 5855
f 5916 5917 5888 5885
f 5924 5927 5876 5879
f 5912 5914 5881 5878
f 5928 5925 5883 5887
f 5921 5916 5885 5907
f 5926 5930 5897 5895
f 5929 5923 5898 5896
f 5914 5919 5901 5881
f 5929 5932 5900 5880
f 5931 5924 5879 5899
f 5925 5933 5908 5883
f 5930 5934 5910 5897
f 5886 5890 5918 5915
f 5875 5882 5913 5911
f 5906 5886 5915 5922
f 5882 5902 5920 5913
f 5892 5891 5927 5924
f 5894 5893 5925 5928
f 5889 5884 5930 5926
f 5880 5877 5923 5929
f 5896 5904 5932 5929
f 5903 5892 5924 5931
f 5893 5909 5933 5925
f 5884 5905 5934 5930
f 5976 5944 5940 5975
f 5981 5941 5936 5980
f 5984 5943 5937 5982
f 5961 5956 5946 5951
f 5963 5957 5947 5953
f 5953 5949 5959 5963
f 5964 5960 5950 5954
f 5954 5948 5958 5964
f 5952 5945 5955 5962
f 5944 5938 5948 5954
f 5954 5950 5940 5944
f 5943 5939 5949 5953
f 5953 5947 5937 5943
f 5951 5946 5936 5941
f 5942 5935 5945 5952
f 5944 5976 5977 5938
f 5942 5983 5978 5935
f 5943 5984 5979 5939
f 5992 5972 5965 5985
f 5993 5973 5969 5989
f 5974 5994 5990 5970
f 5994 5974 5968 5988
f 5971 5991 5986 5966
f 5973 5993 5987 5967
f 6002 5992 5985 5995
f 6003 5993 5989 5999
f 5994 6004 6000 5990
f 6004 5994 5988 5998
f 5991 6001 5996 5986
f 5993 6003 5997 5987
f 6046 6047 6018 6015
f 6054 6057 6006 6009
f 6042 6044 6011 6008
f 6058 6055 6013 6017
f 6051 6046 6015 6037
f 6056 6060 6027 6025
f 6059 6053 6028 6026
f 6044 6049 6031 6011
f 6059 6062 6030 6010
f 6061 6054 6009 6029
f 6055 6063 6038 6013
f 6060 6064 6040 6027
f 6016 6020 6048 6045
f 6005 6012 6043 6041
f 6036 6016 6045 6052
f 6012 6032 6050 6043
f 6022 6021 6057 6054
f 6024 6023 6055 6058
f 6019 6014 6060 6056
f 6010 6007 6053 6059
f 6026 6034 6062 6059
f 6033 6022 6054 6061
f 6023 6039 6063 6055
f 6014 6035 6064 6060
f 6106 6074 6070 6105
f 6111 6071 6066 6110
f 6114 6073 6067 6112
f 6091 6086 6076 6081
f 6093 6087 6077 6083
f 6083 6079 6089 6093
f 6094 6090 6080 6084
f 6084 6078 6088 6094
f 6082 6075 6085 6092
f 6074 6068 6078 6084
f 6084 6080 6070 6074
f 6073 6069 6079 6083
f 6083 6077 6067 6073
f 6081 6076 6066 6071
f 6072 6065 6075 6082
f 6074 6106 6107 6068
f 6072 6113 6108 6065
f 6073 6114 6109 6069
f 6122 6102 6095 6115
f 6123 6103 6099 6119
f 6104 6124 6120 6100
f 6124 6104 6098 6118
f 6101 6121 6116 6096
f 6103 6123 6117 6097
f 6132 6122 6115 6125
f 6133 6123 6119 6129
f 6124 6134 6130 6120
f 6134 6124 6118 6128
f 6121 6131 6126 6116
f 6123 6133 6127 6117
f 6140 6148 6144 6136
f 6144 6148 6156 6152
f 4996 5016 6519 6518
f 6701 6735 6708 6156
f 6522 6555 6138 6146
f 6149 6141 6137 6145
f 6142 6150 6146 6138
f 6150 6142 6136 6144
f 6141 6149 6143 6135
f 6157 6149 6145 6153
f 6150 6158 6154 6146
f 6158 6150 6144 6152
f 6149 6157 6151 6143
f 6340 6345 6348 6341
f 5010 5012 6491 6490
f 5848 6516 6475 5021
f 6066 6076 6496 6495
f 5035 6520 6535 5014
f 5848 5803 6515 6516
f 5946 5956 6507 6532
f 5878 5881 6565 6524
f 5853 5832 6527 6526
f 5801 5795 5866 5873
f 5873 5869 5797 5801
f 5022 5000 6476 6475
f 5864 5853 6526 6525
f 5874 5867 5997 6003
f 6004 5998 6127 6133
f 6133 6129 6000 6004
f 6003 5999 5870 5874
f 6128 6132 6151 6157
f 6134 6128 6157 6153
f 5011 5013 6489 6538
f 5975 5940 6547 6546
f 5833 6527 6513 5823
f 5005 5001 6476 6477
f 6313 6357 6351 6305
f 5907 5885 6493 6159
f 6320 6334 6329 6316
f 6225 6238 6245 6230
f 6289 6377 6241 4827
f 6242 6228 6230 6245
f 6222 6236 6247 6232
f 6303 6338 6334 6320
f 4803 4802 4801 6289
f 6231 6246 6239 6226
f 6441 4803 6289 4827
f 6246 6231 6232 6247
f 6385 6386 6246 6247
f 6386 6387 6239 6246
f 6385 6371 4844 4840
f 6335 6392 6332 6330
f 6373 6389 4841 4842
f 6235 6249 6234 6220
f 6389 6370 4847 4841
f 6264 6261 6260 6263
f 6261 6264 6262 6259
f 4827 6241 6392 6240
f 6212 6213 6197 6196
f 6209 6212 6196 6193
f 6229 6244 6277 6273
f 6300 6294 6260 6256
f 6295 4798 6294 6300
f 6296 6290 4798 6295
f 6296 6297 6291 6290
f 6291 6297 6298 6292
f 6298 6299 6293 6292
f 6280 6276 6275 6279
f 6278 6274 6276 6280
f 6193 6194 6210 6209
f 6194 6195 6211 6210
f 6195 6198 6214 6211
f 6437 6450 6293 6299
f 6450 6437 6436 6449
f 5035 5017 6519 6520
f 5817 5827 6539 6488
f 5858 5836 6540 6541
f 6356 6355 6353 6352
f 6207 6214 6198 6191
f 6274 6449 6436 6270
f 6270 6272 6276 6274
f 6272 6271 6275 6276
f 6447 6446 6302 6304
f 6269 6273 6275 6271
f 6229 6273 6269 6213
f 6207 6191 6192 6208
f 6215 6208 6192 6199
f 6199 6200 6216 6215
f 6205 6216 6200 6189
f 6190 6206 6205 6189
f 6217 6206 6190 6201
f 6201 6202 6218 6217
f 6319 6302 6303 6320
f 6321 6304 6302 6319
f 6335 6438 6240 6392
f 6333 6328 6329 6334
f 6306 6318 6313 6305
f 6203 6218 6202 6187
f 6188 6204 6203 6187
f 6233 6234 6249 6248
f 6307 6317 6318 6306
f 6188 6250 6254 6204
f 6361 4846 6383 6382
f 6315 6319 6320 6316
f 6314 6321 6319 6315
f 6424 6426 6262 6264
f 6323 6221 6258 6324
f 6330 6325 6328 6333
f 6418 4835 6361 6433
f 6354 6327 6326 6360
f 6428 6323 6324 6427
f 6335 6330 6333 6337
f 6337 6333 6334 6338
f 6382 6383 6237 6248
f 6434 6382 6248 6430
f 6356 6352 6351 6357
f 6350 6353 6355 6358
f 6350 6358 6359 6349
f 6358 6354 6360 6359
f 6367 6364 4826 4822
f 6366 6365 4823 4839
f 6365 6367 4822 4823
f 4837 4819 4818 4836
f 6422 6444 6445 6423
f 6423 6445 6446 6421
f 6421 6446 6447 6420
f 6369 6362 4828 4825
f 6378 6379 6326 6363
f 6332 6363 6326 6327
f 6376 6379 6364 6367
f 6388 6380 6365 6366
f 6380 6376 6367 6365
f 6378 6377 6362 6369
f 4825 4826 6364 6369
f 6433 6361 6382 6434
f 6374 6441 4827 6240
f 6369 6364 6379 6378
f 6359 6360 6376 6380
f 4843 4845 6387 6386
f 6349 6359 6380 6388
f 6327 6325 6330 6332
f 6381 6374 6240 6438
f 6327 6354 6372 6325
f 6443 6381 6438 6442
f 6360 6326 6379 6376
f 6242 6245 6389 6373
f 6247 6236 6371 6385
f 4835 4834 4846 6361
f 4840 4843 6386 6385
f 6245 6238 6370 6389
f 6363 6241 6377 6378
f 6322 6340 6427 6426
f 6340 6341 6428 6427
f 4834 4816 4814 4832
f 4833 4815 4820 4838
f 6341 6342 6429 6428
f 6243 6229 6213 6212
f 5046 5014 6535 6536
f 6264 6263 6425 6424
f 6227 6243 6212 6209
f 6431 6429 6342 6343
f 6430 6431 6343 6339
f 6434 6430 6339 6384
f 4374 6391 6432 4373
f 4374 4380 6336 6391
f 4380 4384 6393 6336
f 6249 6431 6430 6248
f 6235 6429 6431 6249
f 6384 6331 6433 6434
f 6337 6442 6438 6335
f 6227 6435 6439 6243
f 6392 6241 6363 6332
f 6358 6355 6372 6354
f 6254 6250 6251 6255
f 6419 6420 6447 6448
f 6338 6444 6442 6337
f 6448 6447 6304 6301
f 6302 6446 6445 6303
f 6244 6422 6423 6277
f 6440 6227 6209 6210
f 6423 6421 6279 6277
f 6243 6439 6244 6229
f 6440 6228 6242 6390
f 6280 6279 6421 6420
f 6422 6443 6442 6444
f 6278 6280 6420 6419
f 6257 6255 6251 6253
f 6331 4836 6418 6433
f 6324 6262 6426 6427
f 6262 6324 6258 6259
f 6210 6211 6228 6440
f 6445 6444 6338 6303
f 6147 6139 6135 6143
f 6143 6151 6155 6147
f 5836 5826 6539 6540
f 6554 6549 6148 6140
f 6026 6028 6499 6512
f 6029 6050 6484 6531
f 5024 5008 6491 6485
f 6253 6252 6256 6257
f 6288 6300 6256 6252
f 6211 6214 6230 6228
f 6225 6230 6214 6207
f 6279 6275 6273 6277
f 6122 6132 6128 6118
f 6225 6207 6208 6226
f 6295 6300 6288 6281
f 6281 6282 6296 6295
f 4993 4996 6518 6517
f 6435 6227 6440 6390
f 5868 5857 6329 6328
f 6049 6044 6010 6030
f 6007 6010 6044 6042
f 6047 6046 6014 6019
f 6035 6014 6046 6051
f 6038 6112 6111 6052
f 6113 6072 6068 6107
f 6072 6082 6078 6068
f 6082 6092 6088 6078
f 6092 6085 6095 6102
f 6043 6050 6029 6009
f 6041 6043 6009 6006
f 6017 6013 6045 6048
f 6052 6045 6013 6038
f 6114 6112 6038 6063
f 6063 6039 6109 6114
f 6483 6482 6109 6039
f 6112 6067 6071 6111
f 6067 6077 6081 6071
f 6077 6087 6091 6081
f 6092 6102 6098 6088
f 6094 6088 6098 6104
f 6102 6122 6118 6098
f 6274 6278 6451 6449
f 6342 6347 6344 6343
f 6343 6344 6346 6339
f 6339 6346 6375 6384
f 6384 6375 6368 6331
f 6331 6368 4837 4836
f 6435 6381 6443 6439
f 6439 6443 6422 6244
f 6231 6226 6208 6215
f 6215 6216 6232 6231
f 6222 6232 6216 6205
f 6206 6223 6222 6205
f 6282 6283 6297 6296
f 6298 6297 6283 6284
f 6284 6285 6299 6298
f 6285 6286 6437 6299
f 6233 6223 6206 6217
f 6217 6218 6234 6233
f 6453 6294 4798 4797
f 6290 4796 4797 4798
f 4796 6290 6291 4795
f 6452 6293 6450 6454
f 4794 6292 6293 6452
f 6292 4794 4795 6291
f 6454 6450 6449 6451
f 6263 6260 6294 6453
f 6455 6224 6317 6459
f 6312 6425 6461 6457
f 6460 6321 6314 6458
f 6224 6455 6458 6314
f 6459 6317 6307 6456
f 6425 6263 6453 6461
f 6301 6304 6321 6460
f 6469 6465 6467 6468
f 6471 6462 6463 6470
f 6472 6452 6454 6468
f 6473 4796 4795 6470
f 6471 4794 6452 6472
f 6312 6311 6424 6425
f 6451 6469 6468 6454
f 4794 6471 6470 4795
f 6466 6472 6468 6467
f 6462 6471 6472 6466
f 4796 6473 6474 4797
f 6460 6458 6467 6465
f 6426 6424 6311 6322
f 6419 6469 6451 6278
f 6460 6465 6448 6301
f 6453 4797 6474 6461
f 6419 6448 6465 6469
f 6459 6456 6463 6462
f 6455 6459 6462 6466
f 6310 6312 6457 6464
f 6310 6464 6456 6307
f 6466 6467 6458 6455
f 6323 6235 6220 6221
f 6220 6234 6218 6203
f 6220 6203 6204 6221
f 6286 6287 6436 6437
f 6270 6436 6287 6266
f 6119 6099 6557 6558
f 4953 4943 6160 6174
f 4943 4947 6161 6160
f 6182 6183 5783 5793
f 6183 6185 5773 5783
f 5775 4903 4955 5779
f 4975 4903 5775 5781
f 6186 6184 4900 4922
f 6171 6186 4922 4926
f 6171 6172 4916 4924
f 4963 4914 4917 4961
f 4918 4913 4963 4961
f 6176 6173 4914 4929
f 6175 6177 4911 4904
f 6177 6179 4951 4911
f 6180 6179 4950 4970
f 6178 6181 4949 4989
f 6178 6174 4952 4988
f 6180 4970 4949 6181
f 4958 4971 4948 4908
f 4956 4958 4908 4905
f 4928 4912 4960 4969
f 4987 4913 4918 4986
f 4986 4944 4945 4987
f 4966 4962 4919 4927
f 4927 4923 4964 4966
f 4923 4902 4954 4964
f 5781 5777 4946 4975
f 6168 6167 4946 5777
f 5774 5784 5788 5778
f 5798 5788 5784 5794
f 4942 4945 6163 6162
f 6170 6169 5787 5797
f 6169 6168 5777 5787
f 4972 4932 5776 5780
f 5780 5774 4902 4972
f 6166 6167 4932 4937
f 6165 6166 4937 4938
f 6164 6165 4938 4936
f 6164 6163 4945 4944
f 4976 4935 4936 4977
f 6162 6163 4935 4939
f 6160 6161 4933 4934
f 6174 6160 4934 4952
f 4936 4935 6163 6164
f 4944 4940 6165 6164
f 6542 6541 5859 5870
f 6541 6540 5837 5859
f 5840 5834 5824 5830
f 6488 6539 5826 5816
f 6487 6488 5816 5806
f 6486 6487 5806 5847
f 5036 5022 5845 5851
f 6485 6491 5012 5025
f 6490 6491 5008 5009
f 6538 6489 5006 5007
f 6537 6538 5007 5018
f 6536 6537 5018 5046
f 6536 6535 5015 5047
f 5034 5029 4995 5015
f 5028 5035 5014 4994
f 6520 5034 5015 6535
f 6520 6519 5016 5034
f 6518 6519 5017 4997
f 6517 6518 4997 4990
f 6477 6476 5000 5003
f 6475 6476 5001 5021
f 5844 5020 5036 5851
f 5049 5020 5844 5843
f 5843 5842 5025 5049
f 6516 6515 5802 5845
f 6515 6514 5812 5802
f 6514 6513 5822 5812
f 5830 5826 5836 5840
f 6540 6539 5827 5837
f 5841 5837 5827 5831
f 6526 6527 5833 5854
f 6525 6526 5854 5865
f 4940 4941 6166 6165
f 4941 4946 6167 6166
f 5786 5776 6168 6169
f 6266 6268 6272 6270
f 6268 6267 6271 6272
f 6204 6254 6258 6221
f 6259 6258 6254 6255
f 6236 6222 6223 6237
f 6371 6236 6237 6383
f 6383 4846 4844 6371
f 4832 4844 4846 4834
f 4838 4847 4845 4833
f 6387 4845 4847 6370
f 6370 6238 6239 6387
f 6238 6225 6226 6239
f 6261 6259 6255 6257
f 6257 6256 6260 6261
f 6267 6265 6269 6271
f 6213 6269 6265 6197
f 5796 5786 6169 6170
f 5776 4932 6167 6168
f 4971 6180 6181 4948
f 6501 6502 5986 5996
f 6502 6503 5966 5986
f 5971 5966 5956 5961
f 6532 6507 5955 5945
f 6533 6532 5945 5935
f 6534 6533 5935 5978
f 5908 5982 5981 5922
f 6159 6493 5886 5906
f 6494 6493 5885 5888
f 6524 6565 5882 5875
f 6565 6564 5902 5882
f 6563 6564 5901 5919
f 6562 6550 5900 5932
f 6562 6551 5903 5931
f 6551 6552 5892 5903
f 6552 6480 5891 5892
f 6550 5899 5920 6563
f 5913 5920 5899 5879
f 5911 5913 5879 5876
f 5887 5883 5915 5918
f 5922 5915 5883 5908
f 5984 5982 5908 5933
f 5933 5909 5979 5984
f 6528 6546 5979 5909
f 5982 5937 5941 5981
f 5937 5947 5951 5941
f 5947 5957 5961 5951
f 5957 5967 5971 5961
f 5973 5967 5957 5963
f 5963 5959 5969 5973
f 5991 5971 5967 5987
f 5987 5997 6001 5991
f 5872 6001 5997 5867
f 5861 5872 5867 5856
f 5839 5861 5856 5835
f 5831 5825 5835 5841
f 5835 5825 5829 5839
f 5829 5822 5832 5839
f 5819 5829 5825 5815
f 5809 5819 5815 5805
f 5851 5809 5805 5844
f 6486 5847 5024 6485
f 5048 5024 5847 5852
f 5852 5850 5023 5048
f 5020 4999 5031 5036
f 5032 5031 4999 5004
f 4992 4995 5029 5027
f 5026 5028 4994 4991
f 5002 4998 5030 5033
f 5037 5030 4998 5023
f 5023 5850 5849 5037
f 5849 5848 5021 5037
f 6516 5845 5022 6475
f 5850 5804 5808 5849
f 5804 5814 5818 5808
f 5814 5824 5828 5818
f 5824 5834 5838 5828
f 5838 5833 5823 5828
f 6527 5832 5822 6513
f 5860 5838 5834 5855
f 5855 5866 5871 5860
f 5799 5871 5866 5795
f 5795 5785 5789 5799
f 5779 5789 5785 5775
f 5774 5778 4954 4902
f 5778 5773 4901 4954
f 4965 4955 4903 4921
f 4967 4965 4921 4925
f 4925 4918 4961 4967
f 4977 4919 4912 4976
f 4919 4962 4960 4912
f 4968 4963 4913 4930
f 4906 4909 4959 4957
f 4970 4959 4909 4949
f 5919 5914 5880 5900
f 5877 5880 5914 5912
f 5917 5916 5884 5889
f 5905 5884 5916 5921
f 5976 5975 5910 5934
f 5934 5905 5977 5976
f 5921 5983 5977 5905
f 5983 5942 5938 5977
f 5942 5952 5948 5938
f 5952 5962 5958 5948
f 6500 6561 5969 5959
f 5974 5970 5960 5964
f 5964 5958 5968 5974
f 5972 5992 5988 5968
f 5992 6002 5998 5988
f 6127 5998 6002 6131
f 6117 6127 6131 6121
f 6121 6101 6097 6117
f 6104 6100 6090 6094
f 6505 6504 6116 6126
f 6504 6511 6096 6116
f 6556 6557 6099 6089
f 6093 6089 6099 6103
f 6103 6097 6087 6093
f 6496 6497 6085 6075
f 6495 6496 6075 6065
f 6553 6495 6065 6108
f 6106 6105 6040 6064
f 6064 6035 6107 6106
f 6035 6051 6113 6107
f 6510 6509 6016 6036
f 6508 6509 6015 6018
f 6545 6544 6012 6005
f 6544 6543 6032 6012
f 6484 6543 6031 6049
f 6531 6484 6049 6030
f 6530 6531 6030 6062
f 6530 6529 6033 6061
f 6529 6512 6022 6033
f 6512 6499 6021 6022
f 6498 6492 6023 6024
f 6483 6492 6027 6040
f 6111 6110 6036 6052
f 6051 6037 6108 6113
f 6510 6036 6110 6553
f 6482 6481 6069 6109
f 6481 6523 6079 6069
f 6523 6556 6089 6079
f 6091 6087 6097 6101
f 6101 6096 6086 6091
f 6497 6086 6096 6511
f 6558 6557 6100 6120
f 6506 6558 6120 6130
f 6478 6479 5893 5894
f 6528 6479 5897 5910
f 5921 5907 5978 5983
f 5981 5980 5906 5922
f 6159 5906 5980 6534
f 6546 6547 5939 5979
f 6547 6548 5949 5939
f 6548 6500 5959 5949
f 5958 5962 5972 5968
f 5962 5955 5965 5972
f 6507 5956 5966 6503
f 6560 6561 5970 5990
f 6559 6560 5990 6000
f 4989 4953 6174 6178
f 4988 4948 6181 6178
f 4788 4769 4766 4785
f 4791 4772 4771 4790
f 4752 4771 4772 4753
f 4747 4766 4769 4750
f 4728 4747 4750 4731
f 4709 4728 4731 4712
f 4733 4752 4753 4734
f 4714 4733 4734 4715
f 4690 4709 4712 4693
f 4695 4714 4715 4696
f 4696 4677 4676 4695
f 4671 4690 4693 4674
f 4652 4671 4674 4655
f 4657 4676 4677 4658
f 4658 4639 4638 4657
f 4633 4652 4655 4636
f 4614 4633 4636 4617
f 4595 4614 4617 4598
f 4639 4620 4619 4638
f 4620 4601 4600 4619
f 4601 4582 4581 4600
f 4582 4563 4562 4581
f 4563 4544 4543 4562
f 4576 4595 4598 4579
f 4557 4576 4579 4560
f 4538 4557 4560 4541
f 4541 4522 4519 4538
f 4544 4525 4524 4543
f 6748 6749 4476 4477
f 6750 6749 4495 4498
f 6750 6751 4478 4479
f 6751 6752 4488 4478
f 4443 4462 4465 4446
f 4417 4443 4446 4424
f 4409 4417 4424 4420
f 4355 4409 4420 4412
f 4351 4355 4412 4383
f 4350 4351 4383 4379
f 4363 4350 4379 4372
f 4372 4371 4348 4363
f 4448 4467 4468 4449
f 4426 4448 4449 4427
f 4427 4423 4422 4426
f 4423 4415 4414 4422
f 4415 4386 4385 4414
f 4381 4385 4386 4382
f 4376 4381 4382 4378
f 4378 4377 4375 4376
f 4971 4951 6179 6180
f 4910 4950 6179 6177
f 4907 4910 6177 6175
f 4931 4915 6173 6176
f 4926 4917 6172 6171
f 4924 4920 6186 6171
f 4920 4901 6184 6186
f 5782 5772 6185 6183
f 5792 5782 6183 6182
f 4901 5773 6185 6184
f 4915 4916 6172 6173
f 5842 6486 6485 5025
f 5842 5807 6487 6486
f 5910 5975 6546 6528
f 5920 5902 6564 6563
f 5803 5813 6514 6515
f 5813 5823 6513 6514
f 5047 5019 6537 6536
f 5807 5817 6488 6487
f 5869 5858 6541 6542
f 5019 5011 6538 6537
f 5896 5898 6480 6552
f 5940 5950 6548 6547
f 5907 6159 6534 5978
f 6034 6026 6512 6529
f 6020 6016 6509 6508
f 5995 5985 6502 6501
f 5890 5886 6493 6494
f 6008 6011 6544 6545
f 5999 5989 6560 6559
f 5895 5897 6479 6478
f 5980 5936 6533 6534
f 5955 6507 6503 5965
f 5931 5899 6550 6562
f 5985 5965 6503 6502
f 6062 6034 6529 6530
f 5900 6550 6563 5919
f 6105 6070 6481 6482
f 5932 5904 6551 6562
f 6037 6015 6509 6510
f 6129 6119 6558 6506
f 6070 6080 6523 6481
f 5909 5893 6479 6528
f 6080 6090 6556 6523
f 5904 5896 6552 6551
f 5950 5960 6500 6548
f 5989 5969 6561 6560
f 5960 5970 6561 6500
f 5881 5901 6564 6565
f 5936 5946 6532 6533
f 6076 6086 6497 6496
f 6110 6066 6495 6553
f 6025 6027 6492 6498
f 6090 6100 6557 6556
f 6037 6510 6553 6108
f 6125 6115 6504 6505
f 6040 6105 6482 6483
f 6115 6095 6511 6504
f 6061 6029 6531 6530
f 6660 6702 6137 6664
f 6011 6031 6543 6544
f 6039 6023 6492 6483
f 6085 6497 6511 6095
f 6050 6032 6543 6484
f 6139 6147 6549 6554
f 6700 6703 6702 6660
f 6002 5995 6126 6131
f 5872 5864 5996 6001
f 5799 5792 5865 5871
f 6704 6705 5798 5794
f 6707 6708 6193 6196
f 6705 6709 5793 5798
f 6710 6709 6250 6188
f 6710 6711 5792 6182
f 6711 6712 5865 5792
f 6713 6712 6202 6201
f 6713 6714 5864 6525
f 6715 6714 6190 6189
f 6715 6716 6501 5996
f 6717 6716 6200 6199
f 6717 6718 6126 5995
f 6718 6719 6505 6126
f 6719 6720 6125 6505
f 6721 6706 6197 6265
f 6723 6704 5794 5800
f 6723 6724 6288 6252
f 6725 6724 5796 6170
f 6725 6726 6282 6281
f 6726 6727 6283 6282
f 6728 6722 6267 6268
f 6729 6728 6268 6266
f 6729 6730 6129 6506
f 6731 6730 6287 6286
f 5870 5999 6559 6542
f 6732 6731 6286 6285
f 6733 6732 6285 6284
f 6733 6727 5869 6542
f 6607 6608 6579 6576
f 5033 5005 4990 5026
f 6615 6618 6567 6570
f 5002 5033 5026 4991
f 6603 6605 6572 6569
f 5043 5002 4991 5042
f 5042 5006 5009 5043
f 6619 6616 6574 6578
f 6612 6607 6576 6598
f 6490 5009 5006 6489
f 6617 6621 6588 6586
f 6489 5013 5010 6490
f 6620 6614 6589 6587
f 6605 6610 6592 6572
f 6620 6623 6591 6571
f 6622 6615 6570 6590
f 6616 6624 6599 6574
f 6621 6625 6601 6588
f 6577 6581 6609 6606
f 5041 5010 5013 5038
f 6566 6573 6604 6602
f 5038 4992 5004 5041
f 6597 6577 6606 6613
f 6573 6593 6611 6604
f 4992 5027 5032 5004
f 6583 6582 6618 6615
f 5027 4993 5003 5032
f 6585 6584 6616 6619
f 6477 5003 4993 6517
f 6580 6575 6621 6617
f 6517 4990 5005 6477
f 6571 6568 6614 6620
f 6587 6595 6623 6620
f 6594 6583 6615 6622
f 6584 6600 6624 6616
f 6575 6596 6625 6621
f 6667 6635 6631 6666
f 6672 6632 6627 6671
f 6675 6634 6628 6673
f 6652 6647 6637 6642
f 6654 6648 6638 6644
f 6644 6640 6650 6654
f 6655 6651 6641 6645
f 6645 6639 6649 6655
f 6643 6636 6646 6653
f 6635 6629 6639 6645
f 6645 6641 6631 6635
f 6634 6630 6640 6644
f 6644 6638 6628 6634
f 6642 6637 6627 6632
f 6633 6626 6636 6643
f 6635 6667 6668 6629
f 6633 6674 6669 6626
f 6634 6675 6670 6630
f 6627 6637 6682 6681
f 6175 4904 4931 6176
f 6587 6589 6685 6690
f 6590 6611 6679 6694
f 6610 6605 6571 6591
f 6568 6571 6605 6603
f 4969 4931 4904 4956
f 4928 4969 4956 4905
f 6608 6607 6575 6580
f 6596 6575 6607 6612
f 6599 6673 6672 6613
f 6674 6633 6629 6668
f 6633 6643 6639 6629
f 6643 6653 6649 6639
f 6653 6646 6656 6663
f 6604 6611 6590 6570
f 6602 6604 6570 6567
f 4982 4928 4905 4981
f 4981 4933 4939 4982
f 6578 6574 6606 6609
f 6613 6606 6574 6599
f 6675 6673 6599 6624
f 6624 6600 6670 6675
f 6678 6677 6670 6600
f 6673 6628 6632 6672
f 6628 6638 6642 6632
f 6638 6648 6652 6642
f 6653 6663 6659 6649
f 6655 6649 6659 6665
f 6665 6661 6651 6655
f 6699 6700 6660 6650
f 6654 6650 6660 6664
f 6664 6658 6648 6654
f 6682 6683 6646 6636
f 6681 6682 6636 6626
f 6698 6681 6626 6669
f 6667 6666 6601 6625
f 6625 6596 6668 6667
f 6596 6612 6674 6668
f 6688 6687 6577 6597
f 6686 6687 6576 6579
f 6162 4939 4933 6161
f 6161 4947 4942 6162
f 6697 6696 6573 6566
f 6696 6695 6593 6573
f 6679 6695 6592 6610
f 6694 6679 6610 6591
f 6693 6694 6591 6623
f 6693 6692 6594 6622
f 6692 6690 6583 6594
f 6690 6685 6582 6583
f 4980 4942 4947 4973
f 4973 4906 4930 4980
f 6684 6680 6584 6585
f 6678 6680 6588 6601
f 6672 6671 6597 6613
f 6612 6598 6669 6674
f 6688 6597 6671 6698
f 6677 6676 6630 6670
f 6676 6691 6640 6630
f 6691 6699 6650 6640
f 6652 6648 6658 6662
f 6662 6657 6647 6652
f 6683 6647 6657 6689
f 6595 6587 6690 6692
f 6581 6577 6687 6686
f 6569 6572 6696 6697
f 6623 6595 6692 6693
f 6666 6631 6676 6677
f 6598 6576 6687 6688
f 6631 6641 6691 6676
f 6641 6651 6699 6691
f 6637 6647 6683 6682
f 6671 6627 6681 6698
f 6586 6588 6680 6684
f 6651 6661 6700 6699
f 6598 6688 6698 6669
f 6601 6666 6677 6678
f 6622 6590 6694 6693
f 4906 4957 4968 4930
f 4957 4907 4929 4968
f 6572 6592 6695 6696
f 6176 4929 4907 6175
f 6600 6584 6680 6678
f 6646 6683 6689 6656
f 6611 6593 6695 6679
f 6689 6657 6139 6554
f 6554 6140 6656 6689
f 6657 6662 6135 6139
f 6141 6135 6662 6658
f 6658 6664 6137 6141
f 6140 6136 6663 6656
f 6659 6663 6136 6142
f 6142 6138 6665 6659
f 6661 6665 6138 6555
f 6549 6701 6156 6148
f 6147 6155 6701 6549
f 6734 6720 6198 6195
f 6735 6734 6195 6194
f 6708 6735 6194 6193
f 6703 6700 6661 6555
f 6555 6137 6702 6703
f 6145 6137 6555 6522
f 6155 6734 6735 6701
f 6722 6721 6265 6267
f 6253 6251 6705 6704
f 6251 6250 6709 6705
f 6182 5793 6709 6710
f 6188 6187 6711 6710
f 6187 6202 6712 6711
f 6525 5865 6712 6713
f 6201 6190 6714 6713
f 5996 5864 6714 6715
f 6189 6200 6716 6715
f 5995 6501 6716 6717
f 6199 6192 6718 6717
f 6192 6191 6719 6718
f 6191 6198 6720 6719
f 6196 6197 6706 6707
f 6252 6253 6704 6723
f 5800 5796 6724 6723
f 6281 6288 6724 6725
f 6170 5797 6726 6725
f 5797 5869 6727 6726
f 6153 6521 6130 6134
f 6506 6130 6728 6729
f 6266 6287 6730 6729
f 6000 6129 6730 6731
f 6559 6000 6731 6732
f 6542 6559 6732 6733
f 6284 6283 6727 6733
f 6132 6125 6155 6151
f 6734 6155 6125 6720
f 6152 6156 6708 6707
f 6158 6152 6707 6706
f 6706 6721 6154 6158
f 6153 6145 6522 6521
f 6146 6154 6521 6522
f 6130 6521 6722 6728
f 6521 6154 6721 6722
f 6456 6464 6736 6463
f 6461 6474 6473 6457
f 6470 6463 6736 6473
f 6457 6473 6736 6464
f 6307 6306 6309 6310
f 6306 6305 6308 6309
f 6305 6351 6345 6308
f 6351 6352 6348 6345
f 6352 6353 6347 6348
f 6344 6347 6353 6350
f 6346 6344 6350 6349
f 6375 6346 6349 6388
f 6388 6366 6368 6375
f 6366 4839 4837 6368
f 4839 4821 4819 4837
f 6417 6418 4836 4818
f 6414 6415 4790 4771
f 4793 4774 4772 4791
f 4774 4755 4753 4772
f 6413 6414 4771 4752
f 6412 6413 4752 4733
f 4755 4736 4734 4753
f 4736 4717 4715 4734
f 4717 4698 4696 4715
f 4677 4696 4698 4679
f 4679 4660 4658 4677
f 4639 4658 4660 4641
f 4641 4622 4620 4639
f 4622 4603 4601 4620
f 4603 4584 4582 4601
f 4563 4582 4584 4565
f 4565 4546 4544 4563
f 4546 4527 4525 4544
f 6753 6752 4507 4502
f 6753 6754 4482 4483
f 4464 4469 4488 4483
f 4483 4482 4463 4464
f 4449 4468 4470 4451
f 4451 4432 4427 4449
f 4423 4427 4432 4431
f 4415 4423 4431 4428
f 4428 4265 4386 4415
f 4382 4386 4265 4266
f 4378 4382 4266 4267
f 4377 4378 4267 4268
f 4376 4375 6432 6391
f 6391 6336 4381 4376
f 6336 6393 4385 4381
f 4414 4385 6393 6394
f 4422 4414 6394 6395
f 4426 4422 6395 6396
f 6396 6397 4448 4426
f 6397 6398 4467 4448
f 4461 4463 4482 4480
f 4454 4461 4480 4473
f 6755 6754 4501 4499
f 6756 6755 4499 4492
f 6401 6402 4543 4524
f 4562 4543 6402 6403
f 6403 6404 4581 4562
f 4600 4581 6404 6405
f 6405 6406 4619 4600
f 4638 4619 6406 6407
f 6407 6408 4657 4638
f 6408 6409 4676 4657
f 6409 6410 4695 4676
f 6410 6411 4714 4695
f 6411 6412 4733 4714
f 6524 5875 5890 6494
f 6494 5888 5878 6524
f 5912 5878 5888 5917
f 5918 5890 5875 5911
f 5887 5918 5911 5876
f 5928 5887 5876 5927
f 5927 5891 5894 5928
f 6478 5894 5891 6480
f 6480 5898 5895 6478
f 5926 5895 5898 5923
f 5923 5877 5889 5926
f 5877 5912 5917 5889
f 6545 6005 6020 6508
f 6508 6018 6008 6545
f 6042 6008 6018 6047
f 6007 6042 6047 6019
f 6053 6007 6019 6056
f 6056 6025 6028 6053
f 6499 6028 6025 6498
f 6498 6024 6021 6499
f 6057 6021 6024 6058
f 6058 6017 6006 6057
f 6017 6048 6041 6006
f 6048 6020 6005 6041
f 6609 6581 6566 6602
f 6578 6609 6602 6567
f 6619 6578 6567 6618
f 6618 6582 6585 6619
f 6684 6585 6582 6685
f 6685 6589 6586 6684
f 6617 6586 6589 6614
f 6614 6568 6580 6617
f 6568 6603 6608 6580
f 6603 6569 6579 6608
f 6686 6579 6569 6697
f 6697 6566 6581 6686
f 4478 4488 4469 4459
f 4479 4478 4459 4460
f 4460 4457 4476 4479
f 4477 4476 4457 4458
f 4474 4477 4458 4455
f 4455 4456 4475 4474
f 4471 4475 4456 4452
f 4472 4471 4452 4453
f 4489 4472 4453 4470
f 4470 4468 4487 4489
f 4486 4487 4468 4467
f 4467 6398 6399 4486
f 6398 4466 4485 6399
f 4466 4465 4484 4485
f 4481 4484 4465 4462
f 4473 4481 4462 4454
f 4492 4499 4518 4511
f 4499 4501 4520 4518
f 4521 4520 4501 4502
f 4502 4507 4526 4521
f 4516 4526 4507 4497
f 4517 4516 4497 4498
f 4498 4495 4514 4517
f 4515 4514 4495 4496
f 4512 4515 4496 4493
f 4493 4494 4513 4512
f 4509 4513 4494 4490
f 4510 4509 4490 4491
f 4527 4510 4491 4508
f 4525 4527 4508 4506
f 4506 4505 4524 4525
f 4505 6400 6401 4524
f 6400 4504 4523 6401
f 4504 4503 4522 4523
f 4519 4522 4503 4500
f 4511 4519 4500 4492
f 4492 4500 6737 6756
f 4503 6738 6737 4500
f 4485 4484 6738 6739
f 6399 4485 6739 6740
f 6399 6740 6741 4486
f 4506 6742 6741 4505
f 4508 6743 6742 4506
f 4508 4491 6744 6743
f 4491 4490 6745 6744
f 4490 4494 6746 6745
f 4474 4475 6746 6747
f 4493 4496 6748 6747
f 4496 4495 6749 6748
f 4479 4476 6749 6750
f 4498 4497 6751 6750
f 4497 4507 6752 6751
f 4483 4488 6752 6753
f 4502 4501 6754 6753
f 4480 4482 6754 6755
f 4473 4480 6755 6756
f 1 6758 6757 2
f 1061 6760 6759 1062
f 1060 6761 6760 1061
f 1059 6762 6761 1060
f 1058 6763 6762 1059
f 1074 6764 6757 1057
f 1080 6766 6765 1079
f 103 6769 6768 64
f 1079 6765 6770 1078
f 5103 6783 6767 1073
f 1078 6770 6768 1077
f 1071 6773 6772 1072
f 1081 6769 6774 1076
f 1070 6775 6773 1071
f 1076 6774 6776 1075
f 1075 6776 6764 1074
f 1067 6779 6778 1068
f 5102 6784 6771 1066
f 1064 6781 6780 1065
f 1056 6758 6763 1058
f 1063 6782 6781 1064
f 1062 6759 6782 1063
f 34 6779 6771 31
f 1072 6772 6783 5103
f 1065 6780 6784 5102
f 42 6777 6778 37
f 45 6775 6777 42
f 73 6766 6767 54
f 11467 11466 6786 6785
f 6789 6790 6788 6787
f 11468 6792 6787 11467
f 6792 6793 6789 6787
f 6795 6796 6793 6792
f 11469 6795 6792 11468
f 6798 6799 6796 6795
f 11470 6798 6795 11469
f 6801 6802 6799 6798
f 11471 6801 6798 11470
f 6804 6805 6802 6801
f 11472 6804 6801 11471
f 6807 6808 6805 6804
f 11473 6807 6804 11472
f 6810 6811 6808 6807
f 11474 6810 6807 11473
f 6813 6814 6811 6810
f 11475 6813 6810 11474
f 11693 11692 6814 6813
f 11743 11693 6813 11475
f 6822 6823 6820 6819
f 11478 6822 6819 11477
f 11481 6831 6828 11480
f 6831 6830 6827 6828
f 11482 6834 6831 11481
f 6834 6833 6830 6831
f 11744 11695 6834 11482
f 11695 11697 6833 6834
f 11484 6839 6786 11466
f 6841 6840 6788 6790
f 6844 6843 6840 6841
f 11485 6842 6839 11484
f 6847 6846 6843 6844
f 11486 6845 6842 11485
f 6886 6885 6846 6847
f 11491 6887 6845 11486
f 6853 6852 6849 6850
f 11488 6851 6848 11487
f 6856 6855 6852 6853
f 11489 6854 6851 11488
f 6859 6858 6855 6856
f 11490 6857 6854 11489
f 11504 11509 6820 6823
f 11746 11508 6833 11697
f 11508 11506 6830 6833
f 11506 6864 6863 11505
f 11745 11502 6814 11692
f 11502 11500 6811 6814
f 11500 11499 6808 6811
f 11499 11498 6805 6808
f 11498 11497 6802 6805
f 11497 11496 6799 6802
f 11517 11495 6793 6796
f 11515 11516 6790 6789
f 11516 11514 6841 6790
f 11495 11515 6789 6793
f 11493 11494 6847 6844
f 11514 11493 6844 6841
f 11496 6867 6877 11517
f 11512 11513 6853 6850
f 11513 11511 6856 6853
f 11511 11492 6859 6856
f 11510 6888 6881 11512
f 6850 6849 6885 6886
f 11487 6848 6887 11491
f 11494 6880 6888 11510
f 6893 6889 6881 6888
f 6889 6890 6882 6881
f 6890 6891 6883 6882
f 6891 6892 6884 6883
f 6903 6899 6894 6898
f 6900 6901 6896 6895
f 6901 6902 6897 6896
f 6899 6900 6895 6894
f 6909 6905 6899 6903
f 6905 6906 6900 6899
f 6906 6907 6901 6900
f 6907 6908 6902 6901
f 6915 6911 6905 6909
f 6904 6908 6914 6910
f 6911 6912 6906 6905
f 6912 6913 6907 6906
f 6913 6914 6908 6907
f 137 133 6911 6915
f 6910 6914 136 132
f 133 134 6912 6911
f 134 135 6913 6912
f 135 136 6914 6913
f 6863 6864 6920 6919
f 6921 6920 6864 6865
f 11700 6921 6865 11698
f 6917 6916 6860 6861
f 6926 6925 6869 6870
f 6928 6927 6871 6872
f 6925 6924 6868 6869
f 6927 6926 6870 6871
f 6924 6923 6867 6868
f 6933 6932 6876 6877
f 6934 6935 6879 6878
f 6932 6930 6874 6876
f 6931 6934 6878 6875
f 6935 6936 6880 6879
f 6930 6931 6875 6874
f 6893 6888 6880 6936
f 6867 6923 6933 6877
f 6898 6943 6944 6903
f 6903 6944 6945 6909
f 6909 6945 6946 6915
f 6915 6946 170 137
f 6957 6958 6952 6951
f 6954 6957 6951 6948
f 6955 6953 6947 6949
f 6956 6955 6949 6950
f 6953 6954 6948 6947
f 6943 6952 6958 6944
f 6971 6970 6962 6963
f 6970 6965 6937 6962
f 6972 6971 6963 6964
f 6965 6966 6938 6937
f 6966 6967 6939 6938
f 6950 6939 6967 6956
f 6983 6982 6955 6956
f 6956 6967 6988 6983
f 6981 6984 6957 6954
f 6984 6985 6958 6957
f 6992 6991 6970 6971
f 6991 6986 6965 6970
f 6993 6992 6971 6972
f 6986 6987 6966 6965
f 6980 6981 6954 6953
f 11705 6993 6972 11703
f 6987 6988 6967 6966
f 6982 6980 6953 6955
f 6944 6958 6985 6945
f 6945 6985 6996 6946
f 6946 6996 221 170
f 7000 6999 6982 6983
f 6999 6997 6980 6982
f 6997 6998 6981 6980
f 7007 7008 7002 6984
f 7003 7004 6998 6997
f 6984 7002 6996 6985
f 7006 7005 6999 7000
f 7008 235 228 7002
f 7005 7003 6997 6999
f 7009 7010 7008 7007
f 7010 238 235 7008
f 11840 11839 7013 7014
f 11839 11841 7011 7013
f 11841 11842 7012 7011
f 7028 7027 6992 6993
f 7026 7023 6986 6991
f 7027 7026 6991 6992
f 7024 7025 6988 6987
f 11707 7028 6993 11705
f 7023 7024 6987 6986
f 7031 7032 7025 7024
f 7030 7031 7024 7023
f 7033 7030 7023 7026
f 7000 6983 6988 7025
f 7000 7025 7032 7006
f 11843 11844 7036 7035
f 11840 11844 7042 7020
f 11804 11812 7036 7014
f 11849 7577 7041 11843
f 7585 7584 7667 7668
f 295 7062 7602 5135
f 7050 7051 7049 7048
f 11710 11709 7051 7050
f 6975 7049 7051 6978
f 11709 11704 6978 7051
f 7059 7060 7602 11687
f 292 7060 6977 202
f 6977 7060 7059 6976
f 11687 7602 7062 7061
f 5135 7602 7060 292
f 6974 7053 11686 6979
f 6976 7059 7049 6975
f 7044 7045 7066 7065
f 7099 7082 7081 7100
f 7067 7068 7072 7071
f 7065 7066 7070 7069
f 308 7072 7068 303
f 7071 7072 7076 7075
f 7069 7070 7074 7073
f 313 7076 7072 308
f 7075 7076 7080 7079
f 7073 7074 7078 7077
f 318 7080 7076 313
f 7096 7055 7121 7122
f 7056 7083 7097 7096
f 7126 7125 7044 7090
f 7087 7086 7085 7084
f 7088 7089 7086 7087
f 7065 7091 7090 7044
f 7069 7092 7091 7065
f 7073 7093 7092 7069
f 7077 7094 7093 7073
f 7055 7095 7094 7077
f 7096 7097 7095 7055
f 7056 7089 7088 7083
f 7081 7082 7086 7089
f 7082 7057 7085 7086
f 5055 298 7064 11671
f 7125 7085 7057 7128
f 7047 7101 7050 7048
f 11710 11712 7102 7052
f 7052 7102 7103 7054
f 7120 7081 7089 7056
f 11684 11685 11763 11762
f 7079 7080 7105 7104
f 344 7105 7080 318
f 7083 7088 7109 7106
f 7106 7116 7097 7083
f 7093 7094 7114 7113
f 7090 7091 7111 7110
f 7108 7109 7088 7087
f 7091 7092 7112 7111
f 7126 7090 7110 7127
f 7094 7095 7115 7114
f 7107 7108 7087 7084
f 7116 7115 7095 7097
f 7092 7093 7113 7112
f 5073 11688 7105 344
f 7138 7124 7129 7139
f 7166 7167 7131 7132
f 7055 7077 7078 7121
f 7122 7120 7056 7096
f 7084 7085 7125 7126
f 7044 7125 7128 7045
f 7084 7126 7127 7107
f 7165 7166 7132 7134
f 456 7215 7119 363
f 5343 11946 11688 5073
f 7114 7115 7151 7150
f 7144 7145 7109 7108
f 7152 7151 7115 7116
f 7106 7109 7145 7142
f 7110 7111 7147 7146
f 7111 7112 7148 7147
f 7142 7152 7116 7106
f 7153 7143 7107 7127
f 7112 7113 7149 7148
f 7127 7110 7146 7153
f 7113 7114 7150 7149
f 7143 7144 7108 7107
f 7156 7154 7143 7153
f 7154 7155 7144 7143
f 7159 7157 7154 7156
f 7157 7158 7155 7154
f 7156 7153 7146 7147
f 7144 7155 7142 7145
f 7142 7155 7158 7152
f 7158 7150 7151 7152
f 7157 7149 7150 7158
f 7159 7148 7149 7157
f 7156 7147 7148 7159
f 7134 7132 7161 7160
f 7132 7131 7162 7161
f 7124 7169 7168 7129
f 11947 11690 11688 11946
f 7169 7172 7174 7173
f 7173 7174 7176 7175
f 7248 7247 7178 7177
f 7177 7178 7180 7179
f 7179 7180 7182 7181
f 7186 7187 7184 7183
f 7250 7251 7187 7186
f 7192 7193 7190 7189
f 7195 7196 7193 7192
f 7200 7201 7202 7203
f 7207 7198 7205 7206
f 7185 7168 7169 7173
f 7175 7188 7185 7173
f 7248 7249 7188 7175
f 7179 7194 7191 7177
f 7181 7197 7194 7179
f 7130 7163 7164 7123
f 7252 7200 7203 7253
f 7198 7199 7204 7205
f 7165 7202 7201 7166
f 7118 7211 7216 7117
f 11954 11955 7209 7208
f 11964 11956 7210 7254
f 11948 11949 11689 11753
f 11967 11957 7171 11944
f 7256 7219 7214 7255
f 7217 7218 7213 7212
f 7257 7222 7219 7256
f 7220 7221 7218 7217
f 7258 7225 7222 7257
f 7223 7224 7221 7220
f 510 469 7225 7258
f 467 468 7224 7223
f 11965 11956 7214 7227
f 7219 7228 7227 7214
f 7222 7229 7228 7219
f 7225 7230 7229 7222
f 469 475 7230 7225
f 11957 11954 7208 7171
f 7212 7170 7216 7217
f 7211 7220 7217 7216
f 7220 7211 7215 7223
f 456 467 7223 7215
f 7233 7234 7201 7200
f 7231 7232 7199 7198
f 7259 7233 7200 7252
f 7166 7201 7234 7167
f 7236 7167 7234 7240
f 7233 7239 7240 7234
f 7259 7260 7239 7233
f 7260 7259 7232 7238
f 7231 7237 7238 7232
f 7261 7245 7239 7260
f 7245 7246 7240 7239
f 11941 7241 7235 11940
f 7236 7240 7246 7242
f 7243 7244 7238 7237
f 7175 7176 7247 7248
f 7189 7190 7251 7250
f 7177 7191 7249 7248
f 7199 7252 7253 7204
f 11955 11964 7254 7209
f 7218 7256 7255 7213
f 7221 7257 7256 7218
f 7224 7258 7257 7221
f 468 510 7258 7224
f 7232 7259 7252 7199
f 7237 7231 7267 7266
f 7244 7261 7260 7238
f 7266 7265 7243 7237
f 7227 7228 7262 7263
f 7228 7229 7269 7262
f 11965 7227 7263 11963
f 7266 7267 7282 7281
f 7207 7267 7231 7198
f 7230 475 521 7268
f 7229 7230 7268 7269
f 7272 7273 7196 7195
f 7265 524 494 7243
f 7270 7274 7197 7181
f 7263 7262 7277 7278
f 7275 7276 7207 7206
f 7281 7282 7297 7296
f 7269 7268 7283 7284
f 7281 7280 7265 7266
f 7262 7269 7284 7277
f 7276 7282 7267 7207
f 11963 7263 7278 11962
f 7181 7182 7271 7270
f 7277 7284 7299 7292
f 7284 7283 7298 7299
f 7296 7295 7280 7281
f 11962 7278 7293 11953
f 7290 7291 7276 7275
f 7285 7289 7274 7270
f 7270 7271 7286 7285
f 7278 7277 7292 7293
f 7312 7311 7296 7297
f 7291 7297 7282 7276
f 7287 7288 7273 7272
f 7306 7312 7297 7291
f 7302 7303 7288 7287
f 7298 555 572 7313
f 7292 7299 7314 7307
f 7299 7298 7313 7314
f 7311 7310 7295 7296
f 11953 7293 7308 11952
f 7305 7306 7291 7290
f 7300 7304 7289 7285
f 7285 7286 7301 7300
f 7293 7292 7307 7308
f 7311 7312 7327 7326
f 7342 7341 7326 7327
f 7321 7327 7312 7306
f 7317 7318 7303 7302
f 7313 572 589 7328
f 7307 7314 7329 7322
f 7314 7313 7328 7329
f 7326 7325 7310 7311
f 11952 7308 7323 11951
f 7320 7321 7306 7305
f 7315 7319 7304 7300
f 7300 7301 7316 7315
f 7400 7415 694 677
f 7308 7307 7322 7323
f 7330 7334 7319 7315
f 7315 7316 7331 7330
f 7385 7400 677 660
f 7323 7322 7337 7338
f 7341 7342 7357 7356
f 7336 7342 7327 7321
f 660 643 7370 7385
f 7332 7333 7318 7317
f 7328 589 606 7343
f 643 626 7355 7370
f 7322 7329 7344 7337
f 7329 7328 7343 7344
f 7341 7340 7325 7326
f 11951 7323 7338 11950
f 7335 7336 7321 7320
f 7343 606 623 7358
f 7355 626 609 7340
f 7337 7344 7359 7352
f 7344 7343 7358 7359
f 7356 7355 7340 7341
f 11950 7338 7353 11961
f 7350 7351 7336 7335
f 7345 7349 7334 7330
f 7330 7331 7346 7345
f 592 7325 7340 609
f 7338 7337 7352 7353
f 7372 7371 7356 7357
f 7351 7357 7342 7336
f 7325 592 575 7310
f 7347 7348 7333 7332
f 7366 7372 7357 7351
f 7310 575 558 7295
f 7362 7363 7348 7347
f 7358 623 640 7373
f 7295 558 541 7280
f 7352 7359 7374 7367
f 7359 7358 7373 7374
f 7371 7370 7355 7356
f 11961 7353 7368 11960
f 7365 7366 7351 7350
f 7360 7364 7349 7345
f 7345 7346 7361 7360
f 7353 7352 7367 7368
f 7372 7387 7386 7371
f 7401 7386 7387 7402
f 7381 7387 7372 7366
f 7245 496 497 7246
f 7377 7378 7363 7362
f 7373 640 657 7388
f 7367 7374 7389 7382
f 7374 7373 7388 7389
f 7386 7385 7370 7371
f 11960 7368 7383 11959
f 7380 7381 7366 7365
f 7375 7379 7364 7360
f 7360 7361 7376 7375
f 514 7261 7244 495
f 7368 7367 7382 7383
f 7388 657 674 7403
f 7382 7389 7404 7397
f 7389 7388 7403 7404
f 7401 7400 7385 7386
f 11959 7383 7398 11958
f 7395 7396 7381 7380
f 7390 7394 7379 7375
f 7375 7376 7391 7390
f 7383 7382 7397 7398
f 7416 7401 7402 7417
f 7396 7402 7387 7381
f 11941 5338 492 7241
f 7392 7393 7378 7377
f 7405 7409 7394 7390
f 7390 7391 7406 7405
f 7398 7397 7412 7413
f 7411 7417 7402 7396
f 7407 7408 7393 7392
f 7403 674 691 7418
f 7397 7404 7419 7412
f 7404 7403 7418 7419
f 7416 7415 7400 7401
f 11958 7398 7413 11969
f 7410 7411 7396 7395
f 7425 7426 7411 7410
f 7431 7416 7417 7432
f 7415 7430 711 694
f 7420 7424 7409 7405
f 7405 7406 7421 7420
f 7414 7429 7421 7406
f 7426 7432 7417 7411
f 7422 7423 7408 7407
f 7418 691 708 7433
f 7412 7419 7434 7427
f 7419 7418 7433 7434
f 7416 7431 7430 7415
f 11969 7413 7428 11968
f 7428 7413 7412 7427
f 11968 7420 7421 7429
f 7425 7424 7420 7426
f 11842 11854 7021 7012
f 7447 7446 7235 7241
f 7436 7140 7141 7448
f 7160 7161 7453 7452
f 7163 7183 7184 7164
f 7453 7161 7162 7445
f 7449 7465 7467 7450
f 7462 7461 7597 7596
f 7469 7470 7468 7466
f 7471 7472 7470 7469
f 7473 7474 7472 7471
f 7475 7476 7474 7473
f 7477 7478 7476 7475
f 7479 7480 7478 7477
f 7483 7484 7482 7481
f 7485 7486 7484 7483
f 7487 7488 7486 7485
f 7489 7490 7488 7487
f 7491 7492 7490 7489
f 7493 7494 7492 7491
f 7461 7460 7598 7597
f 7686 7685 7500 7501
f 7501 7500 7503 7504
f 7504 7503 7506 7507
f 7507 7506 7509 7511
f 7515 7510 7527 7522
f 7521 7517 7522 7516
f 7511 7509 7514 7516
f 7516 7514 7519 7521
f 7520 7515 7522 7517
f 7516 7522 7527 7511
f 7521 7519 7524 7526
f 7510 7513 7508 7730
f 7514 804 810 7519
f 7525 7520 7517 7512
f 7491 7498 7499 7493
f 7489 7497 7498 7491
f 7487 7496 7497 7489
f 7503 788 792 7506
f 7463 7462 7596 7595
f 7020 7019 11839 11840
f 7466 7482 7484 7469
f 7469 7484 7486 7471
f 7471 7486 7488 7473
f 7473 7488 7490 7475
f 7475 7490 7492 7477
f 7477 7492 7494 7479
f 7470 7472 7530 7529
f 7478 7480 7534 7533
f 7476 7478 7533 7532
f 7474 7476 7532 7531
f 7472 7474 7531 7530
f 7529 7530 7536 7535
f 7533 7534 7540 7539
f 7530 7531 7537 7536
f 7531 7532 7538 7537
f 7532 7533 7539 7538
f 7535 7536 7542 7541
f 7539 7540 7546 7545
f 7536 7537 7543 7542
f 7537 7538 7544 7543
f 7538 7539 7545 7544
f 7541 7542 7548 7547
f 7545 7546 7552 7551
f 7542 7543 7549 7548
f 7543 7544 7550 7549
f 7544 7545 7551 7550
f 7547 7548 7554 7553
f 7551 7552 7558 7557
f 7548 7549 7555 7554
f 7549 7550 7556 7555
f 7550 7551 7557 7556
f 7553 7554 7560 7559
f 7557 7558 7564 7563
f 7554 7555 7561 7560
f 7555 7556 7562 7561
f 7556 7557 7563 7562
f 7711 7712 855 854
f 7725 7710 859 858
f 7712 7724 856 855
f 7724 7723 857 856
f 7723 7725 858 857
f 7666 7742 11973 7568
f 7742 7714 11972 11973
f 7664 7665 7567 11970
f 7702 7662 7569 11971
f 7665 7666 7568 7567
f 7662 7663 7570 7569
f 11845 7574 7573 11846
f 11846 7573 7576 11847
f 7672 7683 7675 7674
f 11855 11714 7574 11845
f 7638 7639 7645 7644
f 11847 7576 7577 11849
f 7583 7585 7668 7671
f 7674 7583 7671 7672
f 7645 7639 7640 7646
f 11850 7597 7598 11851
f 7470 7529 7588 7468
f 7535 7589 7588 7529
f 7541 7590 7589 7535
f 7547 7591 7590 7541
f 7553 7592 7591 7547
f 7559 7593 7592 7553
f 6995 7605 7604 6989
f 11699 11701 6928 6872
f 6917 6960 7606 6916
f 11715 11701 6929 7607
f 11715 11703 6972 6964
f 7608 7609 7606 6960
f 7604 7609 7608 6989
f 6923 6939 6950 6933
f 6926 6962 6937 6925
f 6893 6898 6894 6889
f 6928 6964 6963 6927
f 6934 6951 6952 6935
f 6890 6895 6896 6891
f 6930 6947 6948 6931
f 6924 6938 6939 6923
f 6889 6894 6895 6890
f 6927 6963 6962 6926
f 6935 6952 6943 6936
f 6931 6948 6951 6934
f 6933 6950 6949 6932
f 6898 6893 6936 6943
f 6925 6937 6938 6924
f 6932 6949 6947 6930
f 6891 6896 6897 6892
f 7460 7614 7615 7598
f 11851 7598 7615 11852
f 7506 792 798 7509
f 804 7514 7509 798
f 7519 810 816 7524
f 7450 7621 7622 7449
f 7617 7624 7625 7619
f 7623 7625 7624 7616
f 7594 7620 7619 7625
f 7594 7625 7623 7464
f 7502 7626 7627 7505
f 7527 7510 7730 7731
f 7511 7527 7731 7507
f 7521 7526 7512 7517
f 7523 7520 7525 7528
f 7518 7515 7520 7523
f 7515 7518 7513 7510
f 7626 7629 7628 7627
f 7689 7623 7616 7688
f 7689 7626 7502 7690
f 7618 7595 7596 7458
f 7727 7726 7495 7630
f 7496 7631 7632 7497
f 7497 7632 7633 7498
f 7498 7633 7634 7499
f 7694 7495 7481 7696
f 7692 7466 7468 7691
f 7695 7630 7495 7694
f 7692 7614 7460 7693
f 7696 7481 7482 7693
f 7687 7691 7468 7588
f 7661 7702 11971 7566
f 7579 7661 7566 7571
f 11713 7565 7574 11714
f 7714 970 5369 11972
f 7663 7664 11970 7570
f 7614 7572 7575 7615
f 7658 7659 11976 11979
f 7697 7687 7588 7589
f 11891 7716 935 5285
f 12145 12144 7721 7736
f 12146 12145 7736 7642
f 11888 7592 7593 11889
f 11887 7591 7592 11888
f 11886 7590 7591 11887
f 11892 7589 7590 11886
f 7732 7735 7593 7559
f 7645 7646 7652 7651
f 7720 949 956 7719
f 7644 7645 7651 7650
f 7647 7648 7654 7653
f 7699 7644 7650 7700
f 7646 7647 7653 7652
f 11991 11985 7656 7701
f 11988 11987 7659 7658
f 11989 11988 7658 7657
f 11992 5390 963 7715
f 11985 11989 7657 7656
f 11987 11990 7660 7659
f 11976 11975 7666 7665
f 11981 11977 7662 7702
f 11979 11976 7665 7664
f 11980 11979 7664 7663
f 11982 5380 970 7714
f 11977 11980 7663 7662
f 7722 7717 882 883
f 7669 7668 7667 7586
f 7019 7673 7677 7017
f 7670 7020 7042 7043
f 7670 7673 7019 7020
f 7745 7667 7584 7743
f 7646 7640 7641 7647
f 7647 7641 7642 7648
f 11853 5244 252 7022
f 7677 7678 7018 7017
f 11854 11853 7022 7021
f 12150 12147 7673 7670
f 12150 7670 7043 12151
f 7642 7736 7741 7648
f 7684 7683 7672 7681
f 7681 7672 7671 7682
f 12147 12148 7677 7673
f 7467 7465 7685 7686
f 7736 7721 7720 7741
f 7626 7689 7688 7629
f 7623 7689 7690 7464
f 7462 7694 7696 7461
f 7614 7692 7691 7459
f 7463 7695 7694 7462
f 7466 7692 7693 7482
f 7461 7696 7693 7460
f 7587 7459 7691 7687
f 7636 7587 7687 7697
f 11885 7697 7589 11892
f 7643 7699 7700 7649
f 11986 11991 7701 7655
f 11978 11981 7702 7661
f 7681 7682 7704 7705
f 7681 7705 7706 7684
f 7721 942 949 7720
f 7682 7669 7707 7704
f 12154 5555 1016 7708
f 7737 7744 7723 7724
f 882 7717 7718 880
f 12156 7698 7637 12157
f 7734 7747 7709 7586
f 7004 7009 7007 6998
f 7708 1016 984 7680
f 7741 7720 7719 7740
f 7586 7709 7707 7669
f 7746 7737 7724 7712
f 11983 11982 7714 7742
f 7682 7671 7668 7669
f 7713 7722 883 1014
f 7733 7738 7710 7725
f 7732 7746 7712 7711
f 11993 11992 7715 7739
f 854 935 7716 7711
f 7744 7733 7725 7723
f 7734 7745 7717 7722
f 12148 7707 7709 12153
f 6981 6998 7007 6984
f 7131 11940 7235 7162
f 7446 7445 7162 7235
f 7454 7447 725 734
f 7617 7621 7450 7624
f 7624 7450 7467 7616
f 7686 7688 7616 7467
f 7688 7686 7501 7629
f 7504 7628 7629 7501
f 7500 784 788 7503
f 7685 992 784 7500
f 992 7685 7465 781
f 781 7465 7449 748
f 7622 733 748 7449
f 11748 11856 7612 11913
f 11902 11901 7619 7620
f 11901 11900 7617 7619
f 11900 11899 7621 7617
f 11899 11898 7622 7621
f 7052 7054 11686 7053
f 7729 7728 7726 7727
f 7481 7495 7726 7483
f 7483 7726 7728 7485
f 7627 7730 7508 7505
f 7628 7731 7730 7627
f 7507 7731 7628 7504
f 7729 7631 7496 7728
f 7485 7728 7496 7487
f 7649 7582 7581 7643
f 11984 11986 7655 7580
f 7701 7656 11977 11981
f 7680 7679 7001 7708
f 7679 7018 7678 7001
f 7711 7716 7735 7732
f 7717 7745 7743 7718
f 7561 7562 7744 7737
f 7722 7713 7747 7734
f 7648 7741 7740 7654
f 7560 7561 7737 7746
f 11975 11983 7742 7666
f 7563 7564 7738 7733
f 7559 7560 7746 7732
f 11990 11993 7739 7660
f 7562 7563 7733 7744
f 7586 7667 7745 7734
f 12154 12158 7747 7713
f 12158 12153 7709 7747
f 13354 13353 7749 7748
f 13356 13355 6803 6800
f 13357 13356 6800 6797
f 13358 13357 6797 6794
f 13359 13358 6794 6791
f 13360 13353 6786 6839
f 13362 13361 6854 6857
f 13365 13364 7769 7773
f 13361 13366 6851 6854
f 13379 13363 6838 11696
f 13366 13364 6848 6851
f 13369 13368 6835 6832
f 13365 13370 6845 6887
f 13371 13369 6832 6829
f 13370 13372 6842 6845
f 13372 13360 6839 6842
f 13375 13374 6821 6818
f 13380 13367 6815 11694
f 13377 13376 6812 6809
f 13354 13359 6791 6785
f 13378 13377 6809 6806
f 13355 13378 6806 6803
f 7788 7789 7763 7762
f 7785 7786 7760 7759
f 7780 7781 7755 7754
f 7774 7776 7750 7748
f 7794 7793 7767 7768
f 7789 7790 7764 7763
f 7781 7782 7756 7755
f 7776 7777 7751 7750
f 7773 7769 7795 7799
f 7799 7794 7768 7773
f 11720 7791 7765 11718
f 7782 7783 7757 7756
f 7777 7778 7752 7751
f 7796 7795 7769 7770
f 11719 7784 7758 11717
f 7778 7779 7753 7752
f 7797 7796 7770 7771
f 7792 7775 7749 7766
f 7779 7780 7754 7753
f 7748 7749 7775 7774
f 7798 7797 7771 7772
f 7793 7792 7766 7767
f 7819 7818 7792 7793
f 7814 7815 7789 7788
f 7811 7812 7786 7785
f 7806 7807 7781 7780
f 7800 7802 7776 7774
f 7820 7819 7793 7794
f 7815 7816 7790 7789
f 7807 7808 7782 7781
f 7802 7803 7777 7776
f 7799 7795 7821 7825
f 7825 7820 7794 7799
f 11722 7817 7791 11720
f 7808 7809 7783 7782
f 7803 7804 7778 7777
f 7822 7821 7795 7796
f 11721 7810 7784 11719
f 7804 7805 7779 7778
f 7823 7822 7796 7797
f 7818 7801 7775 7792
f 7805 7806 7780 7779
f 7774 7775 7801 7800
f 7824 7823 7797 7798
f 7849 7848 7822 7823
f 7844 7827 7801 7818
f 7831 7832 7806 7805
f 7800 7801 7827 7826
f 7850 7849 7823 7824
f 7845 7844 7818 7819
f 7840 7841 7815 7814
f 7837 7838 7812 7811
f 7832 7833 7807 7806
f 7826 7828 7802 7800
f 7846 7845 7819 7820
f 7841 7842 7816 7815
f 7833 7834 7808 7807
f 7828 7829 7803 7802
f 7825 7821 7847 7851
f 7851 7846 7820 7825
f 11724 7843 7817 11722
f 7834 7835 7809 7808
f 7829 7830 7804 7803
f 7848 7847 7821 7822
f 11723 7836 7810 11721
f 7830 7831 7805 7804
f 7852 7854 7828 7826
f 7872 7871 7845 7846
f 7867 7868 7842 7841
f 7859 7860 7834 7833
f 7854 7855 7829 7828
f 7851 7847 7873 7877
f 7877 7872 7846 7851
f 11726 7869 7843 11724
f 7860 7861 7835 7834
f 7855 7856 7830 7829
f 7874 7873 7847 7848
f 11725 7862 7836 11723
f 7856 7857 7831 7830
f 7875 7874 7848 7849
f 7870 7853 7827 7844
f 7857 7858 7832 7831
f 7826 7827 7853 7852
f 7876 7875 7849 7850
f 7871 7870 7844 7845
f 7866 7867 7841 7840
f 7863 7864 7838 7837
f 7858 7859 7833 7832
f 7852 7853 7879 7878
f 7902 7901 7875 7876
f 7897 7896 7870 7871
f 7892 7893 7867 7866
f 7889 7890 7864 7863
f 7884 7885 7859 7858
f 7878 7880 7854 7852
f 7898 7897 7871 7872
f 7893 7894 7868 7867
f 7885 7886 7860 7859
f 7880 7881 7855 7854
f 7877 7873 7899 7903
f 7903 7898 7872 7877
f 11728 7895 7869 11726
f 7886 7887 7861 7860
f 7881 7882 7856 7855
f 7900 7899 7873 7874
f 11727 7888 7862 11725
f 7882 7883 7857 7856
f 7901 7900 7874 7875
f 7896 7879 7853 7870
f 7883 7884 7858 7857
f 7908 7909 7883 7882
f 7883 7909 7921 7884
f 7884 7921 7910 7885
f 7886 7911 7918 7887
f 7928 7927 7901 7902
f 11727 11729 7913 7888
f 7889 7914 7915 7890
f 7892 7917 7912 7893
f 7904 7906 7880 7878
f 7893 7912 7919 7894
f 7896 7897 7922 7923
f 7910 7911 7886 7885
f 7901 7927 7905 7900
f 7903 7899 7925 7929
f 7900 7905 7925 7899
f 11730 7920 7895 11728
f 7903 7929 7907 7898
f 7898 7907 7922 7897
f 7896 7923 7926 7879
f 7904 7878 7879 7926
f 7880 7906 7924 7881
f 7881 7924 7908 7882
f 7888 7913 7914 7889
f 7863 7862 7888 7889
f 7837 7836 7862 7863
f 7836 7837 7811 7810
f 7908 7924 7950 7934
f 7929 7925 7951 7955
f 7907 7929 7955 7933
f 11730 7919 7945 11732
f 7912 7917 7943 7938
f 7923 7922 7948 7949
f 7918 7911 7937 7944
f 7906 7904 7930 7932
f 7922 7907 7933 7948
f 11729 7918 7944 11731
f 7909 7908 7934 7935
f 7924 7906 7932 7950
f 7926 7923 7949 7952
f 7905 7927 7953 7931
f 7915 7914 7940 7941
f 7921 7909 7935 7947
f 7927 7928 7954 7953
f 7925 7905 7931 7951
f 7919 7912 7938 7945
f 7910 7921 7947 7936
f 7904 7926 7952 7930
f 7914 7913 7939 7940
f 7911 7910 7936 7937
f 11731 7944 7970 11733
f 7935 7934 7960 7961
f 7949 7948 7974 7975
f 7953 7954 7980 7979
f 7931 7953 7979 7957
f 7941 7940 7966 7967
f 7947 7935 7961 7973
f 7930 7952 7978 7956
f 7951 7931 7957 7977
f 7945 7938 7964 7971
f 7936 7947 7973 7962
f 7955 7951 7977 7981
f 7933 7955 7981 7959
f 7940 7939 7965 7966
f 7937 7936 7962 7963
f 7950 7932 7958 7976
f 7948 7933 7959 7974
f 11732 7945 7971 11734
f 7938 7943 7969 7964
f 7944 7937 7963 7970
f 7932 7930 7956 7958
f 7934 7950 7976 7960
f 7952 7949 7975 7978
f 7957 7979 8005 7983
f 7967 7966 7992 7993
f 7973 7961 7987 7999
f 7956 7978 8004 7982
f 7977 7957 7983 8003
f 7971 7964 7990 7997
f 7962 7973 7999 7988
f 7981 7977 8003 8007
f 7959 7981 8007 7985
f 7966 7965 7991 7992
f 7963 7962 7988 7989
f 7976 7958 7984 8002
f 7974 7959 7985 8000
f 11734 7971 7997 11736
f 7964 7969 7995 7990
f 7970 7963 7989 7996
f 7958 7956 7982 7984
f 7960 7976 8002 7986
f 7978 7975 8001 8004
f 11733 7970 7996 11735
f 7961 7960 7986 7987
f 7975 7974 8000 8001
f 7979 7980 8006 8005
f 11914 8008 8043 8044
f 8027 8039 8012 8024
f 8035 11739 11920 8016
f 11919 11918 11737 11738
f 8040 8041 8010 8011
f 11738 8033 8018 11919
f 8011 11915 8045 8040
f 8008 8009 8042 8043
f 8017 8020 8031 8034
f 11918 8015 8036 11737
f 11923 11921 11740 11742
f 8014 8022 8029 8037
f 8016 8017 8034 8035
f 11915 8013 8038 8045
f 8022 8021 8030 8029
f 8047 8036 8015 11917
f 8025 8014 8037 8026
f 8024 11914 8044 8027
f 11742 8031 8020 11923
f 11917 11916 8046 8047
f 8026 8038 8013 8025
f 8021 11922 11741 8030
f 8028 8032 8019 8023
f 8039 8046 11916 8012
f 11739 8028 8023 11920
f 8009 8010 8041 8042
f 11922 8019 8032 11741
f 11742 11740 7984 7982
f 7996 7989 8046 8039
f 8045 8038 7997 7990
f 8000 7985 11739 8035
f 11740 8033 8002 7984
f 11736 7997 8038 8026
f 8047 8046 7989 7988
f 8040 8045 7990 7995
f 7985 8007 8028 11739
f 8007 8003 8032 8028
f 8027 8044 7991 11735
f 7988 7999 8036 8047
f 8044 8043 7992 7991
f 11741 8032 8003 7983
f 7982 8004 8031 11742
f 7995 7994 8041 8040
f 11737 8036 7999 7987
f 8043 8042 7993 7992
f 8030 11741 7983 8005
f 6994 7604 7605 7029
f 11848 11852 7615 7575
f 7572 7614 7459 7635
f 6973 7609 7604 6994
f 7609 6973 7607 7606
f 7606 7607 6929 6916
f 6873 6860 6916 6929
f 11509 11501 6817 6820
f 6816 6819 6820 6817
f 11476 11477 6819 6816
f 13375 13367 7758 7759
f 7759 7758 7784 7785
f 7785 7784 7810 7811
f 8143 8089 8079 8142
f 8142 8079 8069 8141
f 8141 8069 8059 8140
f 8140 8059 8049 8139
f 8139 8049 8120 8147
f 8354 8348 8094 8144
f 8144 8094 8130 8148
f 8148 8130 8104 8145
f 8145 8104 8114 8146
f 8089 8088 8078 8079
f 8079 8078 8068 8069
f 8069 8068 8058 8059
f 8059 8058 8050 8049
f 8049 8050 8121 8120
f 8348 8347 8095 8094
f 8094 8095 8131 8130
f 8130 8131 8105 8104
f 8104 8105 8115 8114
f 8081 8082 8072 8071
f 8071 8072 8062 8061
f 8061 8062 8052 8051
f 8051 8052 8123 8122
f 8353 8352 8097 8096
f 8096 8097 8133 8132
f 8132 8133 8107 8106
f 8106 8107 8117 8116
f 8159 8193 8191 8217
f 8082 8083 8073 8072
f 8072 8073 8063 8062
f 8062 8063 8053 8052
f 8052 8053 8124 8123
f 8352 8351 8098 8097
f 8097 8098 8134 8133
f 8133 8134 8326 8336
f 8107 8108 8118 8117
f 1400 8187 8209 1529
f 8083 8084 8074 8073
f 8073 8074 8064 8063
f 8063 8064 8054 8053
f 8053 8054 8125 8124
f 8351 8350 8099 8098
f 8098 8099 8135 8134
f 8108 8336 8316 8325
f 8187 8191 8193 8209
f 8084 8085 8075 8074
f 8074 8075 8065 8064
f 8064 8065 8055 8054
f 8054 8055 8126 8125
f 8350 8357 8100 8099
f 8099 8100 8136 8135
f 8135 8136 8110 8109
f 8082 8159 8217 8083
f 8085 8086 8076 8075
f 8075 8076 8066 8065
f 8065 8066 8056 8055
f 8055 8056 8127 8126
f 8357 8356 8101 8100
f 8100 8101 8137 8136
f 8136 8137 8111 8110
f 1402 1403 8161 8163
f 8086 8087 8077 8076
f 8076 8077 8067 8066
f 8066 8067 8057 8056
f 8056 8057 8128 8127
f 8356 8355 8102 8101
f 8101 8102 8138 8137
f 8137 8138 8112 8111
f 1403 1473 8160 8161
f 1401 1402 8163 8164
f 1400 1401 8164 8187
f 8151 8152 7499 7634
f 8090 8143 8142 8080
f 8080 8142 8141 8070
f 8070 8141 8140 8060
f 8060 8140 8139 8048
f 8048 8139 8147 8119
f 8349 8354 8144 8093
f 8093 8144 8148 8129
f 8129 8148 8145 8103
f 8103 8145 8146 8113
f 8187 8164 8192 8191
f 8161 8160 8212 8211
f 8092 8194 8159 8082
f 8163 8161 8211 8210
f 8164 8163 8210 8192
f 8194 8162 8193 8159
f 8091 8092 8082 8081
f 8150 8149 7525 7512
f 8195 8150 7512 7526
f 8149 8196 7528 7525
f 8204 8203 8089 8143
f 8153 8197 7494 7493
f 8185 8184 7552 7546
f 8180 8181 7710 7738
f 8186 8185 7546 7540
f 8181 1497 859 7710
f 7738 7564 8182 8180
f 8188 8186 7540 7534
f 8190 8189 7480 7479
f 8183 8182 7564 7558
f 8189 8188 7534 7480
f 8184 8183 7558 7552
f 8171 8172 8188 8189
f 8176 8177 8182 8183
f 8170 8171 8189 8190
f 8175 8176 8183 8184
f 8174 8175 8184 8185
f 8173 8174 8185 8186
f 8179 8178 8181 8180
f 8172 8173 8186 8188
f 8180 8182 8177 8179
f 8178 1492 1497 8181
f 8165 8158 8175 8174
f 8158 8157 8176 8175
f 8157 8156 8177 8176
f 8169 8168 8171 8170
f 8179 8177 8156 8154
f 8168 8167 8172 8171
f 8154 8155 8178 8179
f 8167 8166 8173 8172
f 8166 8165 8174 8173
f 8202 8203 8152 8151
f 8201 8200 8149 8150
f 8199 8201 8150 8195
f 8200 8198 8196 8149
f 7493 7499 8152 8153
f 8204 8205 8197 8153
f 8088 8089 8203 8202
f 8190 8197 8205 8170
f 8143 8090 8205 8204
f 8092 8091 8198 8200
f 8153 8152 8203 8204
f 8162 8194 8201 8199
f 8194 8092 8200 8201
f 8170 8205 8090 8169
f 8190 7479 7494 8197
f 7524 816 1523 8206
f 8206 1523 1525 8207
f 8208 1527 1529 8209
f 8192 8210 8215 8216
f 8210 8211 8214 8215
f 8211 8212 8213 8214
f 8191 8192 8216 8217
f 8195 7526 7524 8206
f 8207 8199 8195 8206
f 8199 8207 8208 8162
f 8162 8208 8209 8193
f 8217 8216 8084 8083
f 8214 8213 8087 8086
f 8215 8214 8086 8085
f 8216 8215 8085 8084
f 8219 1540 1468 8155
f 8226 8225 8167 8168
f 8154 8156 8220 8218
f 8225 8224 8166 8167
f 8218 8219 8155 8154
f 8224 8223 8165 8166
f 8223 8222 8158 8165
f 8222 8221 8157 8158
f 8221 8220 8156 8157
f 8227 8226 8168 8169
f 8233 8232 8222 8223
f 8232 8231 8221 8222
f 8231 8230 8220 8221
f 8237 8236 8226 8227
f 8229 1551 1540 8219
f 8236 8235 8225 8226
f 8218 8220 8230 8228
f 8235 8234 8224 8225
f 8228 8229 8219 8218
f 8234 8233 8223 8224
f 8244 8238 8239 8245
f 8248 8242 8243 8249
f 8245 8239 8240 8246
f 10505 10504 8241 8247
f 8247 8241 8242 8248
f 8250 8244 8245 8251
f 8254 8248 8249 8255
f 8251 8245 8246 8252
f 10506 10505 8247 8253
f 8253 8247 8248 8254
f 8256 8250 8251 8257
f 8260 8254 8255 8261
f 8257 8251 8252 8258
f 10507 10506 8253 8259
f 8259 8253 8254 8260
f 8262 8256 8257 8263
f 8266 8260 8261 8267
f 8263 8257 8258 8264
f 10508 10507 8259 8265
f 8265 8259 8260 8266
f 8268 8262 8263 8269
f 8272 8266 8267 8273
f 8269 8263 8264 8270
f 10509 10508 8265 8271
f 8271 8265 8266 8272
f 1596 8268 8269 1597
f 1600 8272 8273 1601
f 1597 8269 8270 1598
f 3844 10509 8271 1599
f 1599 8271 8272 1600
f 8238 8244 8232 8233
f 8244 8250 8231 8232
f 8250 8256 8230 8231
f 8228 8230 8256 8262
f 8262 8268 8229 8228
f 8268 1596 1551 8229
f 8070 8237 8227 8080
f 8080 8227 8169 8090
f 8277 8276 8236 8237
f 8276 8275 8235 8236
f 8275 8274 8234 8235
f 8303 8313 8359 8358
f 8281 8280 8276 8277
f 8366 8285 8286 8365
f 8280 8279 8275 8276
f 8365 8286 8287 8364
f 8279 8278 8274 8275
f 8340 8303 8358 8362
f 8285 8339 8341 8295
f 10510 10515 8339 8285
f 8291 8290 8280 8281
f 8285 8295 8296 8286
f 8290 8289 8279 8280
f 8286 8296 8297 8287
f 8289 8288 8278 8279
f 8288 8292 8282 8278
f 8292 8293 8283 8282
f 10515 10511 8304 8339
f 8339 8304 8305 8341
f 8343 8342 8290 8291
f 8342 8344 8289 8290
f 8344 8345 8288 8289
f 8345 8346 8292 8288
f 8346 8340 8293 8292
f 8312 8313 8303 8302
f 10511 10512 8314 8304
f 8304 8314 8315 8305
f 8311 8310 8300 8301
f 8338 8337 8326 8109
f 8310 8309 8299 8300
f 8315 8316 8337 8305
f 8309 8308 8298 8299
f 8308 8312 8302 8298
f 8321 8322 8313 8312
f 10512 10513 8323 8314
f 8314 8323 8324 8315
f 8320 8319 8310 8311
f 8315 8324 8325 8316
f 8319 8318 8309 8310
f 8107 8133 8336 8108
f 8318 8317 8308 8309
f 8317 8321 8312 8308
f 8327 8331 8321 8317
f 8331 8332 8322 8321
f 10513 10514 8333 8323
f 8323 8333 8334 8324
f 8330 8329 8319 8320
f 8324 8334 8335 8325
f 8329 8328 8318 8319
f 8325 8335 8118 8108
f 8328 8327 8317 8318
f 8110 8111 8307 8306
f 8326 8337 8316 8336
f 8326 8134 8135 8109
f 8338 8109 8110 8306
f 8293 8340 8362 8284
f 8301 8300 8342 8343
f 8300 8299 8344 8342
f 8341 8305 8337 8338
f 8299 8298 8345 8344
f 8298 8302 8346 8345
f 8302 8303 8340 8346
f 8125 8126 8357 8350
f 8123 8124 8351 8352
f 8147 8120 8348 8354
f 8119 8147 8354 8349
f 8124 8125 8350 8351
f 8120 8121 8347 8348
f 8122 8123 8352 8353
f 8127 8128 8355 8356
f 8126 8127 8356 8357
f 8295 8341 8338 8306
f 8060 8277 8237 8070
f 8048 8281 8277 8060
f 8281 8048 8119 8291
f 8349 8343 8291 8119
f 8343 8349 8093 8301
f 8301 8093 8129 8311
f 8103 8320 8311 8129
f 8320 8103 8113 8330
f 8306 8307 8296 8295
f 8313 8322 8360 8359
f 8322 8332 8361 8360
f 10537 10510 8285 8366
f 8307 8363 8297 8296
f 8307 8111 8112 8363
f 8294 8283 8293 8284
f 8333 8380 8381 8334
f 8377 8376 8329 8330
f 8146 8114 8368 8373
f 8334 8381 8382 8335
f 8383 8361 8332 8379
f 8376 8375 8328 8329
f 8114 8115 8369 8368
f 8375 8374 8327 8328
f 8373 8367 8113 8146
f 8374 8378 8331 8327
f 8378 8379 8332 8331
f 8367 8377 8330 8113
f 8116 8117 8371 8370
f 10514 10516 8380 8333
f 8117 8118 8372 8371
f 8335 8382 8372 8118
f 8380 8397 8398 8381
f 8394 8393 8376 8377
f 8368 8369 8386 8385
f 8381 8398 8399 8382
f 8393 8392 8375 8376
f 8382 8399 8389 8372
f 8392 8391 8374 8375
f 8384 8394 8377 8367
f 8391 8395 8378 8374
f 8370 8371 8388 8387
f 8400 8383 8379 8396
f 8395 8396 8379 8378
f 8371 8372 8389 8388
f 10516 10517 8397 8380
f 8390 8384 8367 8373
f 8373 8368 8385 8390
f 8398 8415 8416 8399
f 8410 8409 8392 8393
f 8399 8416 8406 8389
f 8409 8408 8391 8392
f 8401 8411 8394 8384
f 8408 8412 8395 8391
f 8387 8388 8405 8404
f 8417 8400 8396 8413
f 8412 8413 8396 8395
f 8388 8389 8406 8405
f 10517 10518 8414 8397
f 8407 8401 8384 8390
f 8390 8385 8402 8407
f 8397 8414 8415 8398
f 8411 8410 8393 8394
f 8385 8386 8403 8402
f 8416 8433 8423 8406
f 8426 8425 8408 8409
f 8418 8428 8411 8401
f 8425 8429 8412 8408
f 8404 8405 8422 8421
f 8434 8417 8413 8430
f 8429 8430 8413 8412
f 8405 8406 8423 8422
f 10518 10519 8431 8414
f 8424 8418 8401 8407
f 8407 8402 8419 8424
f 8414 8431 8432 8415
f 8428 8427 8410 8411
f 8402 8403 8420 8419
f 8415 8432 8433 8416
f 8427 8426 8409 8410
f 8458 8442 8443 8459
f 8465 8449 8450 8466
f 8459 8443 8444 8460
f 8451 8466 8450 8435
f 8460 8444 8445 8461
f 8451 8435 8436 8452
f 8461 8445 8446 8462
f 8455 8439 8440 8456
f 8452 8436 8437 8453
f 8462 8446 8447 8463
f 8456 8440 8441 8457
f 8454 8438 8439 8455
f 8463 8447 8448 8464
f 8457 8441 8442 8458
f 8453 8437 8438 8454
f 8464 8448 8449 8465
f 8465 8466 8451 8452
f 8464 8465 8452 8453
f 8463 8464 8453 8454
f 8462 8463 8454 8455
f 8455 8456 8461 8462
f 8456 8457 8460 8461
f 8457 8458 8459 8460
f 8442 8474 8475 8443
f 8449 8481 8482 8450
f 8443 8475 8476 8444
f 8435 8450 8482 8467
f 8444 8476 8477 8445
f 8435 8467 8468 8436
f 8445 8477 8478 8446
f 8439 8471 8472 8440
f 8436 8468 8469 8437
f 8446 8478 8479 8447
f 8440 8472 8473 8441
f 8438 8470 8471 8439
f 8447 8479 8480 8448
f 8441 8473 8474 8442
f 8437 8469 8470 8438
f 8448 8480 8481 8449
f 8467 8482 8498 8483
f 8476 8492 8493 8477
f 8467 8483 8484 8468
f 8477 8493 8494 8478
f 8471 8487 8488 8472
f 8468 8484 8485 8469
f 8478 8494 8495 8479
f 8472 8488 8489 8473
f 8470 8486 8487 8471
f 8479 8495 8496 8480
f 8473 8489 8490 8474
f 8469 8485 8486 8470
f 8480 8496 8497 8481
f 8474 8490 8491 8475
f 8481 8497 8498 8482
f 8475 8491 8492 8476
f 8548 8513 8514 8547
f 8550 8507 8508 8549
f 8551 8547 8514 8499
f 8549 8508 8509 8552
f 8551 8499 8500 8553
f 8552 8509 8510 8554
f 8556 8503 8504 8555
f 8553 8500 8501 8557
f 8554 8510 8511 8558
f 8555 8504 8505 8559
f 8560 8502 8503 8556
f 8558 8511 8512 8561
f 8559 8505 8506 8562
f 8557 8501 8502 8560
f 8561 8512 8513 8548
f 8562 8506 8507 8550
f 8499 8514 8530 8515
f 8508 8524 8525 8509
f 8499 8515 8516 8500
f 8509 8525 8526 8510
f 8503 8519 8520 8504
f 8500 8516 8517 8501
f 8510 8526 8527 8511
f 8504 8520 8521 8505
f 8502 8518 8519 8503
f 8511 8527 8528 8512
f 8505 8521 8522 8506
f 8501 8517 8518 8502
f 8512 8528 8529 8513
f 8506 8522 8523 8507
f 8513 8529 8530 8514
f 8507 8523 8524 8508
f 8529 8545 8546 8530
f 8523 8539 8540 8524
f 8515 8530 8546 8531
f 8524 8540 8541 8525
f 8515 8531 8532 8516
f 8525 8541 8542 8526
f 8519 8535 8536 8520
f 8516 8532 8533 8517
f 8526 8542 8543 8527
f 8520 8536 8537 8521
f 8518 8534 8535 8519
f 8527 8543 8544 8528
f 8521 8537 8538 8522
f 8517 8533 8534 8518
f 8528 8544 8545 8529
f 8522 8538 8539 8523
f 8497 8548 8547 8498
f 8491 8550 8549 8492
f 8483 8498 8547 8551
f 8492 8549 8552 8493
f 8483 8551 8553 8484
f 8493 8552 8554 8494
f 8487 8556 8555 8488
f 8484 8553 8557 8485
f 8494 8554 8558 8495
f 8488 8555 8559 8489
f 8486 8560 8556 8487
f 8495 8558 8561 8496
f 8489 8559 8562 8490
f 8485 8557 8560 8486
f 8496 8561 8548 8497
f 8490 8562 8550 8491
f 8546 8067 8077 8531
f 8545 8057 8067 8546
f 8531 8077 8087 8532
f 8213 8533 8532 8087
f 8212 8534 8533 8213
f 8563 8564 8535 8534
f 8564 8565 8536 8535
f 8565 8566 8537 8536
f 1891 1892 8564 8563
f 1892 1893 8565 8564
f 1893 1894 8566 8565
f 1473 1891 8563 8160
f 8160 8563 8534 8212
f 8057 8545 8544 8128
f 8355 10720 10589 8102
f 9482 8674 8571 9460
f 9481 8642 8573 9459
f 8639 8641 8572 8607
f 9930 9926 8579 8608
f 9934 9925 8578 9462
f 9935 9927 8580 9461
f 9485 8679 8570 9457
f 9486 8680 8568 9458
f 8682 8685 8569 8606
f 9627 9613 8584 8656
f 8669 8607 8572 8676
f 9629 9614 8583 8667
f 9936 9616 8590 9929
f 8634 8586 8576 8631
f 8681 8588 8568 8680
f 9928 8585 8580 9927
f 8640 8587 8573 8642
f 8656 8584 8567 8658
f 9929 8590 8575 9924
f 8636 8575 8590 8635
f 9483 9460 8571 8677
f 9484 9459 8573 8675
f 9480 8627 8697 9489
f 8624 8630 8701 8700
f 9623 8620 8696 9635
f 9475 8629 8702 9490
f 8627 8624 8700 8697
f 9470 8616 8591 9465
f 8601 8605 8591 8593
f 8619 8617 8594 8595
f 9618 8601 8593 9634
f 9469 8618 8597 9466
f 8727 8599 8596 8736
f 8621 8615 8592 8598
f 8618 8621 8598 8597
f 8597 8598 8600 8603
f 8598 8592 8610 8600
f 8674 8639 8607 8571
f 9925 9930 8608 8578
f 8679 8682 8606 8570
f 8732 8735 8611 8655
f 8677 8571 8607 8669
f 8723 8734 8612 8670
f 9933 8728 8614 9931
f 8736 8596 8622 8726
f 9466 8597 8603 9468
f 9634 8593 8620 9623
f 8595 8594 8604 8602
f 8593 8591 8616 8620
f 9465 8591 8605 9467
f 8724 8695 8623 8731
f 8696 8702 8629 8625
f 9489 8697 8618 9469
f 9635 8696 8625 9624
f 8697 8700 8621 8618
f 8698 8699 8617 8619
f 8700 8701 8615 8621
f 9490 8702 8616 9470
f 9494 8753 8627 9480
f 8754 8752 8630 8624
f 8758 8751 8654 8729
f 8609 8637 8632 8577
f 9616 9625 8635 8590
f 8678 8634 8631 8675
f 8668 8636 8635 8667
f 9463 9471 8633 8582
f 9464 9472 8631 8576
f 8582 8633 8637 8609
f 8728 8725 8638 8614
f 8665 8664 8659 8644
f 8749 8750 8628 8626
f 9478 8663 8661 9473
f 9650 8755 8652 9628
f 8694 8652 8648 8692
f 9630 9626 8645 8672
f 8722 8730 8643 8671
f 9458 8568 8663 9478
f 8657 8665 8644 8660
f 9479 8657 8660 9474
f 8633 8677 8669 8637
f 8666 8646 8661 8663
f 8730 8732 8655 8643
f 8672 8645 8662 8673
f 9495 8756 8629 9475
f 9471 9483 8677 8633
f 8753 8754 8624 8627
f 8644 8659 8641 8639
f 8720 8729 8654 8691
f 9457 8570 8657 9479
f 8606 8569 8664 8665
f 8588 8666 8663 8568
f 9632 9628 8652 8694
f 8755 8756 8648 8652
f 9473 8661 8642 9481
f 8645 8656 8658 8662
f 9626 9627 8656 8645
f 8570 8606 8665 8657
f 8587 8678 8675 8573
f 9625 9629 8667 8635
f 8637 8669 8676 8632
f 8734 8722 8671 8612
f 8583 8672 8673 8574
f 9472 9484 8675 8631
f 8574 8668 8667 8583
f 8725 8723 8670 8638
f 9614 9630 8672 8583
f 9474 8660 8674 9482
f 8660 8644 8639 8674
f 8646 8640 8642 8661
f 9487 8687 8679 9485
f 9488 8688 8680 9486
f 8690 8693 8685 8682
f 8689 8681 8680 8688
f 8687 8690 8682 8679
f 8584 8686 8684 8567
f 8735 8721 8683 8611
f 9613 9631 8686 8584
f 8686 8694 8692 8684
f 8721 8720 8691 8683
f 9631 9632 8694 8686
f 9477 8647 8687 9487
f 9476 8649 8688 9488
f 8653 8650 8693 8690
f 8651 8689 8688 8649
f 8647 8653 8690 8687
f 8626 8628 8699 8698
f 8726 8622 8695 8724
f 8620 8616 8702 8696
f 8655 8611 8703 8713
f 8670 8612 8704 8715
f 9931 8614 8706 9932
f 8622 8709 8719 8695
f 8599 8708 8707 8596
f 8596 8707 8709 8622
f 8695 8719 8710 8623
f 8614 8638 8711 8706
f 8751 8757 8714 8654
f 8671 8643 8712 8716
f 8691 8654 8714 8718
f 8643 8655 8713 8712
f 8638 8670 8715 8711
f 8612 8671 8716 8704
f 8611 8683 8717 8703
f 8683 8691 8718 8717
f 9640 9638 8723 8725
f 9937 9622 8728 9933
f 9622 9640 8725 8728
f 9636 9643 8729 8720
f 9617 8736 8726 9642
f 9620 9637 8722 8734
f 9619 9639 8721 8735
f 9633 8724 8731 9644
f 9645 9619 8735 8732
f 9638 9620 8734 8723
f 9646 9645 8732 8730
f 9642 8726 8724 9633
f 9641 8727 8736 9617
f 9639 9636 8720 8721
f 9651 8758 8729 9643
f 9637 9646 8730 8722
f 8746 8738 8599 8727
f 8603 8600 8737 8741
f 8708 8599 8738 8745
f 9468 8603 8741 9491
f 8739 8743 8605 8601
f 8602 8604 8742 8740
f 9641 8602 8740 9648
f 9467 8605 8743 9492
f 9647 8739 8601 9618
f 8600 8610 8744 8737
f 9648 8740 8748 9649
f 9647 9649 8748 8739
f 8739 8748 8747 8743
f 8748 8740 8742 8747
f 9493 9491 8741 8737
f 9493 9492 8743 8747
f 9476 8650 8753 9494
f 8653 8647 8752 8754
f 8731 8623 8751 8758
f 8651 8649 8750 8749
f 9624 8625 8755 9650
f 9477 8648 8756 9495
f 8650 8653 8754 8753
f 8625 8629 8756 8755
f 8623 8710 8757 8751
f 9644 8731 8758 9651
f 9521 8866 8763 9499
f 9520 8834 8765 9498
f 8831 8833 8764 8799
f 9939 9973 8771 8800
f 9943 9974 8770 9501
f 9942 9972 8772 9500
f 9524 8871 8762 9496
f 9525 8872 8760 9497
f 8874 8877 8761 8798
f 9666 9652 8776 8848
f 8861 8799 8764 8868
f 9668 9653 8775 8859
f 9949 9655 8782 9940
f 8826 8778 8768 8823
f 8873 8780 8760 8872
f 9941 8777 8772 9972
f 8832 8779 8765 8834
f 8848 8776 8759 8850
f 9940 8782 8767 9975
f 8828 8767 8782 8827
f 9522 9499 8763 8869
f 9523 9498 8765 8867
f 9519 8819 8889 9528
f 8816 8822 8893 8892
f 9662 8812 8888 9674
f 9514 8821 8894 9529
f 8819 8816 8892 8889
f 9509 8808 8783 9504
f 8793 8797 8783 8785
f 8811 8809 8786 8787
f 9657 8793 8785 9673
f 9508 8810 8789 9505
f 8919 8791 8788 8928
f 8813 8807 8784 8790
f 8810 8813 8790 8789
f 8789 8790 8792 8795
f 8790 8784 8802 8792
f 8866 8831 8799 8763
f 9974 9939 8800 8770
f 8871 8874 8798 8762
f 8924 8927 8803 8847
f 8869 8763 8799 8861
f 8915 8926 8804 8862
f 9944 8920 8806 9938
f 8928 8788 8814 8918
f 9505 8789 8795 9507
f 9673 8785 8812 9662
f 8787 8786 8796 8794
f 8785 8783 8808 8812
f 9504 8783 8797 9506
f 8916 8887 8815 8923
f 8888 8894 8821 8817
f 9528 8889 8810 9508
f 9674 8888 8817 9663
f 8889 8892 8813 8810
f 8890 8891 8809 8811
f 8892 8893 8807 8813
f 9529 8894 8808 9509
f 9533 8945 8819 9519
f 8946 8944 8822 8816
f 8950 8943 8846 8921
f 8801 8829 8824 8769
f 9655 9664 8827 8782
f 8870 8826 8823 8867
f 8860 8828 8827 8859
f 9502 9510 8825 8774
f 9503 9511 8823 8768
f 8774 8825 8829 8801
f 8920 8917 8830 8806
f 8857 8856 8851 8836
f 8941 8942 8820 8818
f 9517 8855 8853 9512
f 9689 8947 8844 9667
f 8886 8844 8840 8884
f 9669 9665 8837 8864
f 8914 8922 8835 8863
f 9497 8760 8855 9517
f 8849 8857 8836 8852
f 9518 8849 8852 9513
f 8825 8869 8861 8829
f 8858 8838 8853 8855
f 8922 8924 8847 8835
f 8864 8837 8854 8865
f 9534 8948 8821 9514
f 9510 9522 8869 8825
f 8945 8946 8816 8819
f 8836 8851 8833 8831
f 8912 8921 8846 8883
f 9496 8762 8849 9518
f 8798 8761 8856 8857
f 8780 8858 8855 8760
f 9671 9667 8844 8886
f 8947 8948 8840 8844
f 9512 8853 8834 9520
f 8837 8848 8850 8854
f 9665 9666 8848 8837
f 8762 8798 8857 8849
f 8779 8870 8867 8765
f 9664 9668 8859 8827
f 8829 8861 8868 8824
f 8926 8914 8863 8804
f 8775 8864 8865 8766
f 9511 9523 8867 8823
f 8766 8860 8859 8775
f 8917 8915 8862 8830
f 9653 9669 8864 8775
f 9513 8852 8866 9521
f 8852 8836 8831 8866
f 8838 8832 8834 8853
f 9526 8879 8871 9524
f 9527 8880 8872 9525
f 8882 8885 8877 8874
f 8881 8873 8872 8880
f 8879 8882 8874 8871
f 8776 8878 8876 8759
f 8927 8913 8875 8803
f 9652 9670 8878 8776
f 8878 8886 8884 8876
f 8913 8912 8883 8875
f 9670 9671 8886 8878
f 9516 8839 8879 9526
f 9515 8841 8880 9527
f 8845 8842 8885 8882
f 8843 8881 8880 8841
f 8839 8845 8882 8879
f 8818 8820 8891 8890
f 8918 8814 8887 8916
f 8812 8808 8894 8888
f 8847 8803 8895 8905
f 8862 8804 8896 8907
f 9938 8806 8898 9945
f 8814 8901 8911 8887
f 8791 8900 8899 8788
f 8788 8899 8901 8814
f 8887 8911 8902 8815
f 8806 8830 8903 8898
f 8943 8949 8906 8846
f 8863 8835 8904 8908
f 8883 8846 8906 8910
f 8835 8847 8905 8904
f 8830 8862 8907 8903
f 8804 8863 8908 8896
f 8803 8875 8909 8895
f 8875 8883 8910 8909
f 9679 9677 8915 8917
f 9948 9661 8920 9944
f 9661 9679 8917 8920
f 9675 9682 8921 8912
f 9656 8928 8918 9681
f 9659 9676 8914 8926
f 9658 9678 8913 8927
f 9672 8916 8923 9683
f 9684 9658 8927 8924
f 9677 9659 8926 8915
f 9685 9684 8924 8922
f 9681 8918 8916 9672
f 9680 8919 8928 9656
f 9678 9675 8912 8913
f 9690 8950 8921 9682
f 9676 9685 8922 8914
f 8938 8930 8791 8919
f 8795 8792 8929 8933
f 8900 8791 8930 8937
f 9507 8795 8933 9530
f 8931 8935 8797 8793
f 8794 8796 8934 8932
f 9680 8794 8932 9687
f 9506 8797 8935 9531
f 9686 8931 8793 9657
f 8792 8802 8936 8929
f 9687 8932 8940 9688
f 9686 9688 8940 8931
f 8931 8940 8939 8935
f 8940 8932 8934 8939
f 9532 9530 8933 8929
f 9532 9531 8935 8939
f 9515 8842 8945 9533
f 8845 8839 8944 8946
f 8923 8815 8943 8950
f 8843 8841 8942 8941
f 9663 8817 8947 9689
f 9516 8840 8948 9534
f 8842 8845 8946 8945
f 8817 8821 8948 8947
f 8815 8902 8949 8943
f 9683 8923 8950 9690
f 9560 9058 8955 9538
f 9559 9026 8957 9537
f 9023 9025 8956 8991
f 9962 9964 8963 8992
f 9958 9955 8962 9540
f 9959 9965 8964 9539
f 9563 9063 8954 9535
f 9564 9064 8952 9536
f 9066 9069 8953 8990
f 9705 9691 8968 9040
f 9053 8991 8956 9060
f 9707 9692 8967 9051
f 9950 9694 8974 9953
f 9018 8970 8960 9015
f 9065 8972 8952 9064
f 9952 8969 8964 9965
f 9024 8971 8957 9026
f 9040 8968 8951 9042
f 9953 8974 8959 9954
f 9020 8959 8974 9019
f 9561 9538 8955 9061
f 9562 9537 8957 9059
f 9558 9011 9081 9567
f 9008 9014 9085 9084
f 9701 9004 9080 9713
f 9553 9013 9086 9568
f 9011 9008 9084 9081
f 9548 9000 8975 9543
f 8985 8989 8975 8977
f 9003 9001 8978 8979
f 9696 8985 8977 9712
f 9547 9002 8981 9544
f 9111 8983 8980 9120
f 9005 8999 8976 8982
f 9002 9005 8982 8981
f 8981 8982 8984 8987
f 8982 8976 8994 8984
f 9058 9023 8991 8955
f 9955 9962 8992 8962
f 9063 9066 8990 8954
f 9116 9119 8995 9039
f 9061 8955 8991 9053
f 9107 9118 8996 9054
f 9957 9112 8998 9963
f 9120 8980 9006 9110
f 9544 8981 8987 9546
f 9712 8977 9004 9701
f 8979 8978 8988 8986
f 8977 8975 9000 9004
f 9543 8975 8989 9545
f 9108 9079 9007 9115
f 9080 9086 9013 9009
f 9567 9081 9002 9547
f 9713 9080 9009 9702
f 9081 9084 9005 9002
f 9082 9083 9001 9003
f 9084 9085 8999 9005
f 9568 9086 9000 9548
f 9572 9137 9011 9558
f 9138 9136 9014 9008
f 9142 9135 9038 9113
f 8993 9021 9016 8961
f 9694 9703 9019 8974
f 9062 9018 9015 9059
f 9052 9020 9019 9051
f 9541 9549 9017 8966
f 9542 9550 9015 8960
f 8966 9017 9021 8993
f 9112 9109 9022 8998
f 9049 9048 9043 9028
f 9133 9134 9012 9010
f 9556 9047 9045 9551
f 9728 9139 9036 9706
f 9078 9036 9032 9076
f 9708 9704 9029 9056
f 9106 9114 9027 9055
f 9536 8952 9047 9556
f 9041 9049 9028 9044
f 9557 9041 9044 9552
f 9017 9061 9053 9021
f 9050 9030 9045 9047
f 9114 9116 9039 9027
f 9056 9029 9046 9057
f 9573 9140 9013 9553
f 9549 9561 9061 9017
f 9137 9138 9008 9011
f 9028 9043 9025 9023
f 9104 9113 9038 9075
f 9535 8954 9041 9557
f 8990 8953 9048 9049
f 8972 9050 9047 8952
f 9710 9706 9036 9078
f 9139 9140 9032 9036
f 9551 9045 9026 9559
f 9029 9040 9042 9046
f 9704 9705 9040 9029
f 8954 8990 9049 9041
f 8971 9062 9059 8957
f 9703 9707 9051 9019
f 9021 9053 9060 9016
f 9118 9106 9055 8996
f 8967 9056 9057 8958
f 9550 9562 9059 9015
f 8958 9052 9051 8967
f 9109 9107 9054 9022
f 9692 9708 9056 8967
f 9552 9044 9058 9560
f 9044 9028 9023 9058
f 9030 9024 9026 9045
f 9565 9071 9063 9563
f 9566 9072 9064 9564
f 9074 9077 9069 9066
f 9073 9065 9064 9072
f 9071 9074 9066 9063
f 8968 9070 9068 8951
f 9119 9105 9067 8995
f 9691 9709 9070 8968
f 9070 9078 9076 9068
f 9105 9104 9075 9067
f 9709 9710 9078 9070
f 9555 9031 9071 9565
f 9554 9033 9072 9566
f 9037 9034 9077 9074
f 9035 9073 9072 9033
f 9031 9037 9074 9071
f 9010 9012 9083 9082
f 9110 9006 9079 9108
f 9004 9000 9086 9080
f 9039 8995 9087 9097
f 9054 8996 9088 9099
f 9963 8998 9090 9956
f 9006 9093 9103 9079
f 8983 9092 9091 8980
f 8980 9091 9093 9006
f 9079 9103 9094 9007
f 8998 9022 9095 9090
f 9135 9141 9098 9038
f 9055 9027 9096 9100
f 9075 9038 9098 9102
f 9027 9039 9097 9096
f 9022 9054 9099 9095
f 8996 9055 9100 9088
f 8995 9067 9101 9087
f 9067 9075 9102 9101
f 9718 9716 9107 9109
f 9951 9700 9112 9957
f 9700 9718 9109 9112
f 9714 9721 9113 9104
f 9695 9120 9110 9720
f 9698 9715 9106 9118
f 9697 9717 9105 9119
f 9711 9108 9115 9722
f 9723 9697 9119 9116
f 9716 9698 9118 9107
f 9724 9723 9116 9114
f 9720 9110 9108 9711
f 9719 9111 9120 9695
f 9717 9714 9104 9105
f 9729 9142 9113 9721
f 9715 9724 9114 9106
f 9130 9122 8983 9111
f 8987 8984 9121 9125
f 9092 8983 9122 9129
f 9546 8987 9125 9569
f 9123 9127 8989 8985
f 8986 8988 9126 9124
f 9719 8986 9124 9726
f 9545 8989 9127 9570
f 9725 9123 8985 9696
f 8984 8994 9128 9121
f 9726 9124 9132 9727
f 9725 9727 9132 9123
f 9123 9132 9131 9127
f 9132 9124 9126 9131
f 9571 9569 9125 9121
f 9571 9570 9127 9131
f 9554 9034 9137 9572
f 9037 9031 9136 9138
f 9115 9007 9135 9142
f 9035 9033 9134 9133
f 9702 9009 9139 9728
f 9555 9032 9140 9573
f 9034 9037 9138 9137
f 9009 9013 9140 9139
f 9007 9094 9141 9135
f 9722 9115 9142 9729
f 9599 9250 9147 9577
f 9598 9218 9149 9576
f 9215 9217 9148 9183
f 9969 9947 9155 9184
f 9971 9960 9154 9579
f 9970 9946 9156 9578
f 9602 9255 9146 9574
f 9603 9256 9144 9575
f 9258 9261 9145 9182
f 9744 9730 9160 9232
f 9245 9183 9148 9252
f 9746 9731 9159 9243
f 9967 9733 9166 9977
f 9210 9162 9152 9207
f 9257 9164 9144 9256
f 9976 9161 9156 9946
f 9216 9163 9149 9218
f 9232 9160 9143 9234
f 9977 9166 9151 9961
f 9212 9151 9166 9211
f 9600 9577 9147 9253
f 9601 9576 9149 9251
f 9597 9203 9273 9606
f 9200 9206 9277 9276
f 9740 9196 9272 9752
f 9592 9205 9278 9607
f 9203 9200 9276 9273
f 9587 9192 9167 9582
f 9177 9181 9167 9169
f 9195 9193 9170 9171
f 9735 9177 9169 9751
f 9586 9194 9173 9583
f 9303 9175 9172 9312
f 9197 9191 9168 9174
f 9194 9197 9174 9173
f 9173 9174 9176 9179
f 9174 9168 9186 9176
f 9250 9215 9183 9147
f 9960 9969 9184 9154
f 9255 9258 9182 9146
f 9308 9311 9187 9231
f 9253 9147 9183 9245
f 9299 9310 9188 9246
f 9978 9304 9190 9968
f 9312 9172 9198 9302
f 9583 9173 9179 9585
f 9751 9169 9196 9740
f 9171 9170 9180 9178
f 9169 9167 9192 9196
f 9582 9167 9181 9584
f 9300 9271 9199 9307
f 9272 9278 9205 9201
f 9606 9273 9194 9586
f 9752 9272 9201 9741
f 9273 9276 9197 9194
f 9274 9275 9193 9195
f 9276 9277 9191 9197
f 9607 9278 9192 9587
f 9611 9329 9203 9597
f 9330 9328 9206 9200
f 9334 9327 9230 9305
f 9185 9213 9208 9153
f 9733 9742 9211 9166
f 9254 9210 9207 9251
f 9244 9212 9211 9243
f 9580 9588 9209 9158
f 9581 9589 9207 9152
f 9158 9209 9213 9185
f 9304 9301 9214 9190
f 9241 9240 9235 9220
f 9325 9326 9204 9202
f 9595 9239 9237 9590
f 9767 9331 9228 9745
f 9270 9228 9224 9268
f 9747 9743 9221 9248
f 9298 9306 9219 9247
f 9575 9144 9239 9595
f 9233 9241 9220 9236
f 9596 9233 9236 9591
f 9209 9253 9245 9213
f 9242 9222 9237 9239
f 9306 9308 9231 9219
f 9248 9221 9238 9249
f 9612 9332 9205 9592
f 9588 9600 9253 9209
f 9329 9330 9200 9203
f 9220 9235 9217 9215
f 9296 9305 9230 9267
f 9574 9146 9233 9596
f 9182 9145 9240 9241
f 9164 9242 9239 9144
f 9749 9745 9228 9270
f 9331 9332 9224 9228
f 9590 9237 9218 9598
f 9221 9232 9234 9238
f 9743 9744 9232 9221
f 9146 9182 9241 9233
f 9163 9254 9251 9149
f 9742 9746 9243 9211
f 9213 9245 9252 9208
f 9310 9298 9247 9188
f 9159 9248 9249 9150
f 9589 9601 9251 9207
f 9150 9244 9243 9159
f 9301 9299 9246 9214
f 9731 9747 9248 9159
f 9591 9236 9250 9599
f 9236 9220 9215 9250
f 9222 9216 9218 9237
f 9604 9263 9255 9602
f 9605 9264 9256 9603
f 9266 9269 9261 9258
f 9265 9257 9256 9264
f 9263 9266 9258 9255
f 9160 9262 9260 9143
f 9311 9297 9259 9187
f 9730 9748 9262 9160
f 9262 9270 9268 9260
f 9297 9296 9267 9259
f 9748 9749 9270 9262
f 9594 9223 9263 9604
f 9593 9225 9264 9605
f 9229 9226 9269 9266
f 9227 9265 9264 9225
f 9223 9229 9266 9263
f 9202 9204 9275 9274
f 9302 9198 9271 9300
f 9196 9192 9278 9272
f 9231 9187 9279 9289
f 9246 9188 9280 9291
f 9968 9190 9282 9979
f 9198 9285 9295 9271
f 9175 9284 9283 9172
f 9172 9283 9285 9198
f 9271 9295 9286 9199
f 9190 9214 9287 9282
f 9327 9333 9290 9230
f 9247 9219 9288 9292
f 9267 9230 9290 9294
f 9219 9231 9289 9288
f 9214 9246 9291 9287
f 9188 9247 9292 9280
f 9187 9259 9293 9279
f 9259 9267 9294 9293
f 9757 9755 9299 9301
f 9966 9739 9304 9978
f 9739 9757 9301 9304
f 9753 9760 9305 9296
f 9734 9312 9302 9759
f 9737 9754 9298 9310
f 9736 9756 9297 9311
f 9750 9300 9307 9761
f 9762 9736 9311 9308
f 9755 9737 9310 9299
f 9763 9762 9308 9306
f 9759 9302 9300 9750
f 9758 9303 9312 9734
f 9756 9753 9296 9297
f 9768 9334 9305 9760
f 9754 9763 9306 9298
f 9322 9314 9175 9303
f 9179 9176 9313 9317
f 9284 9175 9314 9321
f 9585 9179 9317 9608
f 9315 9319 9181 9177
f 9178 9180 9318 9316
f 9758 9178 9316 9765
f 9584 9181 9319 9609
f 9764 9315 9177 9735
f 9176 9186 9320 9313
f 9765 9316 9324 9766
f 9764 9766 9324 9315
f 9315 9324 9323 9319
f 9324 9316 9318 9323
f 9610 9608 9317 9313
f 9610 9609 9319 9323
f 9593 9226 9329 9611
f 9229 9223 9328 9330
f 9307 9199 9327 9334
f 9227 9225 9326 9325
f 9741 9201 9331 9767
f 9594 9224 9332 9612
f 9226 9229 9330 9329
f 9201 9205 9332 9331
f 9199 9286 9333 9327
f 9761 9307 9334 9768
f 9396 9391 9338 9335
f 9397 9392 9336 9337
f 9394 9397 9337 9356
f 9420 9415 9339 9384
f 9393 9340 9336 9392
f 9384 9339 9335 9386
f 9372 9371 9409 9411
f 9368 9374 9413 9412
f 9418 9364 9408 9424
f 9374 9373 9414 9413
f 9371 9368 9412 9409
f 9359 9360 9341 9342
f 9351 9355 9341 9343
f 9363 9361 9344 9345
f 9417 9351 9343 9416
f 9361 9362 9347 9344
f 9429 9349 9346 9434
f 9365 9359 9342 9348
f 9362 9365 9348 9347
f 9347 9348 9350 9353
f 9348 9342 9357 9350
f 9391 9394 9356 9338
f 9432 9433 9358 9383
f 9434 9346 9366 9428
f 9344 9347 9353 9354
f 9416 9343 9364 9418
f 9345 9344 9354 9352
f 9343 9341 9360 9364
f 9342 9341 9355 9357
f 9427 9407 9367 9431
f 9408 9414 9373 9369
f 9411 9409 9362 9361
f 9424 9408 9369 9419
f 9409 9412 9365 9362
f 9410 9411 9361 9363
f 9412 9413 9359 9365
f 9413 9414 9360 9359
f 9448 9451 9371 9372
f 9452 9450 9374 9368
f 9456 9449 9382 9430
f 9447 9448 9372 9370
f 9455 9453 9380 9421
f 9406 9380 9376 9404
f 9337 9336 9387 9388
f 9450 9454 9373 9374
f 9451 9452 9368 9371
f 9425 9430 9382 9403
f 9335 9338 9385 9386
f 9356 9337 9388 9389
f 9340 9390 9387 9336
f 9423 9421 9380 9406
f 9453 9454 9376 9380
f 9338 9356 9389 9385
f 9404 9399 9391 9396
f 9405 9400 9392 9397
f 9402 9405 9397 9394
f 9401 9393 9392 9400
f 9399 9402 9394 9391
f 9339 9398 9396 9335
f 9433 9426 9395 9358
f 9415 9422 9398 9339
f 9398 9406 9404 9396
f 9426 9425 9403 9395
f 9422 9423 9406 9398
f 9376 9375 9399 9404
f 9378 9377 9400 9405
f 9381 9378 9405 9402
f 9379 9401 9400 9377
f 9375 9381 9402 9399
f 9370 9372 9411 9410
f 9428 9366 9407 9427
f 9364 9360 9414 9408
f 9383 9358 9415 9420
f 9366 9418 9424 9407
f 9349 9417 9416 9346
f 9346 9416 9418 9366
f 9407 9424 9419 9367
f 9449 9455 9421 9382
f 9403 9382 9421 9423
f 9358 9395 9422 9415
f 9395 9403 9423 9422
f 9401 9379 9430 9425
f 9345 9434 9428 9363
f 9340 9393 9426 9433
f 9410 9427 9431 9370
f 9390 9340 9433 9432
f 9363 9428 9427 9410
f 9352 9429 9434 9345
f 9393 9401 9425 9426
f 9447 9456 9430 9379
f 9444 9436 9349 9429
f 9353 9350 9435 9439
f 9417 9349 9436 9443
f 9354 9353 9439 9440
f 9437 9441 9355 9351
f 9352 9354 9440 9438
f 9429 9352 9438 9444
f 9357 9355 9441 9442
f 9443 9437 9351 9417
f 9350 9357 9442 9435
f 9444 9438 9446 9436
f 9443 9436 9446 9437
f 9437 9446 9445 9441
f 9446 9438 9440 9445
f 9445 9440 9439 9435
f 9435 9442 9441 9445
f 9377 9378 9451 9448
f 9381 9375 9450 9452
f 9431 9367 9449 9456
f 9379 9377 9448 9447
f 9419 9369 9453 9455
f 9375 9376 9454 9450
f 9378 9381 9452 9451
f 9369 9373 9454 9453
f 9367 9419 9455 9449
f 9370 9431 9456 9447
f 8673 9482 9460 8574
f 8641 9481 9459 8572
f 9924 9934 9462 8581
f 9926 9935 9461 8579
f 8684 9485 9457 8567
f 8685 9486 9458 8569
f 8668 8574 9460 9483
f 8676 8572 9459 9484
f 8628 9480 9489 8699
f 8630 9475 9490 8701
f 8615 9470 9465 8592
f 8617 9469 9466 8594
f 8594 9466 9468 8604
f 8592 9465 9467 8610
f 8699 9489 9469 8617
f 8701 9490 9470 8615
f 8750 9494 9480 8628
f 8575 8636 9471 9463
f 8577 8632 9472 9464
f 8664 9478 9473 8659
f 8569 9458 9478 8664
f 8658 9479 9474 8662
f 8752 9495 9475 8630
f 8636 8668 9483 9471
f 8567 9457 9479 8658
f 8659 9473 9481 8641
f 8632 8676 9484 9472
f 8662 9474 9482 8673
f 8692 9487 9485 8684
f 8693 9488 9486 8685
f 8648 9477 9487 8692
f 8650 9476 9488 8693
f 8604 9468 9491 8742
f 8610 9467 9492 8744
f 8747 8742 9491 9493
f 8737 8744 9492 9493
f 8649 9476 9494 8750
f 8647 9477 9495 8752
f 8865 9521 9499 8766
f 8833 9520 9498 8764
f 9975 9943 9501 8773
f 9973 9942 9500 8771
f 8876 9524 9496 8759
f 8877 9525 9497 8761
f 8860 8766 9499 9522
f 8868 8764 9498 9523
f 8820 9519 9528 8891
f 8822 9514 9529 8893
f 8807 9509 9504 8784
f 8809 9508 9505 8786
f 8786 9505 9507 8796
f 8784 9504 9506 8802
f 8891 9528 9508 8809
f 8893 9529 9509 8807
f 8942 9533 9519 8820
f 8767 8828 9510 9502
f 8769 8824 9511 9503
f 8856 9517 9512 8851
f 8761 9497 9517 8856
f 8850 9518 9513 8854
f 8944 9534 9514 8822
f 8828 8860 9522 9510
f 8759 9496 9518 8850
f 8851 9512 9520 8833
f 8824 8868 9523 9511
f 8854 9513 9521 8865
f 8884 9526 9524 8876
f 8885 9527 9525 8877
f 8840 9516 9526 8884
f 8842 9515 9527 8885
f 8796 9507 9530 8934
f 8802 9506 9531 8936
f 8939 8934 9530 9532
f 8929 8936 9531 9532
f 8841 9515 9533 8942
f 8839 9516 9534 8944
f 9057 9560 9538 8958
f 9025 9559 9537 8956
f 9954 9958 9540 8965
f 9964 9959 9539 8963
f 9068 9563 9535 8951
f 9069 9564 9536 8953
f 9052 8958 9538 9561
f 9060 8956 9537 9562
f 9012 9558 9567 9083
f 9014 9553 9568 9085
f 8999 9548 9543 8976
f 9001 9547 9544 8978
f 8978 9544 9546 8988
f 8976 9543 9545 8994
f 9083 9567 9547 9001
f 9085 9568 9548 8999
f 9134 9572 9558 9012
f 8959 9020 9549 9541
f 8961 9016 9550 9542
f 9048 9556 9551 9043
f 8953 9536 9556 9048
f 9042 9557 9552 9046
f 9136 9573 9553 9014
f 9020 9052 9561 9549
f 8951 9535 9557 9042
f 9043 9551 9559 9025
f 9016 9060 9562 9550
f 9046 9552 9560 9057
f 9076 9565 9563 9068
f 9077 9566 9564 9069
f 9032 9555 9565 9076
f 9034 9554 9566 9077
f 8988 9546 9569 9126
f 8994 9545 9570 9128
f 9131 9126 9569 9571
f 9121 9128 9570 9571
f 9033 9554 9572 9134
f 9031 9555 9573 9136
f 9249 9599 9577 9150
f 9217 9598 9576 9148
f 9961 9971 9579 9157
f 9947 9970 9578 9155
f 9260 9602 9574 9143
f 9261 9603 9575 9145
f 9244 9150 9577 9600
f 9252 9148 9576 9601
f 9204 9597 9606 9275
f 9206 9592 9607 9277
f 9191 9587 9582 9168
f 9193 9586 9583 9170
f 9170 9583 9585 9180
f 9168 9582 9584 9186
f 9275 9606 9586 9193
f 9277 9607 9587 9191
f 9326 9611 9597 9204
f 9151 9212 9588 9580
f 9153 9208 9589 9581
f 9240 9595 9590 9235
f 9145 9575 9595 9240
f 9234 9596 9591 9238
f 9328 9612 9592 9206
f 9212 9244 9600 9588
f 9143 9574 9596 9234
f 9235 9590 9598 9217
f 9208 9252 9601 9589
f 9238 9591 9599 9249
f 9268 9604 9602 9260
f 9269 9605 9603 9261
f 9224 9594 9604 9268
f 9226 9593 9605 9269
f 9180 9585 9608 9318
f 9186 9584 9609 9320
f 9323 9318 9608 9610
f 9313 9320 9609 9610
f 9225 9593 9611 9326
f 9223 9594 9612 9328
f 8713 8703 9613 9627
f 8715 8704 9614 9629
f 9932 8706 9616 9936
f 8709 9623 9635 8719
f 8708 9618 9634 8707
f 8707 9634 9623 8709
f 8719 9635 9624 8710
f 8706 8711 9625 9616
f 8757 9650 9628 8714
f 8716 8712 9626 9630
f 8718 8714 9628 9632
f 8712 8713 9627 9626
f 8711 8715 9629 9625
f 8704 8716 9630 9614
f 8703 8717 9631 9613
f 8717 8718 9632 9631
f 8634 8678 9638 9640
f 9928 8586 9622 9937
f 8586 8634 9640 9622
f 8689 8651 9643 9636
f 8595 9617 9642 8619
f 8587 8640 9637 9620
f 8588 8681 9639 9619
f 8698 9633 9644 8626
f 8666 8588 9619 9645
f 8678 8587 9620 9638
f 8646 8666 9645 9646
f 8619 9642 9633 8698
f 8602 9641 9617 8595
f 8681 8689 9636 9639
f 8749 9651 9643 8651
f 8640 8646 9646 9637
f 8727 9641 9648 8746
f 8745 9647 9618 8708
f 8746 9648 9649 8738
f 8745 8738 9649 9647
f 8710 9624 9650 8757
f 8626 9644 9651 8749
f 8905 8895 9652 9666
f 8907 8896 9653 9668
f 9945 8898 9655 9949
f 8901 9662 9674 8911
f 8900 9657 9673 8899
f 8899 9673 9662 8901
f 8911 9674 9663 8902
f 8898 8903 9664 9655
f 8949 9689 9667 8906
f 8908 8904 9665 9669
f 8910 8906 9667 9671
f 8904 8905 9666 9665
f 8903 8907 9668 9664
f 8896 8908 9669 9653
f 8895 8909 9670 9652
f 8909 8910 9671 9670
f 8826 8870 9677 9679
f 9941 8778 9661 9948
f 8778 8826 9679 9661
f 8881 8843 9682 9675
f 8787 9656 9681 8811
f 8779 8832 9676 9659
f 8780 8873 9678 9658
f 8890 9672 9683 8818
f 8858 8780 9658 9684
f 8870 8779 9659 9677
f 8838 8858 9684 9685
f 8811 9681 9672 8890
f 8794 9680 9656 8787
f 8873 8881 9675 9678
f 8941 9690 9682 8843
f 8832 8838 9685 9676
f 8919 9680 9687 8938
f 8937 9686 9657 8900
f 8938 9687 9688 8930
f 8937 8930 9688 9686
f 8902 9663 9689 8949
f 8818 9683 9690 8941
f 9097 9087 9691 9705
f 9099 9088 9692 9707
f 9956 9090 9694 9950
f 9093 9701 9713 9103
f 9092 9696 9712 9091
f 9091 9712 9701 9093
f 9103 9713 9702 9094
f 9090 9095 9703 9694
f 9141 9728 9706 9098
f 9100 9096 9704 9708
f 9102 9098 9706 9710
f 9096 9097 9705 9704
f 9095 9099 9707 9703
f 9088 9100 9708 9692
f 9087 9101 9709 9691
f 9101 9102 9710 9709
f 9018 9062 9716 9718
f 9952 8970 9700 9951
f 8970 9018 9718 9700
f 9073 9035 9721 9714
f 8979 9695 9720 9003
f 8971 9024 9715 9698
f 8972 9065 9717 9697
f 9082 9711 9722 9010
f 9050 8972 9697 9723
f 9062 8971 9698 9716
f 9030 9050 9723 9724
f 9003 9720 9711 9082
f 8986 9719 9695 8979
f 9065 9073 9714 9717
f 9133 9729 9721 9035
f 9024 9030 9724 9715
f 9111 9719 9726 9130
f 9129 9725 9696 9092
f 9130 9726 9727 9122
f 9129 9122 9727 9725
f 9094 9702 9728 9141
f 9010 9722 9729 9133
f 9289 9279 9730 9744
f 9291 9280 9731 9746
f 9979 9282 9733 9967
f 9285 9740 9752 9295
f 9284 9735 9751 9283
f 9283 9751 9740 9285
f 9295 9752 9741 9286
f 9282 9287 9742 9733
f 9333 9767 9745 9290
f 9292 9288 9743 9747
f 9294 9290 9745 9749
f 9288 9289 9744 9743
f 9287 9291 9746 9742
f 9280 9292 9747 9731
f 9279 9293 9748 9730
f 9293 9294 9749 9748
f 9210 9254 9755 9757
f 9976 9162 9739 9966
f 9162 9210 9757 9739
f 9265 9227 9760 9753
f 9171 9734 9759 9195
f 9163 9216 9754 9737
f 9164 9257 9756 9736
f 9274 9750 9761 9202
f 9242 9164 9736 9762
f 9254 9163 9737 9755
f 9222 9242 9762 9763
f 9195 9759 9750 9274
f 9178 9758 9734 9171
f 9257 9265 9753 9756
f 9325 9768 9760 9227
f 9216 9222 9763 9754
f 9303 9758 9765 9322
f 9321 9764 9735 9284
f 9322 9765 9766 9314
f 9321 9314 9766 9764
f 9286 9741 9767 9333
f 9202 9761 9768 9325
f 8992 8963 9784 9785
f 8925 8805 9780 9782
f 9793 9789 9154 9184
f 9800 9792 9161 9738
f 9462 8578 9769 9797
f 9799 9775 8705 9615
f 9184 9155 9790 9793
f 9798 9790 9155 9578
f 9309 9189 9794 9796
f 9738 9309 9796 9800
f 9117 8997 9786 9788
f 9797 9771 8581 9462
f 9781 9780 8805 8897
f 9779 9777 8770 8800
f 9775 9774 8613 8705
f 9795 9794 9189 9281
f 9615 8589 9772 9799
f 9787 9786 8997 9089
f 8800 8771 9778 9779
f 9773 9769 8578 8608
f 9771 9772 8589 8581
f 9792 9791 9156 9161
f 9578 9156 9791 9798
f 8733 8613 9774 9776
f 9785 9783 8962 8992
f 8608 8579 9770 9773
f 10477 10476 9786 9787
f 10480 10479 9811 9813
f 10481 10482 9794 9795
f 9822 9824 9859 9877
f 10475 10479 9780 9781
f 10485 10476 9817 9819
f 10484 10478 9805 9807
f 9833 9836 9812 9807
f 9819 9828 10330 9825
f 9539 9923 9784 8963
f 9833 9807 9805 9832
f 9833 9832 9846 9849
f 9813 9811 9835 9837
f 9845 9829 9803 9826
f 9836 9835 9811 9812
f 9863 9540 8962 9783
f 9855 9828 9889 9853
f 9851 9850 9835 9836
f 9828 9819 9817 9889
f 9837 9835 9850 9852
f 9878 9875 9856 9860
f 9918 9912 9882 9866
f 9860 9857 9876 9878
f 9912 9893 9892 9882
f 9884 9892 9893 9894
f 10536 10520 9904 10334
f 9868 9884 9894 9913
f 10334 9904 9901 10342
f 9866 9883 9911 9918
f 10335 10344 9921 9915
f 10336 10340 9896 9907
f 10337 10332 9908 9914
f 10344 10341 9864 9921
f 9911 9917 9843 9922
f 9500 9906 9778 8771
f 10340 10332 9899 9896
f 10331 10337 9914 9920
f 10336 10335 9915 9844
f 9890 9842 9893 9912
f 9917 9919 9830 9843
f 10250 9860 9856 10249
f 9883 9867 9917 9911
f 9856 9913 9881 10249
f 8609 8577 9926 9930
f 9463 8582 9925 9934
f 9464 8576 9927 9935
f 9615 9936 9929 8589
f 8586 9928 9927 8576
f 8589 9929 9924 8581
f 8582 8609 9930 9925
f 8733 9933 9931 8613
f 8613 9931 9932 8705
f 9621 9937 9933 8733
f 8575 9463 9934 9924
f 8577 9464 9935 9926
f 8705 9932 9936 9615
f 8585 9928 9937 9621
f 9660 9948 9944 8925
f 9502 8774 9974 9943
f 9503 8768 9972 9942
f 8778 9941 9972 8768
f 8970 9952 9965 8960
f 9654 9949 9940 8781
f 9699 9951 9957 9117
f 8997 9963 9956 9089
f 8925 9944 9938 8805
f 8966 8993 9962 9955
f 8897 9945 9949 9654
f 8769 9503 9942 9973
f 9542 8960 9965 9959
f 8767 9502 9943 9975
f 9541 8966 9955 9958
f 8777 9941 9948 9660
f 8805 9938 9945 8897
f 9189 9968 9979 9281
f 8774 8801 9939 9974
f 8781 9940 9975 8773
f 9089 9956 9950 9693
f 8801 8769 9973 9939
f 8969 9952 9951 9699
f 9309 9978 9968 9189
f 9693 9950 9953 8973
f 9185 9153 9947 9969
f 9732 9967 9977 9165
f 9580 9158 9960 9971
f 8961 9542 9959 9964
f 8973 9953 9954 8965
f 8993 8961 9964 9962
f 8959 9541 9958 9954
f 9117 9957 9963 8997
f 9153 9581 9970 9947
f 9158 9185 9969 9960
f 9281 9979 9967 9732
f 9738 9966 9978 9309
f 9151 9580 9971 9961
f 9161 9976 9966 9738
f 9165 9977 9961 9157
f 9581 9152 9946 9970
f 9162 9976 9946 9152
f 9995 9985 8423 8433
f 9988 9987 8425 8426
f 9980 9990 8428 8418
f 9987 9991 8429 8425
f 8421 8422 9984 9983
f 8434 8430 9992 9996
f 9991 9992 8430 8429
f 8422 8423 9985 9984
f 10521 9993 8431 10519
f 9986 9980 8418 8424
f 8424 8419 9981 9986
f 9993 9994 8432 8431
f 9990 9989 8427 8428
f 8419 8420 9982 9981
f 9994 9995 8433 8432
f 9989 9988 8426 8427
f 10008 10009 9992 9991
f 9984 9985 10002 10001
f 10522 10010 9993 10521
f 10003 9997 9980 9986
f 9986 9981 9998 10003
f 10010 10011 9994 9993
f 10007 10006 9989 9990
f 9981 9982 9999 9998
f 10011 10012 9995 9994
f 10006 10005 9988 9989
f 10012 10002 9985 9995
f 10005 10004 9987 9988
f 9997 10007 9990 9980
f 10004 10008 9991 9987
f 9983 9984 10001 10000
f 9996 9992 10009 10013
f 10523 10027 10010 10522
f 10020 10014 9997 10003
f 10003 9998 10015 10020
f 10027 10028 10011 10010
f 10024 10023 10006 10007
f 9998 9999 10016 10015
f 10028 10029 10012 10011
f 10023 10022 10005 10006
f 10029 10019 10002 10012
f 10022 10021 10004 10005
f 10014 10024 10007 9997
f 10021 10025 10008 10004
f 10000 10001 10018 10017
f 10013 10009 10026 10030
f 10025 10026 10009 10008
f 10001 10002 10019 10018
f 10044 10045 10028 10027
f 10041 10040 10023 10024
f 10015 10016 10033 10032
f 10045 10046 10029 10028
f 10040 10039 10022 10023
f 10046 10036 10019 10029
f 10039 10038 10021 10022
f 10031 10041 10024 10014
f 10038 10042 10025 10021
f 10017 10018 10035 10034
f 10030 10026 10043 10047
f 10042 10043 10026 10025
f 10018 10019 10036 10035
f 10524 10044 10027 10523
f 10037 10031 10014 10020
f 10020 10015 10032 10037
f 10525 10061 10044 10524
f 10054 10048 10031 10037
f 10037 10032 10049 10054
f 10061 10062 10045 10044
f 10058 10057 10040 10041
f 10032 10033 10050 10049
f 10062 10063 10046 10045
f 10057 10056 10039 10040
f 10063 10053 10036 10046
f 10056 10055 10038 10039
f 10048 10058 10041 10031
f 10055 10059 10042 10038
f 10034 10035 10052 10051
f 10047 10043 10060 10064
f 10059 10060 10043 10042
f 10035 10036 10053 10052
f 10078 10079 10062 10061
f 10075 10074 10057 10058
f 10049 10050 10067 10066
f 10079 10080 10063 10062
f 10074 10073 10056 10057
f 10080 10070 10053 10063
f 10073 10072 10055 10056
f 10065 10075 10058 10048
f 10072 10076 10059 10055
f 10051 10052 10069 10068
f 10064 10060 10077 10081
f 10076 10077 10060 10059
f 10052 10053 10070 10069
f 10526 10078 10061 10525
f 10071 10065 10048 10054
f 10054 10049 10066 10071
f 10096 10097 10080 10079
f 10091 10090 10073 10074
f 10097 10087 10070 10080
f 10090 10089 10072 10073
f 10082 10092 10075 10065
f 10089 10093 10076 10072
f 10068 10069 10086 10085
f 10081 10077 10094 10098
f 10093 10094 10077 10076
f 10069 10070 10087 10086
f 10527 10095 10078 10526
f 10088 10082 10065 10071
f 10071 10066 10083 10088
f 10095 10096 10079 10078
f 10092 10091 10074 10075
f 10066 10067 10084 10083
f 10114 10104 10087 10097
f 10107 10106 10089 10090
f 10099 10109 10092 10082
f 10106 10110 10093 10089
f 10085 10086 10103 10102
f 10098 10094 10111 10115
f 10110 10111 10094 10093
f 10086 10087 10104 10103
f 10528 10112 10095 10527
f 10105 10099 10082 10088
f 10088 10083 10100 10105
f 10112 10113 10096 10095
f 10109 10108 10091 10092
f 10083 10084 10101 10100
f 10113 10114 10097 10096
f 10108 10107 10090 10091
f 10116 10126 10109 10099
f 10123 10127 10110 10106
f 10102 10103 10120 10119
f 10115 10111 10128 10132
f 10127 10128 10111 10110
f 10103 10104 10121 10120
f 10529 10129 10112 10528
f 10122 10116 10099 10105
f 10105 10100 10117 10122
f 10129 10130 10113 10112
f 10126 10125 10108 10109
f 10100 10101 10118 10117
f 10130 10131 10114 10113
f 10125 10124 10107 10108
f 10131 10121 10104 10114
f 10124 10123 10106 10107
f 10132 10128 10145 10149
f 10144 10145 10128 10127
f 10120 10121 10138 10137
f 10530 10146 10129 10529
f 10139 10133 10116 10122
f 10122 10117 10134 10139
f 10146 10147 10130 10129
f 10143 10142 10125 10126
f 10117 10118 10135 10134
f 10147 10148 10131 10130
f 10142 10141 10124 10125
f 10148 10138 10121 10131
f 10141 10140 10123 10124
f 10133 10143 10126 10116
f 10140 10144 10127 10123
f 10119 10120 10137 10136
f 10531 10163 10146 10530
f 10156 10150 10133 10139
f 10139 10134 10151 10156
f 10163 10164 10147 10146
f 10160 10159 10142 10143
f 10134 10135 10152 10151
f 10164 10165 10148 10147
f 10159 10158 10141 10142
f 10165 10155 10138 10148
f 10158 10157 10140 10141
f 10150 10160 10143 10133
f 10157 10161 10144 10140
f 10136 10137 10154 10153
f 10149 10145 10162 10166
f 10161 10162 10145 10144
f 10137 10138 10155 10154
f 10180 10181 10164 10163
f 10177 10176 10159 10160
f 10151 10152 10169 10168
f 10181 10182 10165 10164
f 10176 10175 10158 10159
f 10182 10172 10155 10165
f 10175 10174 10157 10158
f 10167 10177 10160 10150
f 10174 10178 10161 10157
f 10153 10154 10171 10170
f 10166 10162 10179 10183
f 10178 10179 10162 10161
f 10154 10155 10172 10171
f 10532 10180 10163 10531
f 10173 10167 10150 10156
f 10156 10151 10168 10173
f 10198 10199 10182 10181
f 10193 10192 10175 10176
f 10199 10189 10172 10182
f 10192 10191 10174 10175
f 10184 10194 10177 10167
f 10191 10195 10178 10174
f 10170 10171 10188 10187
f 10183 10179 10196 10200
f 10195 10196 10179 10178
f 10171 10172 10189 10188
f 10533 10197 10180 10532
f 10190 10184 10167 10173
f 10173 10168 10185 10190
f 10197 10198 10181 10180
f 10194 10193 10176 10177
f 10168 10169 10186 10185
f 10216 10206 10189 10199
f 10209 10208 10191 10192
f 10201 10211 10194 10184
f 10208 10212 10195 10191
f 10187 10188 10205 10204
f 10200 10196 10213 10217
f 10212 10213 10196 10195
f 10188 10189 10206 10205
f 10534 10214 10197 10533
f 10207 10201 10184 10190
f 10190 10185 10202 10207
f 10214 10215 10198 10197
f 10211 10210 10193 10194
f 10185 10186 10203 10202
f 10215 10216 10199 10198
f 10210 10209 10192 10193
f 10550 10549 10211 10201
f 10552 10551 10212 10208
f 10554 10553 10222 10221
f 10556 10555 10230 10234
f 10551 10555 10213 10212
f 10553 10557 10223 10222
f 10568 10558 10214 10534
f 10559 10550 10201 10207
f 10559 10560 10219 10224
f 10558 10561 10215 10214
f 10549 10562 10210 10211
f 10560 10563 10220 10219
f 10561 10564 10216 10215
f 10562 10565 10209 10210
f 10564 10557 10206 10216
f 10565 10552 10208 10209
f 9913 9894 10247 9881
f 9918 9911 9922 9834
f 9826 9830 9919 9845
f 9834 9890 9912 9918
f 9816 10247 9842 9814
f 9810 9834 9922 9808
f 9894 9893 9842 10247
f 9823 9793 9790 9821
f 10245 9501 8770 9777
f 9461 10246 9770 8579
f 9501 9461 8580 8773
f 9461 9501 10245 10246
f 9793 9823 9820 9789
f 10249 10248 9789 9820
f 9540 9500 8772 8965
f 10247 9816 9815 9881
f 9500 9540 9863 9906
f 9881 9923 10248 10249
f 10250 9823 9821 9827
f 9860 10250 9827 9857
f 10248 9579 9154 9789
f 9539 9579 10248 9923
f 9579 9539 8964 9157
f 9823 10250 10249 9820
f 9838 9854 9853 9889
f 10579 10219 10220 10580
f 10578 10224 10219 10579
f 9384 9386 10255 10253
f 10259 10256 9387 9390
f 10260 10252 9383 9420
f 9432 9383 10252 10261
f 10257 10258 9389 9388
f 10256 10257 9388 9387
f 10261 10259 9390 9432
f 10258 10254 9385 9389
f 9420 9384 10253 10260
f 10254 10255 9386 9385
f 10268 10264 10254 10258
f 10264 10265 10255 10254
f 10260 10253 10263 10270
f 10269 10266 10256 10259
f 10253 10255 10265 10263
f 10270 10262 10252 10260
f 10261 10252 10262 10271
f 10271 10269 10259 10261
f 10267 10268 10258 10257
f 10266 10267 10257 10256
f 10277 10278 10268 10267
f 10276 10277 10267 10266
f 10278 10274 10264 10268
f 10274 10275 10265 10264
f 10270 10263 10273 10280
f 10279 10276 10266 10269
f 10263 10265 10275 10273
f 10280 10272 10262 10270
f 10271 10262 10272 10281
f 10281 10279 10269 10271
f 10290 10282 10272 10280
f 10281 10272 10282 10291
f 10291 10289 10279 10281
f 10287 10288 10278 10277
f 10286 10287 10277 10276
f 10288 10284 10274 10278
f 10284 10285 10275 10274
f 10280 10273 10283 10290
f 10289 10286 10276 10279
f 10273 10275 10285 10283
f 10290 10283 10293 10300
f 10299 10296 10286 10289
f 10283 10285 10295 10293
f 10300 10292 10282 10290
f 10291 10282 10292 10301
f 10301 10299 10289 10291
f 10297 10298 10288 10287
f 10296 10297 10287 10286
f 10298 10294 10284 10288
f 10294 10295 10285 10284
f 10308 10304 10294 10298
f 10304 10305 10295 10294
f 10300 10293 10303 10310
f 10309 10306 10296 10299
f 10293 10295 10305 10303
f 10310 10302 10292 10300
f 10301 10292 10302 10311
f 10311 10309 10299 10301
f 10307 10308 10298 10297
f 10306 10307 10297 10296
f 9841 10305 10304 9840
f 9861 10303 10305 9841
f 9873 9872 10314 10315
f 9872 9871 10313 10314
f 9871 9870 10312 10313
f 10315 10314 10316 10317
f 10317 10316 10318 10319
f 10319 10318 10321 10322
f 9885 10492 10347 10493
f 10322 10321 10324 10325
f 10325 10324 10327 10328
f 10339 10327 10495 9903
f 9847 10328 10327 10339
f 8585 8781 8773 8580
f 8777 8973 8965 8772
f 9621 9654 8781 8585
f 9654 9621 8733 8897
f 8897 8733 9776 9781
f 10484 10475 9781 9776
f 9846 10489 9873 9849
f 9836 9833 9849 9851
f 9862 10310 10303 9861
f 9660 9693 8973 8777
f 9693 9660 8925 9089
f 8969 9165 9157 8964
f 9699 9732 9165 8969
f 9732 9699 9117 9281
f 9281 9117 9788 9795
f 10485 10481 9795 9788
f 9838 9818 9813 9837
f 9854 9838 9837 9852
f 9889 9817 9818 9838
f 10477 10480 9813 9818
f 9782 9787 9089 8925
f 9825 10330 9859 9824
f 10331 10342 9901 9895
f 9913 9856 9875 9868
f 9830 9804 9802 9843
f 9830 9826 9801 9804
f 9834 9810 9809 9890
f 9857 9827 9822 9877
f 9879 10302 10310 9862
f 9888 10334 10342 9887
f 9897 9891 10344 10335
f 9920 9887 10342 10331
f 9895 9898 10337 10331
f 9891 9900 10341 10344
f 9844 9916 10340 10336
f 9898 9899 10332 10337
f 9907 9897 10335 10336
f 9916 9908 10332 10340
f 9859 10330 10346 9858
f 10324 10496 10495 10327
f 9828 9855 10346 10330
f 10321 10498 10496 10324
f 9880 10311 10302 9879
f 10311 9880 10486 10309
f 9848 10306 10309 10486
f 9905 10307 10306 9848
f 10307 9905 10343 10308
f 10341 9900 10347 10492
f 10333 10345 9909 9902
f 10345 10333 9910 9839
f 9876 9857 9877 9865
f 9869 9885 10493 10237
f 10578 10242 10241 10577
f 10577 10241 10240 10576
f 10576 10240 10239 10575
f 10575 10239 10243 10574
f 10574 10243 10251 10573
f 10566 10438 10204 10554
f 10437 10187 10204 10438
f 10441 10153 10170 10436
f 10356 8151 7634 10357
f 10357 7634 7633 10358
f 10358 7633 7632 10359
f 10359 7632 7631 10360
f 10360 7631 7729 10361
f 10361 7729 7727 10362
f 10362 7727 7630 10363
f 10364 7690 7502 10363
f 10364 7695 7463 10365
f 10366 7594 7464 10365
f 10366 7595 7618 10367
f 11903 11902 7620 10367
f 295 5055 11671 7062
f 11672 7061 7062 11671
f 10370 7160 7452 10369
f 11942 7134 7160 10370
f 10372 7202 7165 10371
f 10373 7203 7202 10372
f 10374 7253 7203 10373
f 10374 7251 7190 10375
f 10376 7205 7204 10375
f 10377 7206 7205 10376
f 10378 7275 7206 10377
f 10378 7273 7288 10379
f 10380 7305 7290 10379
f 10381 7320 7305 10380
f 10381 7318 7333 10382
f 10382 7333 7348 10383
f 10384 7365 7350 10383
f 10385 7380 7365 10384
f 10385 7378 7393 10386
f 10386 7393 7408 10387
f 10387 7408 7423 10388
f 10389 7424 7425 10388
f 10389 7422 7407 10390
f 10390 7407 7392 10391
f 10392 7379 7394 10391
f 10392 7377 7362 10393
f 10394 7349 7364 10393
f 10395 7334 7349 10394
f 10395 7332 7317 10396
f 10396 7317 7302 10397
f 10398 7289 7304 10397
f 10399 7274 7289 10398
f 10399 7272 7195 10400
f 10401 7194 7197 10400
f 10402 7191 7194 10401
f 10403 7249 7191 10402
f 10403 7250 7186 10404
f 10405 7185 7188 10404
f 10405 7183 7163 10406
f 11943 7130 7140 10407
f 10407 7140 7436 10408
f 7047 7061 11672 11669
f 7047 11669 11675 7101
f 10419 8202 8151 10356
f 10419 8198 8091 10420
f 10421 8078 8088 10420
f 10422 8068 8078 10421
f 10423 8058 8068 10422
f 10424 8050 8058 10423
f 10424 8051 8122 10425
f 10426 8347 8121 10425
f 10426 8353 8096 10427
f 10427 8096 8132 10428
f 10429 8105 8131 10428
f 10429 8106 8116 10430
f 10430 8116 8370 10431
f 10431 8370 8387 10432
f 10433 8403 8386 10432
f 10433 8404 8421 10434
f 10434 8421 9983 10435
f 10573 10251 10244 10572
f 10572 10244 10474 10571
f 8196 10356 10357 7528
f 7528 10357 10358 7523
f 7523 10358 10359 7518
f 7518 10359 10360 7513
f 7513 10360 10361 7508
f 7508 10361 10362 7505
f 7505 10362 10363 7502
f 7695 10364 10363 7630
f 7690 10364 10365 7464
f 7595 10366 10365 7463
f 7594 10366 10367 7620
f 7046 7045 7128 7098
f 11747 11712 7101 11675
f 11747 11673 7102 11712
f 7141 10370 10369 7448
f 7123 11942 10370 7141
f 7184 10372 10371 7164
f 7187 10373 10372 7184
f 7251 10374 10373 7187
f 7253 10374 10375 7204
f 7193 10376 10375 7190
f 7196 10377 10376 7193
f 7273 10378 10377 7196
f 7275 10378 10379 7290
f 7303 10380 10379 7288
f 7318 10381 10380 7303
f 7320 10381 10382 7335
f 7335 10382 10383 7350
f 7363 10384 10383 7348
f 7378 10385 10384 7363
f 7380 10385 10386 7395
f 7395 10386 10387 7410
f 7410 10387 10388 7425
f 7422 10389 10388 7423
f 7424 10389 10390 7409
f 7409 10390 10391 7394
f 7377 10392 10391 7392
f 7379 10392 10393 7364
f 7347 10394 10393 7362
f 7332 10395 10394 7347
f 7334 10395 10396 7319
f 7319 10396 10397 7304
f 7287 10398 10397 7302
f 7272 10399 10398 7287
f 7274 10399 10400 7197
f 7192 10401 10400 7195
f 7189 10402 10401 7192
f 7250 10403 10402 7189
f 7249 10403 10404 7188
f 7183 10405 10404 7186
f 7185 10405 10406 7168
f 7129 11943 10407 7139
f 7139 10407 10408 7435
f 11674 7103 7102 11673
f 11873 10409 10410 11872
f 11872 10410 10411 11871
f 11871 10411 10412 11870
f 11869 10413 10414 11868
f 11868 10414 10415 7599
f 7599 10415 10416 11924
f 11924 10416 10417 11874
f 11874 10417 10418 11925
f 8198 10419 10356 8196
f 8202 10419 10420 8088
f 8081 10421 10420 8091
f 8071 10422 10421 8081
f 8061 10423 10422 8071
f 8051 10424 10423 8061
f 8050 10424 10425 8121
f 8353 10426 10425 8122
f 8347 10426 10427 8095
f 8095 10427 10428 8131
f 8106 10429 10428 8132
f 8105 10429 10430 8115
f 8115 10430 10431 8369
f 8369 10431 10432 8386
f 8404 10433 10432 8387
f 8403 10433 10434 8420
f 8420 10434 10435 9982
f 9897 10242 10235 9891
f 9907 10241 10242 9897
f 10241 9907 9896 10240
f 10240 9896 9899 10239
f 9898 10243 10239 9899
f 10187 10437 10436 10170
f 9895 10251 10243 9898
f 10251 9895 9901 10244
f 10570 10234 10230 10571
f 10563 10566 10439 10220
f 10186 10437 10438 10203
f 8246 8240 10442 10443
f 8252 8246 10443 10444
f 8258 8252 10444 10445
f 8264 8258 10445 10446
f 8270 8264 10446 10447
f 1598 8270 10447 3781
f 8284 8362 10453 10448
f 8362 8358 10449 10453
f 8358 8359 10450 10449
f 8359 8360 10451 10450
f 8360 8361 10452 10451
f 8294 8284 10448 10454
f 8361 8383 10455 10452
f 8383 8400 10456 10455
f 8400 8417 10457 10456
f 8417 8434 10458 10457
f 9996 10459 10458 8434
f 10013 10460 10459 9996
f 10030 10461 10460 10013
f 10047 10462 10461 10030
f 10064 10463 10462 10047
f 10081 10464 10463 10064
f 10098 10465 10464 10081
f 10115 10466 10465 10098
f 10132 10467 10466 10115
f 10149 10468 10467 10132
f 10166 10469 10468 10149
f 10183 10470 10469 10166
f 10200 10471 10470 10183
f 10217 10472 10471 10200
f 10556 10567 10472 10217
f 10569 10473 10234 10570
f 9904 10474 10244 9901
f 9815 9784 9923 9881
f 9818 9817 10476 10477
f 9806 9805 10478 9799
f 9816 9785 9784 9815
f 9785 9816 9814 9783
f 9782 9780 10479 10480
f 9842 9863 9783 9814
f 9825 9824 10482 10481
f 9799 10478 9774 9775
f 9863 9842 9890 9906
f 9809 9778 9906 9890
f 9810 9779 9778 9809
f 9779 9810 9808 9777
f 9812 9811 10479 10475
f 9788 9786 10476 10485
f 9800 10482 9824 9792
f 9922 10245 9777 9808
f 9776 9774 10478 10484
f 10245 9922 9843 10246
f 9802 9770 10246 9843
f 9804 9773 9770 9802
f 9800 9796 9794 10482
f 9773 9804 9801 9769
f 9826 9797 9769 9801
f 9797 9826 9803 9771
f 9829 10503 10483 9803
f 9806 10483 10503 9831
f 9792 9824 9822 9791
f 9827 9798 9791 9822
f 9798 9827 9821 9790
f 9771 9803 10483 9772
f 9807 9812 10475 10484
f 9819 9825 10481 10485
f 9787 9782 10480 10477
f 10308 10343 9840 10304
f 10487 9848 10486 10488
f 9886 9905 9848 10487
f 9919 9917 9867 9874
f 10492 10490 9864 10341
f 10520 10538 10474 9904
f 9885 10343 9905 9886
f 10520 9902 10351 10538
f 10491 9845 9919 9874
f 9874 9864 10490 10491
f 10490 9886 10487 10491
f 9845 10491 10487 9829
f 9867 9921 9864 9874
f 9883 9915 9921 9867
f 10339 10345 9839 9847
f 10345 10339 9903 9909
f 10329 10349 10351 9902
f 10326 10350 10349 10329
f 10323 10352 10350 10326
f 10320 10354 10352 10323
f 10348 10353 10354 10320
f 10237 10440 10353 10348
f 10493 10355 10440 10237
f 10347 10236 10355 10493
f 10329 9902 9909 10494
f 10312 9870 9869 10237
f 10326 10329 10494 10338
f 9909 9903 10495 10494
f 10318 10500 10498 10321
f 10500 10318 10316 10502
f 10496 10338 10494 10495
f 10338 10496 10498 10497
f 10497 10498 10500 10499
f 10499 10500 10502 10501
f 10323 10326 10338 10497
f 10499 10320 10323 10497
f 10320 10499 10501 10348
f 10316 10314 10313 10502
f 10502 10313 10312 10501
f 10312 10237 10348 10501
f 9877 9859 9858 9865
f 9866 9844 9915 9883
f 9844 9866 9882 9916
f 9916 9882 9892 9908
f 9884 9914 9908 9892
f 9868 9920 9914 9884
f 9875 9887 9920 9868
f 9878 9888 9887 9875
f 9858 9839 9910 9865
f 9839 9858 10346 9847
f 9855 10328 9847 10346
f 10328 9855 9853 10325
f 9854 10322 10325 9853
f 10322 9854 9852 10319
f 10319 9852 9850 10317
f 9851 10315 10317 9850
f 10315 9851 9849 9873
f 9806 9799 9772 10483
f 9832 9831 10503 9846
f 9806 9831 9832 9805
f 9829 10487 10488 10503
f 10443 10442 10504 10505
f 10444 10443 10505 10506
f 10445 10444 10506 10507
f 10446 10445 10507 10508
f 10447 10446 10508 10509
f 3781 10447 10509 3844
f 10448 10453 10515 10510
f 10453 10449 10511 10515
f 10449 10450 10512 10511
f 10450 10451 10513 10512
f 10451 10452 10514 10513
f 10454 10448 10510 10537
f 10452 10455 10516 10514
f 10455 10456 10517 10516
f 10456 10457 10518 10517
f 10457 10458 10519 10518
f 10333 9902 10520 10536
f 10459 10521 10519 10458
f 10460 10522 10521 10459
f 10461 10523 10522 10460
f 10462 10524 10523 10461
f 10463 10525 10524 10462
f 10464 10526 10525 10463
f 10465 10527 10526 10464
f 10466 10528 10527 10465
f 10467 10529 10528 10466
f 10468 10530 10529 10467
f 10469 10531 10530 10468
f 10470 10532 10531 10469
f 10471 10533 10532 10470
f 10472 10534 10533 10471
f 10567 10568 10534 10472
f 9900 10238 10236 10347
f 9891 10235 10238 9900
f 9865 9910 10539 9876
f 10333 10536 10539 9910
f 9888 9878 9876 10539
f 10536 10334 9888 10539
f 10540 10119 10136 10541
f 10540 10118 10101 10542
f 10543 10085 10102 10542
f 10543 10084 10067 10544
f 10545 10051 10068 10544
f 10546 10034 10051 10545
f 10547 10017 10034 10546
f 10548 10000 10017 10547
f 10118 10540 10541 10135
f 10119 10540 10542 10102
f 10084 10543 10542 10101
f 10085 10543 10544 10068
f 10050 10545 10544 10067
f 10033 10546 10545 10050
f 10016 10547 10546 10033
f 9999 10548 10547 10016
f 10541 10136 10153 10441
f 10437 10186 10169 10436
f 10435 9983 10000 10548
f 10135 10541 10441 10152
f 9982 10435 10548 9999
f 10152 10441 10436 10169
f 9886 10490 10492 9885
f 9880 10489 10488 10486
f 10489 9880 9879 9873
f 9873 9879 9862 9872
f 9872 9862 9861 9871
f 9871 9861 9841 9870
f 9870 9841 9840 9869
f 9869 9840 10343 9885
f 10588 10439 10221 10587
f 10587 10221 10222 10586
f 10586 10222 10223 10585
f 10584 10354 10353 10585
f 10583 10352 10354 10584
f 10582 10350 10352 10583
f 10581 10349 10350 10582
f 10581 10535 10473 10569
f 10580 10220 10439 10588
f 10218 10228 10549 10550
f 10225 10229 10551 10552
f 10204 10205 10553 10554
f 10217 10213 10555 10556
f 10229 10230 10555 10551
f 10205 10206 10557 10553
f 10535 10231 10558 10568
f 10224 10218 10550 10559
f 10207 10202 10560 10559
f 10231 10232 10561 10558
f 10228 10227 10562 10549
f 10202 10203 10563 10560
f 10232 10233 10564 10561
f 10227 10226 10565 10562
f 10233 10223 10557 10564
f 10226 10225 10552 10565
f 10439 10566 10554 10221
f 10203 10438 10566 10563
f 10234 10473 10567 10556
f 10473 10535 10568 10567
f 10351 10569 10570 10538
f 10224 10578 10577 10218
f 10232 10583 10584 10233
f 10242 10578 10579 10235
f 10440 10586 10585 10353
f 10235 10579 10580 10238
f 10229 10572 10571 10230
f 10238 10580 10588 10236
f 10227 10575 10574 10226
f 10225 10573 10572 10229
f 10355 10587 10586 10440
f 10535 10581 10582 10231
f 10228 10576 10575 10227
f 10226 10574 10573 10225
f 10349 10581 10569 10351
f 10233 10584 10585 10223
f 10218 10577 10576 10228
f 10538 10570 10571 10474
f 10231 10582 10583 10232
f 10236 10588 10587 10355
f 10503 10488 10489 9846
f 8267 8261 10595 10596
f 8364 8287 10598 10601
f 8261 8255 10594 10595
f 8138 8102 10589 10591
f 8297 8363 10600 10599
f 8112 8138 10591 10590
f 8287 8297 10599 10598
f 8255 8249 10593 10594
f 8363 8112 10590 10600
f 1601 8273 10597 3933
f 8249 8243 10592 10593
f 8273 8267 10596 10597
f 10597 10596 10609 10610
f 10590 10591 10604 10603
f 3933 10597 10610 3947
f 10593 10592 10605 10606
f 10601 10598 10611 10614
f 10594 10593 10606 10607
f 10598 10599 10612 10611
f 10595 10594 10607 10608
f 10599 10600 10613 10612
f 10596 10595 10608 10609
f 10591 10589 10602 10604
f 10600 10590 10603 10613
f 10613 10603 10616 10626
f 10610 10609 10622 10623
f 10603 10604 10617 10616
f 3947 10610 10623 3961
f 10606 10605 10618 10619
f 10614 10611 10624 10627
f 10607 10606 10619 10620
f 10611 10612 10625 10624
f 10608 10607 10620 10621
f 10612 10613 10626 10625
f 10609 10608 10621 10622
f 10604 10602 10615 10617
f 10626 10616 10629 10639
f 10623 10622 10635 10636
f 10616 10617 10630 10629
f 3961 10623 10636 3975
f 10619 10618 10631 10632
f 10627 10624 10637 10640
f 10620 10619 10632 10633
f 10624 10625 10638 10637
f 10621 10620 10633 10634
f 10625 10626 10639 10638
f 10622 10621 10634 10635
f 10617 10615 10628 10630
f 10639 10629 10642 10652
f 10636 10635 10648 10649
f 10629 10630 10643 10642
f 3975 10636 10649 3989
f 10632 10631 10644 10645
f 10640 10637 10650 10653
f 10633 10632 10645 10646
f 10637 10638 10651 10650
f 10634 10633 10646 10647
f 10638 10639 10652 10651
f 10635 10634 10647 10648
f 10630 10628 10641 10643
f 10652 10642 10655 10665
f 10649 10648 10661 10662
f 10642 10643 10656 10655
f 3989 10649 10662 4003
f 10645 10644 10657 10658
f 10653 10650 10663 10666
f 10646 10645 10658 10659
f 10650 10651 10664 10663
f 10647 10646 10659 10660
f 10651 10652 10665 10664
f 10648 10647 10660 10661
f 10643 10641 10654 10656
f 10656 10654 10667 10669
f 10665 10655 10668 10678
f 10662 10661 10674 10675
f 10655 10656 10669 10668
f 10658 10657 10670 10671
f 10666 10663 10676 10679
f 10659 10658 10671 10672
f 10663 10664 10677 10676
f 10660 10659 10672 10673
f 10664 10665 10678 10677
f 10661 10660 10673 10674
f 10674 10673 10686 10687
f 10669 10667 10680 10682
f 10678 10668 10681 10691
f 10675 10674 10687 10688
f 10668 10669 10682 10681
f 4017 10675 10688 4031
f 10671 10670 10683 10684
f 10679 10676 10689 10692
f 10672 10671 10684 10685
f 10676 10677 10690 10689
f 10673 10672 10685 10686
f 10677 10678 10691 10690
f 10784 10783 10705 10704
f 10687 10686 10700 10701
f 10786 10785 10693 10695
f 10783 10787 10694 10705
f 10688 10687 10701 10702
f 10787 10786 10695 10694
f 4031 10688 10702 4046
f 10684 10683 10697 10698
f 10685 10684 10698 10699
f 10686 10685 10699 10700
f 10704 10705 10718 10717
f 10790 10789 10714 10715
f 10695 10693 10707 10709
f 10705 10694 10708 10718
f 10791 10790 10715 10716
f 10694 10695 10709 10708
f 4149 10791 10716 4061
f 8234 8274 8238 8233
f 10793 10792 10711 10712
f 10795 10793 10712 10713
f 10789 10795 10713 10714
f 10720 8355 8128 8544
f 8543 10721 10720 8544
f 10589 10720 10721 10602
f 10602 10721 10722 10615
f 8542 10722 10721 8543
f 10753 10739 10733 10754
f 10654 10752 10753 10667
f 10753 10752 10744 10739
f 10641 10723 10752 10654
f 10798 10794 10703 10710
f 10752 10723 10749 10744
f 10794 4155 4070 10703
f 8540 8539 10725 10726
f 10797 10798 10710 10696
f 10628 10724 10723 10641
f 10740 10741 10728 10730
f 10726 10725 10731 10732
f 10723 10724 8541 10749
f 10741 4094 4072 10728
f 10736 10740 10730 10734
f 10746 10729 10741 10740
f 10729 4071 4094 10741
f 10750 10746 10740 10736
f 10732 10731 10737 10738
f 10615 10722 10724 10628
f 10745 10751 10746 10750
f 10735 4089 4071 10729
f 10751 10735 10729 10746
f 10738 10737 10742 10743
f 8541 10724 10722 8542
f 8538 8537 10751 10745
f 8537 8566 10735 10751
f 10800 10799 10747 10748
f 8540 10726 10749 8541
f 10732 10744 10749 10726
f 10738 10739 10744 10732
f 10738 10743 10733 10739
f 10800 10748 10727 10801
f 10667 10753 10754 10680
f 10796 10801 10727 10755
f 10785 10796 10755 10693
f 8538 10745 10725 8539
f 10725 10745 10750 10731
f 10736 10737 10731 10750
f 10734 10742 10737 10736
f 10797 10799 10742 10734
f 10802 10689 10690 10784
f 10788 10692 10689 10802
f 10757 4107 4112 10760
f 10758 10757 10760 10761
f 10759 10758 10761 10762
f 4111 10759 10762 4116
f 10761 10760 10763 10764
f 10762 10761 10764 10765
f 4116 10762 10765 4121
f 4117 4122 10764 10763
f 10764 4122 4121 10765
f 10757 10703 4070 4107
f 10747 10696 10766 10769
f 10748 10747 10769 10770
f 10755 10727 10768 10771
f 10727 10748 10770 10768
f 10696 10710 10767 10766
f 10693 10755 10771 10707
f 10703 10757 10767 10710
f 10770 10769 10780 10781
f 10768 10770 10781 10779
f 10717 10718 10776 10775
f 10771 10768 10779 10782
f 10718 10708 10773 10776
f 10769 10766 10777 10780
f 10707 10771 10782 10772
f 10709 10707 10772 10774
f 10708 10709 10774 10773
f 10766 10767 10778 10777
f 10767 10757 10758 10778
f 10690 10691 10783 10784
f 10682 10680 10785 10786
f 10691 10681 10787 10783
f 10681 10682 10786 10787
f 10701 10700 10789 10790
f 10702 10701 10790 10791
f 4046 10702 10791 4149
f 10698 10697 10792 10793
f 10699 10698 10793 10795
f 10700 10699 10795 10789
f 10730 10728 10794 10798
f 10728 4072 4155 10794
f 10734 10730 10798 10797
f 10743 10742 10799 10800
f 10743 10800 10801 10733
f 10754 10733 10801 10796
f 10680 10754 10796 10785
f 10696 10747 10799 10797
f 10756 10802 10784 10704
f 10706 10788 10802 10756
f 10772 10782 10811 10810
f 10779 10781 10812 10803
f 10773 10774 10808 10809
f 10777 10778 10804 10805
f 10778 10758 10759 10804
f 10781 10780 10813 10812
f 10775 10776 10806 10807
f 10782 10779 10803 10811
f 10780 10777 10805 10813
f 10774 10772 10810 10808
f 10776 10773 10809 10806
f 4110 4367 4368 4111
f 4367 4110 4163 4366
f 4366 4163 4164 4370
f 4370 4164 4172 4365
f 4365 4172 4171 4364
f 4364 4171 4162 4369
f 4170 4398 4369 4162
f 4169 4399 4398 4170
f 4399 4169 4167 4400
f 4168 4396 4400 4167
f 4206 4216 4215 4205
f 4396 4168 4165 4397
f 10807 10816 10815 10775
f 10775 10815 10814 10717
f 10717 10814 10756 10704
f 10706 10756 10814 10719
f 10716 10715 10821 10822
f 10712 10711 10817 10818
f 10715 10714 10820 10821
f 10714 10713 10819 10820
f 4061 10716 10822 4182
f 10713 10712 10818 10819
f 10819 10818 10824 10825
f 10822 10821 10827 10828
f 10818 10817 10823 10824
f 10821 10820 10826 10827
f 10820 10819 10825 10826
f 4182 10822 10828 4189
f 4166 4401 4397 4165
f 4401 4166 4175 4395
f 4395 4175 4198 4392
f 4183 4190 4392 4198
f 4184 4191 4190 4183
f 4185 4192 4191 4184
f 4186 4193 4192 4185
f 4187 4194 4193 4186
f 4188 4195 4194 4187
f 4189 4196 4195 4188
f 4189 10828 10834 4196
f 10834 10828 10827 10833
f 10719 10814 10815 10835
f 10835 10815 10816 10836
f 10833 10827 10826 10832
f 4388 11006 10843 4206
f 11008 11007 10838 10839
f 11009 11008 10839 10840
f 11011 11009 10840 10841
f 11012 11011 10841 10842
f 11010 11013 10837 10844
f 11006 11012 10842 10843
f 4206 10843 10852 4216
f 10844 10837 10845 10846
f 10852 10843 10842 10851
f 4205 4215 4214 4204
f 4204 4214 4213 4203
f 4203 4213 4212 4202
f 4202 4212 4211 4201
f 4201 4211 4210 4200
f 4200 4210 4225 4209
f 4217 4208 4209 4225
f 4208 4217 4283 4277
f 4277 4283 4282 4276
f 4285 4279 4276 4282
f 4279 4285 4284 4278
f 10848 10847 10854 10855
f 10849 10848 10855 10856
f 4286 4280 4278 4284
f 10850 10849 10856 10857
f 10851 10850 10857 10858
f 10852 10851 10858 10859
f 4216 10852 10859 4224
f 10855 10854 10862 10863
f 10856 10855 10863 10864
f 10860 10853 10861 10868
f 10857 10856 10864 10865
f 10858 10857 10865 10866
f 10859 10858 10866 10867
f 4224 10859 10867 4233
f 4233 10867 10875 4242
f 10863 10862 10870 10871
f 10864 10863 10871 10872
f 10868 10861 10869 10876
f 10865 10864 10872 10873
f 10866 10865 10873 10874
f 10867 10866 10874 10875
f 4242 10875 10883 4251
f 10871 10870 10878 10879
f 10872 10871 10879 10880
f 10876 10869 10877 10884
f 10873 10872 10880 10881
f 10874 10873 10881 10882
f 10875 10874 10882 10883
f 10880 10879 10887 10888
f 10884 10877 10885 10892
f 10881 10880 10888 10889
f 10882 10881 10889 10890
f 10883 10882 10890 10891
f 4251 10883 10891 4260
f 10879 10878 10886 10887
f 10887 10886 10894 10895
f 10892 10885 10893 10899
f 10890 10889 10896 10897
f 10891 10890 10897 10898
f 4260 10891 10898 4268
f 11015 11014 10903 10900
f 11017 11016 10905 10904
f 11014 11018 10902 10903
f 11018 11017 10904 10902
f 11019 11015 10900 10901
f 10901 10900 10906 10907
f 10900 10903 10909 10906
f 10904 10905 10911 10910
f 10903 10902 10908 10909
f 10902 10904 10910 10908
f 4280 4286 4287 4281
f 4281 4287 4331 4325
f 4334 4328 4325 4331
f 4335 4329 4328 4334
f 4333 4327 4329 4335
f 4332 4326 4327 4333
f 4360 4359 4326 4332
f 4359 4360 4330 4324
f 10984 10983 4324 4330
f 10983 10984 10959 10954
f 10913 10912 10918 10919
f 10912 10915 10921 10918
f 10916 10917 10923 10922
f 10915 10914 10920 10921
f 10914 10916 10922 10920
f 10919 10918 10924 10925
f 10918 10921 10927 10924
f 10922 10923 10929 10928
f 10921 10920 10926 10927
f 10920 10922 10928 10926
f 10925 10924 10930 10931
f 10924 10927 10933 10930
f 10928 10929 10935 10934
f 10927 10926 10932 10933
f 10926 10928 10934 10932
f 10931 10930 10936 10937
f 10930 10933 10939 10936
f 10934 10935 10941 10940
f 10933 10932 10938 10939
f 10932 10934 10940 10938
f 10937 10936 10942 10943
f 10936 10939 10945 10942
f 10947 11027 11035 10946
f 10939 10938 10944 10945
f 11029 11028 11036 11037
f 11019 10901 10837 11013
f 10837 10901 10907 10845
f 10954 10959 10960 10955
f 10955 10960 10962 10957
f 10853 10913 10919 10861
f 10861 10919 10925 10869
f 10869 10925 10931 10877
f 10877 10931 10937 10885
f 10885 10937 10943 10893
f 10949 10982 10983 10954
f 10988 10989 10952 10951
f 10989 10993 10950 10952
f 10993 10990 10949 10950
f 10992 10988 10951 10948
f 10948 10951 10956 10953
f 10952 10950 10955 10957
f 10951 10952 10957 10956
f 10982 4318 4324 10983
f 10950 10949 10954 10955
f 10957 10962 10961 10956
f 10956 10961 10958 10953
f 10958 10917 10911 10953
f 10916 10910 10911 10917
f 10910 10916 10914 10908
f 10915 10909 10908 10914
f 10909 10915 10912 10906
f 10913 10907 10906 10912
f 10853 10845 10907 10913
f 10845 10853 10860 10846
f 10958 10961 10966 10963
f 10962 10960 10965 10967
f 10961 10962 10967 10966
f 10984 4330 4336 10985
f 10960 10959 10964 10965
f 10963 10966 10971 10968
f 10967 10965 10970 10972
f 10966 10967 10972 10971
f 10985 4336 4342 10986
f 10965 10964 10969 10970
f 10968 10971 10976 10973
f 10972 10970 10975 10977
f 10971 10972 10977 10976
f 10986 4342 4348 10987
f 10970 10969 10974 10975
f 10973 10976 10980 10978
f 10976 10977 10981 10980
f 10838 10846 10860 10847
f 10959 10984 10985 10964
f 10964 10985 10986 10969
f 10969 10986 10987 10974
f 10832 10826 10825 10831
f 10831 10825 10824 10830
f 10830 10824 10823 10829
f 10823 10836 11010 10829
f 10816 11013 11010 10836
f 10807 11019 11013 10816
f 11019 10807 10806 11015
f 10809 11014 11015 10806
f 10994 4371 4373 10995
f 10994 10995 10999 10998
f 10998 10999 11003 11002
f 10991 10982 10949 10990
f 10982 10991 4368 4318
f 4196 10834 11006 4388
f 10830 10829 11007 11008
f 10831 10830 11008 11009
f 10832 10831 11009 11011
f 8274 8278 8282 8238
f 10833 10832 11011 11012
f 11014 10809 10808 11018
f 10834 10833 11012 11006
f 10810 11017 11018 10808
f 11017 10810 10811 11016
f 11016 10811 10803 10992
f 10812 10988 10992 10803
f 10813 10989 10988 10812
f 10805 10993 10989 10813
f 10923 10963 10968 10929
f 10848 10839 10838 10847
f 10905 10948 10953 10911
f 11016 10992 10948 10905
f 10935 10973 10978 10941
f 10804 10990 10993 10805
f 10849 10840 10839 10848
f 10917 10958 10963 10923
f 10929 10968 10973 10935
f 8238 8282 8283 8239
f 8239 8283 8294 8240
f 10454 10442 8240 8294
f 10537 10504 10442 10454
f 10504 10537 8366 8241
f 8241 8366 8365 8242
f 8242 8365 8364 8243
f 10601 10592 8243 8364
f 10592 10601 10614 10605
f 10605 10614 10627 10618
f 10618 10627 10640 10631
f 10631 10640 10653 10644
f 10644 10653 10666 10657
f 10657 10666 10679 10670
f 10670 10679 10692 10683
f 10788 10697 10683 10692
f 10697 10788 10706 10792
f 10792 10706 10719 10711
f 10711 10719 10835 10817
f 10817 10835 10836 10823
f 10759 10991 10990 10804
f 10991 10759 4111 4368
f 10829 11010 10844 11007
f 11007 10844 10846 10838
f 10850 10841 10840 10849
f 10851 10842 10841 10850
f 10847 10860 10868 10854
f 10854 10868 10876 10862
f 10862 10876 10884 10870
f 10870 10884 10892 10878
f 10899 10886 10878 10892
f 10975 10979 10981 10977
f 11025 11022 10942 10945
f 10943 10942 11022 11023
f 10893 10943 11023 11020
f 10947 11026 10980 10981
f 10945 10944 11024 11025
f 11020 11021 10899 10893
f 10981 10979 11027 10947
f 10941 10978 11028 11029
f 11026 11028 10978 10980
f 10886 10899 11021 10894
f 12991 11031 11003 12990
f 11031 11030 11002 11003
f 11034 11036 11028 11026
f 10946 11034 11026 10947
f 11039 11038 11030 11031
f 12992 11039 11031 12991
f 11043 11042 11038 11039
f 12993 11043 11039 12992
f 11037 11048 11047 11029
f 11047 10940 10941 11029
f 10940 11047 10944 10938
f 11048 11024 10944 11047
f 10896 10889 10888 11046
f 11046 10888 10887 11049
f 11049 10887 10895 11050
f 12994 11065 11043 12993
f 11060 11062 11036 11034
f 10894 11021 11055 11051
f 11050 10895 11052 11069
f 11023 11022 11056 11057
f 11037 11036 11062 11063
f 11020 11023 11057 11054
f 11063 11068 11048 11037
f 11054 11055 11021 11020
f 10946 11035 11061 11053
f 11059 11056 11022 11025
f 11025 11024 11058 11059
f 11065 11064 11042 11043
f 10895 10894 11051 11052
f 11024 11048 11068 11058
f 11053 11060 11034 10946
f 11051 11055 11074 11070
f 11073 11074 11055 11054
f 11072 11079 11060 11053
f 11078 11075 11056 11059
f 11052 11051 11070 11071
f 11084 11083 11064 11065
f 11059 11058 11077 11078
f 11079 11081 11062 11060
f 11082 11087 11068 11063
f 12995 11084 11065 12994
f 11057 11056 11075 11076
f 11053 11061 11080 11072
f 11058 11068 11087 11077
f 11054 11057 11076 11073
f 11063 11062 11081 11082
f 11069 11052 11071 11088
f 13352 11091 11099 13333
f 13334 13333 11099 11102
f 13335 11122 11121 13334
f 13336 12997 11122 13335
f 13336 13337 11123 12997
f 13338 13337 11104 11105
f 13339 13338 11105 11107
f 13339 11107 11090 13340
f 13340 11090 11089 13341
f 13341 11089 11093 13342
f 13343 11111 11112 13342
f 13343 11092 11095 13344
f 11154 11151 11132 11135
f 11128 11127 11146 11147
f 11160 11159 11140 11141
f 11135 11134 11153 11154
f 11155 11157 11138 11136
f 11158 11163 11144 11139
f 12999 11160 11141 12998
f 11133 11132 11151 11152
f 11129 11137 11156 11148
f 11134 11144 11163 11153
f 11130 11133 11152 11149
f 11139 11138 11157 11158
f 11145 11128 11147 11164
f 11127 11131 11150 11146
f 11149 11150 11131 11130
f 11148 11155 11136 11129
f 11153 11163 11182 11172
f 11149 11152 11171 11168
f 11158 11157 11176 11177
f 11164 11147 11166 11183
f 11146 11150 11169 11165
f 11168 11169 11150 11149
f 11167 11174 11155 11148
f 11173 11170 11151 11154
f 11147 11146 11165 11166
f 11179 11178 11159 11160
f 11154 11153 11172 11173
f 11174 11176 11157 11155
f 11177 11182 11163 11158
f 13000 11179 11160 12999
f 11152 11151 11170 11171
f 11148 11156 11175 11167
f 11186 11193 11174 11167
f 11192 11189 11170 11173
f 11166 11165 11184 11185
f 11198 11197 11178 11179
f 11173 11172 11191 11192
f 11193 11195 11176 11174
f 11196 11201 11182 11177
f 13001 11198 11179 13000
f 11171 11170 11189 11190
f 11167 11175 11194 11186
f 11172 11182 11201 11191
f 11168 11171 11190 11187
f 11177 11176 11195 11196
f 11183 11166 11185 11202
f 11165 11169 11188 11184
f 11187 11188 11169 11168
f 11191 11201 11220 11210
f 11187 11190 11209 11206
f 11196 11195 11214 11215
f 11202 11185 11204 11221
f 11184 11188 11207 11203
f 11206 11207 11188 11187
f 11205 11212 11193 11186
f 11211 11208 11189 11192
f 11185 11184 11203 11204
f 11217 11216 11197 11198
f 11192 11191 11210 11211
f 11212 11214 11195 11193
f 11215 11220 11201 11196
f 13002 11217 11198 13001
f 11190 11189 11208 11209
f 11186 11194 11213 11205
f 11224 11231 11212 11205
f 11230 11227 11208 11211
f 11204 11203 11222 11223
f 11236 11235 11216 11217
f 11211 11210 11229 11230
f 11231 11233 11214 11212
f 11234 11239 11220 11215
f 13003 11236 11217 13002
f 11209 11208 11227 11228
f 11205 11213 11232 11224
f 11210 11220 11239 11229
f 11206 11209 11228 11225
f 11215 11214 11233 11234
f 11221 11204 11223 11240
f 11203 11207 11226 11222
f 11225 11226 11207 11206
f 11224 11232 11251 11243
f 11229 11239 11258 11248
f 11225 11228 11247 11244
f 11234 11233 11252 11253
f 11240 11223 11242 11259
f 11222 11226 11245 11241
f 11244 11245 11226 11225
f 11243 11250 11231 11224
f 11249 11246 11227 11230
f 11223 11222 11241 11242
f 11255 11254 11235 11236
f 11230 11229 11248 11249
f 11250 11252 11233 11231
f 11253 11258 11239 11234
f 13004 11255 11236 13003
f 11228 11227 11246 11247
f 11262 11269 11250 11243
f 11268 11265 11246 11249
f 11242 11241 11260 11261
f 11274 11273 11254 11255
f 11249 11248 11267 11268
f 11269 11271 11252 11250
f 11272 11277 11258 11253
f 13005 11274 11255 13004
f 11247 11246 11265 11266
f 11243 11251 11270 11262
f 11248 11258 11277 11267
f 11244 11247 11266 11263
f 11253 11252 11271 11272
f 11259 11242 11261 11278
f 11241 11245 11264 11260
f 11263 11264 11245 11244
f 11291 11296 11277 11272
f 13006 11293 11274 13005
f 11266 11265 11284 11285
f 11262 11270 11289 11281
f 11267 11277 11296 11286
f 11263 11266 11285 11282
f 11272 11271 11290 11291
f 11278 11261 11280 11297
f 11260 11264 11283 11279
f 11282 11283 11264 11263
f 11281 11288 11269 11262
f 11287 11284 11265 11268
f 11261 11260 11279 11280
f 11293 11292 11273 11274
f 11268 11267 11286 11287
f 11288 11290 11271 11269
f 11301 11302 11283 11282
f 11300 11307 11288 11281
f 11306 11303 11284 11287
f 11280 11279 11298 11299
f 11312 11311 11292 11293
f 11287 11286 11305 11306
f 11307 11309 11290 11288
f 11310 11315 11296 11291
f 13007 11312 11293 13006
f 11285 11284 11303 11304
f 11281 11289 11308 11300
f 11286 11296 11315 11305
f 11282 11285 11304 11301
f 11291 11290 11309 11310
f 11297 11280 11299 11316
f 11279 11283 11302 11298
f 11329 11334 11315 11310
f 13008 11331 11312 13007
f 11304 11303 11322 11323
f 11300 11308 11327 11319
f 11305 11315 11334 11324
f 11301 11304 11323 11320
f 11310 11309 11328 11329
f 11316 11299 11318 11335
f 11298 11302 11321 11317
f 11320 11321 11302 11301
f 11319 11326 11307 11300
f 11325 11322 11303 11306
f 11299 11298 11317 11318
f 11331 11330 11311 11312
f 11306 11305 11324 11325
f 11326 11328 11309 11307
f 11335 11318 11337 11354
f 11317 11321 11340 11336
f 11339 11340 11321 11320
f 11338 11345 11326 11319
f 11344 11341 11322 11325
f 11318 11317 11336 11337
f 11350 11349 11330 11331
f 11325 11324 11343 11344
f 11345 11347 11328 11326
f 11348 11353 11334 11329
f 13009 11350 11331 13008
f 11323 11322 11341 11342
f 11319 11327 11346 11338
f 11324 11334 11353 11343
f 11320 11323 11342 11339
f 11329 11328 11347 11348
f 11344 11343 11362 11363
f 11364 11366 11347 11345
f 11367 11372 11353 11348
f 13010 11369 11350 13009
f 11342 11341 11360 11361
f 11338 11346 11365 11357
f 11343 11353 11372 11362
f 11339 11342 11361 11358
f 11348 11347 11366 11367
f 11354 11337 11356 11373
f 11336 11340 11359 11355
f 11358 11359 11340 11339
f 11357 11364 11345 11338
f 11363 11360 11341 11344
f 11337 11336 11355 11356
f 11369 11368 11349 11350
f 11373 11356 11375 11392
f 11355 11359 11378 11374
f 11377 11378 11359 11358
f 11376 11383 11364 11357
f 11382 11379 11360 11363
f 11356 11355 11374 11375
f 11388 11387 11368 11369
f 11363 11362 11381 11382
f 11383 11385 11366 11364
f 11386 11391 11372 11367
f 13011 11388 11369 13010
f 11361 11360 11379 11380
f 11357 11365 11384 11376
f 11362 11372 11391 11381
f 11358 11361 11380 11377
f 11367 11366 11385 11386
f 11407 11406 11387 11388
f 11382 11381 11400 11401
f 11402 11404 11385 11383
f 11405 11410 11391 11386
f 13012 11407 11388 13011
f 11380 11379 11398 11399
f 11376 11384 11403 11395
f 11381 11391 11410 11400
f 11377 11380 11399 11396
f 11386 11385 11404 11405
f 11392 11375 11394 11411
f 11374 11378 11397 11393
f 11396 11397 11378 11377
f 11395 11402 11383 11376
f 11401 11398 11379 11382
f 11375 11374 11393 11394
f 4781 4810 4809 4780
f 4778 4807 4810 4781
f 4807 4778 4779 4808
f 4775 4804 4808 4779
f 4776 4805 4804 4775
f 4793 4821 4805 4776
f 4791 4819 4821 4793
f 4819 4791 4790 4818
f 4818 4790 6415 6417
f 4820 4787 4792 4811
f 4782 4812 4811 4792
f 6417 6415 4789 4817
f 4817 4789 4788 4816
f 4816 4788 4785 4814
f 4777 4806 4814 4785
f 12969 12922 12925 12465
f 12944 12945 12938 12939
f 12978 12971 12987 13031
f 12971 13037 12839 12987
f 12970 12839 13037 11421
f 11460 12970 11421 11420
f 11448 11460 11420 11417
f 11417 13013 11430 11448
f 11427 13013 11417 11418
f 11418 11446 11428 11427
f 11418 11419 12959 11446
f 4806 4777 4784 4813
f 4813 4784 4786 4815
f 11402 11431 11433 11404
f 11395 11424 11431 11402
f 11424 11395 11403 11432
f 11403 11406 11434 11432
f 11407 11435 11434 11406
f 13012 13014 11435 11407
f 11436 13014 13012 11408
f 11408 11409 11437 11436
f 11439 11437 11409 11411
f 4783 6416 4812 4782
f 6416 4783 4780 4809
f 11438 11405 11404 11433
f 11439 11411 11394 11423
f 11442 11449 11431 11424
f 11423 11422 11440 11441
f 11453 11452 11434 11435
f 11430 11429 11447 11448
f 11449 11451 11433 11431
f 13015 11453 11435 13014
f 11420 11419 11418 11417
f 11424 11432 11450 11442
f 11429 11438 11456 11447
f 11425 11428 11446 11443
f 11439 11423 11441 11457
f 11422 11426 11444 11440
f 11443 11444 11426 11425
f 11442 11450 11462 11458
f 11447 11456 11465 11459
f 12974 12959 11419 12886
f 11458 11461 11449 11442
f 12820 12834 12845 12830
f 11448 11447 11459 11460
f 11461 11463 11451 11449
f 6787 6788 11466 11467
f 6791 11468 11467 6785
f 6794 11469 11468 6791
f 6797 11470 11469 6794
f 6800 11471 11470 6797
f 6803 11472 11471 6800
f 6806 11473 11472 6803
f 6809 11474 11473 6806
f 6812 11475 11474 6809
f 11694 11743 11475 6812
f 6821 11478 11477 6818
f 6832 11481 11480 6829
f 6835 11482 11481 6832
f 11696 11744 11482 6835
f 6840 11484 11466 6788
f 6843 11485 11484 6840
f 6846 11486 11485 6843
f 6885 11491 11486 6846
f 6852 11488 11487 6849
f 6855 11489 11488 6852
f 6858 11490 11489 6855
f 6849 11487 11491 6885
f 6815 6818 11477 11476
f 6875 6878 11514 11516
f 6868 6867 11496 11497
f 6865 6864 11506 11508
f 6861 6860 11509 11504
f 6877 6876 11495 11517
f 6882 6883 11511 11513
f 6883 6884 11492 11511
f 6799 11496 11517 6796
f 6870 6869 11498 11499
f 6847 11494 11510 6886
f 6871 6870 11499 11500
f 6860 6873 11501 11509
f 11699 6872 11502 11745
f 6881 6882 11513 11512
f 6876 6874 11515 11495
f 6874 6875 11516 11515
f 6886 11510 11512 6850
f 6879 6880 11494 11493
f 6869 6868 11497 11498
f 6830 11506 11505 6827
f 6878 6879 11493 11514
f 11698 6865 11508 11746
f 6872 6871 11500 11502
f 11582 11538 11519 11572
f 11581 11532 11547 11586
f 11592 11526 11523 11599
f 11575 11525 11528 11577
f 11600 11546 11530 11594
f 11597 11595 11537 11545
f 11584 11542 11538 11582
f 11590 11596 11541 11520
f 11596 11597 11545 11541
f 11580 11534 11542 11584
f 11601 11604 11562 11558
f 11593 11602 11559 11564
f 11598 11560 11563 11605
f 11603 11561 11565 11591
f 11602 11601 11558 11559
f 11577 11528 11568 11588
f 11603 11527 11567 11607
f 11606 11566 11526 11592
f 11540 11583 11573 11518
f 11533 11578 11587 11549
f 11522 11574 11576 11529
f 11544 11585 11583 11540
f 11535 11579 11585 11544
f 11529 11576 11589 11569
f 11552 11592 11599 11551
f 11557 11600 11594 11553
f 11556 11554 11595 11597
f 11550 11555 11596 11590
f 11555 11556 11597 11596
f 11543 11536 11604 11601
f 11521 11539 11602 11593
f 11548 11598 11605 11531
f 11527 11603 11591 11524
f 11539 11543 11601 11602
f 11561 11603 11607 11571
f 11570 11606 11592 11552
f 11580 11578 11533 11534
f 12770 11532 11535 12769
f 11649 11618 11621 11650
f 11657 11612 11609 11660
f 11645 11611 11614 11647
f 11661 11620 11616 11658
f 11654 11640 11618 11649
f 12905 12906 12908 12919
f 11659 11628 11630 11663
f 11662 11629 11631 11656
f 11647 11614 11634 11652
f 11662 11613 11633 11665
f 11664 11632 11612 11657
f 12906 12907 12909 12908
f 11658 11616 11641 11666
f 11663 11630 11643 11667
f 11619 11648 11651 11623
f 11608 11644 11646 11615
f 11639 11655 11648 11619
f 11615 11646 11653 11635
f 11423 11394 11393 11422
f 11625 11657 11660 11624
f 11627 11661 11658 11626
f 11622 11659 11663 11617
f 11613 11662 11656 11610
f 11629 11662 11665 11637
f 11636 11664 11657 11625
f 11626 11658 11666 11642
f 11617 11663 11667 11638
f 6816 6817 11692 11693
f 11670 7054 7103 11674
f 11686 7054 11670 11754
f 11678 11679 11676 11677
f 11716 11706 6990 6959
f 6942 6941 11681 11680
f 11702 11716 6959 7610
f 6942 6977 6976 6941
f 7100 11674 11673 7099
f 165 6942 11680 5064
f 165 202 6977 6942
f 11679 11702 7610 11676
f 7100 7081 7120 7058
f 11909 11821 11857 11912
f 10418 7016 245 3751
f 10417 7015 7016 10418
f 10416 7437 7015 10417
f 7437 10416 10415 7438
f 7078 11753 11689 7121
f 11750 7122 7121 11689
f 11751 7058 7120 11752
f 7074 7079 7104 7078
f 7070 7075 7079 7074
f 7066 7071 7075 7070
f 7071 7066 7045 7067
f 7045 7046 7063 7067
f 7061 7047 7048 11687
f 7138 7139 7435 7137
f 7067 7063 7064 7068
f 298 303 7068 7064
f 11476 6816 11693 11743
f 11483 6837 11695 11744
f 6837 6836 11697 11695
f 11507 11746 11697 6836
f 11501 11745 11692 6817
f 6922 11700 11698 6866
f 6994 11705 11703 6973
f 7029 11707 11705 6994
f 7052 7053 11709 11710
f 7053 6974 11704 11709
f 7438 10415 10414 7439
f 6979 11686 11754 11761
f 7050 7101 11712 11710
f 11848 7575 11714 11855
f 6873 6929 11701 11699
f 6964 6928 11701 11715
f 7607 6973 11703 11715
f 11858 11909 11679 11678
f 7572 11713 11714 7575
f 6921 11857 11821 6920
f 13368 13379 11696 6835
f 13376 13380 11694 6812
f 7790 11720 11718 7764
f 7783 11719 11717 7757
f 7816 11722 11720 7790
f 7809 11721 11719 7783
f 7842 11724 11722 7816
f 7835 11723 11721 7809
f 7868 11726 11724 7842
f 7861 11725 11723 7835
f 7894 11728 11726 7868
f 7887 11727 11725 7861
f 7887 7918 11729 11727
f 7919 11730 11728 7894
f 7920 11730 11732 7946
f 7913 11729 11731 7939
f 7939 11731 11733 7965
f 7946 11732 11734 7972
f 7972 11734 11736 7998
f 7965 11733 11735 7991
f 8029 8030 8005 8006
f 8035 8034 8001 8000
f 11738 11737 7987 7986
f 11735 7996 8039 8027
f 8042 8041 7994 7993
f 8037 8029 8006 7998
f 8026 8037 7998 11736
f 7439 10414 10413 7440
f 6815 11476 11743 11694
f 6838 11483 11744 11696
f 6873 11699 11745 11501
f 6866 11698 11746 11507
f 11825 11772 5163 5212
f 11830 11821 11909 11858
f 11711 7057 7082 7099
f 11687 7048 7049 7059
f 7057 11711 7098 7128
f 11690 11753 7078 7104
f 11801 10409 11873 11934
f 11751 11754 11670 7058
f 7104 7105 11688 11690
f 7447 7454 7451 7446
f 11754 11751 11691 11761
f 7455 7445 7446 7451
f 7445 7455 7601 7453
f 7600 7452 7453 7601
f 7063 11672 11671 7064
f 7046 11669 11672 7063
f 11669 7046 7098 11675
f 11711 11747 11675 7098
f 11747 11711 7099 11673
f 6940 6974 6979 6961
f 7058 11670 11674 7100
f 10368 10369 7452 7600
f 10369 10368 11757 7448
f 11758 7436 7448 11757
f 11759 10408 7436 11758
f 10408 11759 11760 7435
f 7435 11760 11867 7137
f 11761 11691 11685 11684
f 11927 11926 7603 11756
f 11761 11684 6961 6979
f 7612 6902 6908 11706
f 10412 7444 7440 10413
f 7444 10412 10411 7443
f 11913 7612 11706 11716
f 7443 10411 10410 7441
f 7441 10410 10409 7442
f 11912 11913 11716 11702
f 11790 11769 11818 11817
f 10409 11801 11802 7442
f 11799 11802 11801 11798
f 11798 11795 11796 11799
f 11795 11792 11793 11796
f 11790 11793 11792 11789
f 11767 11769 11790 11789
f 11903 10367 7618 11904
f 11831 11782 5172 5226
f 132 5064 11680 6910
f 6910 11680 11681 6904
f 11829 11770 11771 11819
f 11866 6990 6904 11681
f 11826 11825 11782 11781
f 11819 11771 11778 11823
f 11828 11822 11779 11785
f 11824 11826 11781 11780
f 11822 11824 11780 11779
f 11827 11784 11783 11823
f 7622 11898 5297 733
f 11827 11828 11785 11784
f 11781 11782 11831 11832
f 11780 11781 11832 11833
f 11929 11767 11789 11930
f 11793 11790 11817 11816
f 11930 11789 11792 11931
f 11931 11792 11795 11932
f 11864 6959 6990 11866
f 6959 11864 11862 7610
f 11932 11795 11798 11933
f 11933 11798 11801 11934
f 11813 7039 7038 11814
f 11814 7038 7037 11807
f 7027 11800 7033 7026
f 7028 11797 11800 7027
f 11707 11794 11797 7028
f 11794 11707 7029 11791
f 11791 7029 7605 11788
f 11788 7605 6995 11683
f 11815 11708 7039 11813
f 7022 252 5193 11805
f 7021 7022 11805 11806
f 7011 7012 11808 11803
f 7014 7013 11809 11804
f 7013 7011 11803 11809
f 7012 7021 11806 11808
f 7037 7034 11810 11807
f 7034 7035 11811 11810
f 7035 7036 11812 11811
f 11708 11815 11816 7040
f 7040 11816 11817 7613
f 7613 11817 11818 7457
f 6919 6920 11821 11830
f 11769 11768 11820 11818
f 11786 11829 11819 11787
f 11773 11772 11825 11826
f 11787 11819 11823 11783
f 11776 11775 11822 11828
f 11774 11773 11826 11824
f 11775 11774 11824 11822
f 11777 11827 11823 11778
f 11777 11776 11828 11827
f 11779 11780 11833 11834
f 11860 11676 7610 11862
f 11859 11677 11676 11860
f 11668 11677 11859 11762
f 11668 11762 11763 11765
f 11829 11755 11764 11770
f 11785 11779 11834 11835
f 11784 11785 11835 11836
f 11784 11836 11837 11783
f 11783 11837 11838 11787
f 11905 11838 11837 11904
f 11820 7456 7457 11818
f 7019 7017 11841 11839
f 7017 7018 11842 11841
f 7041 7042 11844 11843
f 7014 7036 11844 11840
f 7034 11849 11843 7035
f 7018 7679 11854 11842
f 7039 11845 11846 7038
f 7038 11846 11847 7037
f 11708 11855 11845 7039
f 7037 11847 11849 7034
f 7456 11850 11851 7457
f 7457 11851 11852 7613
f 7680 984 5244 11853
f 7679 7680 11853 11854
f 7040 7613 11852 11848
f 7040 11848 11855 11708
f 11850 7458 7596 7597
f 11835 11834 11901 11902
f 6921 11700 11748 11857
f 11700 6922 11856 11748
f 11679 11909 11912 11702
f 6904 6990 11706 6908
f 11767 11766 11768 11769
f 7603 11764 11755 11756
f 11762 11859 6961 11684
f 11760 11759 11770 11764
f 11770 11759 11758 11771
f 11860 6940 6961 11859
f 6940 11860 11862 11861
f 11771 11758 11757 11778
f 11778 11757 10368 11777
f 11704 6974 6940 11861
f 11777 10368 7600 11776
f 11861 11862 11864 11863
f 7601 11775 11776 7600
f 11704 11861 11863 6978
f 11865 6975 6978 11863
f 6941 6976 6975 11865
f 11865 11863 11864 11866
f 11866 11681 6941 11865
f 7455 11774 11775 7601
f 7451 11773 11774 7455
f 11773 7451 7454 11772
f 11926 11935 11867 7603
f 10413 11869 11870 10412
f 12144 11875 5267 5545
f 11890 11891 11875 11876
f 11889 11890 11876 11877
f 12149 11878 11877 12146
f 12152 11879 11878 12149
f 12155 11880 11879 12152
f 12159 11881 11880 12155
f 12156 11882 11881 12159
f 11885 11882 11883 11884
f 11878 11888 11889 11877
f 11875 11891 5285 5267
f 11881 11892 11886 11880
f 11882 11885 11892 11881
f 7735 7716 11891 11890
f 11879 11887 11888 11878
f 11880 11886 11887 11879
f 7593 7735 11890 11889
f 7697 11885 11884 7636
f 11867 11760 11764 7603
f 11895 11896 11894 11893
f 11829 11786 11895 11755
f 11893 11756 11755 11895
f 11927 11756 11893 11937
f 11895 11786 11897 11896
f 11897 11786 11787 11838
f 11834 11833 11900 11901
f 11833 11832 11899 11900
f 11832 11831 11898 11899
f 11836 11835 11902 11903
f 11836 11903 11904 11837
f 7458 11905 11904 7618
f 11766 11908 11907 11768
f 11910 11682 11749 11911
f 11905 11906 11897 11838
f 11911 11749 6969 11678
f 11905 7456 11820 11906
f 11668 11765 11910 11911
f 11678 11677 11668 11911
f 11906 11820 11768 11907
f 7458 11850 7456 11905
f 11896 11897 11906 11907
f 11857 11748 11913 11912
f 11907 11908 11894 11896
f 11682 11683 6995 11749
f 6989 6969 11749 6995
f 6969 6989 7608 7611
f 7611 7608 6960 6968
f 6917 6918 6968 6960
f 6918 6917 6861 6862
f 11504 11503 6862 6861
f 11503 11504 6823 6824
f 6822 6825 6824 6823
f 11478 11479 6825 6822
f 11796 11793 11816 11815
f 11796 11815 11813 11799
f 11799 11813 11814 11802
f 11807 7442 11802 11814
f 11810 7441 7442 11807
f 11811 7443 7441 11810
f 11812 7444 7443 11811
f 8034 8031 8004 8001
f 7993 7994 7968 7967
f 7967 7968 7942 7941
f 7916 7915 7941 7942
f 7891 7890 7915 7916
f 7890 7891 7865 7864
f 7864 7865 7839 7838
f 7838 7839 7813 7812
f 7812 7813 7787 7786
f 7786 7787 7761 7760
f 13373 13374 7760 7761
f 11479 11478 6821 6826
f 7444 11812 11804 7440
f 11809 7439 7440 11804
f 11803 7438 7439 11809
f 11808 7437 7438 11803
f 7437 11808 11806 7015
f 7015 11806 11805 7016
f 7010 11925 5321 238
f 7986 8002 8033 11738
f 7994 7995 7969 7968
f 7980 7972 7998 8006
f 7611 11858 11678 6969
f 11858 7611 6968 11830
f 6918 6919 11830 6968
f 6919 6918 6862 6863
f 11856 6897 6902 7612
f 6922 6892 6897 11856
f 6866 6884 6892 6922
f 11921 8018 8033 11740
f 11923 8020 8017 11921
f 11921 8017 8016 8018
f 8018 8016 11920 11919
f 11919 11920 8023 11918
f 11918 8023 8019 8015
f 11922 11917 8015 8019
f 11917 11922 8021 11916
f 8022 8012 11916 8021
f 8014 8024 8012 8022
f 8025 11914 8024 8014
f 11914 8025 8013 8008
f 8008 8013 11915 8009
f 8011 8010 8009 11915
f 7968 7969 7943 7942
f 7917 7916 7942 7943
f 7916 7917 7892 7891
f 7866 7865 7891 7892
f 7865 7866 7840 7839
f 7839 7840 7814 7813
f 7788 7787 7813 7814
f 7762 7761 7787 7788
f 13371 13373 7761 7762
f 11480 11479 6826 6829
f 11479 11480 6828 6825
f 6825 6828 6827 6824
f 11505 11503 6824 6827
f 11503 11505 6863 6862
f 11507 11492 6884 6866
f 11492 11507 6836 6859
f 6837 6858 6859 6836
f 11483 11490 6858 6837
f 11490 11483 6838 6857
f 13362 13363 7765 7772
f 7791 7798 7772 7765
f 7817 7824 7798 7791
f 7824 7817 7843 7850
f 7869 7876 7850 7843
f 7876 7869 7895 7902
f 7902 7895 7920 7928
f 7946 7954 7928 7920
f 7954 7946 7972 7980
f 11766 11767 11929 11928
f 11893 11894 11936 11937
f 11908 11938 11936 11894
f 11908 11766 11928 11938
f 11935 7133 7137 11867
f 7135 7138 7137 7133
f 7136 7172 7169 7124
f 7211 7118 7119 7215
f 7140 7130 7123 7141
f 11947 7118 7117 11948
f 7216 7170 11939 7117
f 11944 7136 7135 11945
f 7242 11941 11940 7236
f 7167 7236 11940 7131
f 10371 7165 7134 11942
f 10406 7163 7130 11943
f 7164 10371 11942 7123
f 7168 10406 11943 7129
f 7135 7136 7124 7138
f 7178 7210 7226 7180
f 7247 7254 7210 7178
f 7254 7247 7176 7209
f 7174 7208 7209 7176
f 7172 7171 7208 7174
f 7136 11944 7171 7172
f 11935 11751 11752 7133
f 7135 7133 11752 11945
f 11751 11935 11926 11691
f 11691 11926 11927 11685
f 11685 11927 11937 11763
f 11763 11937 11936 11765
f 11765 11936 11938 11910
f 11928 11682 11910 11938
f 11682 11928 11929 11683
f 363 7119 11946 5343
f 7118 11947 11946 7119
f 7117 11939 11949 11948
f 11690 11947 11948 11753
f 7226 11965 11963 7264
f 7255 7214 11956 11964
f 11966 11949 11939 11967
f 7213 7255 11964 11955
f 7170 7212 11954 11957
f 11939 7170 11957 11967
f 7212 7213 11955 11954
f 7226 7210 11956 11965
f 7264 11963 11962 7279
f 7279 11962 11953 7294
f 7294 11953 11952 7309
f 7309 11952 11951 7324
f 7324 11951 11950 7339
f 7339 11950 11961 7354
f 7354 11961 11960 7369
f 7369 11960 11959 7384
f 7384 11959 11958 7399
f 7399 11958 11969 7414
f 7414 11969 11968 7429
f 11945 11966 11967 11944
f 11752 7120 7122 11750
f 11752 11750 11966 11945
f 11949 11966 11750 11689
f 7426 7420 11968 7432
f 7432 11968 7428 7431
f 7428 7427 7434 7433
f 7431 7428 7433 7430
f 7430 7433 708 711
f 7391 7399 7414 7406
f 7399 7391 7376 7384
f 7384 7376 7361 7369
f 7369 7361 7346 7354
f 7354 7346 7331 7339
f 7316 7324 7339 7331
f 7324 7316 7301 7309
f 7309 7301 7286 7294
f 7294 7286 7271 7279
f 7279 7271 7182 7264
f 7180 7226 7264 7182
f 11930 11788 11683 11929
f 11931 11791 11788 11930
f 11932 11794 11791 11931
f 11933 11797 11794 11932
f 11934 11800 11797 11933
f 11873 7033 11800 11934
f 7033 11873 11872 7030
f 7030 11872 11871 7031
f 7031 11871 11870 7032
f 11869 7006 7032 11870
f 7006 11869 11868 7005
f 7005 11868 7599 7003
f 7003 7599 11924 7004
f 7004 11924 11874 7009
f 7009 11874 11925 7010
f 7659 7660 11975 11976
f 7657 7658 11979 11980
f 7715 963 5380 11982
f 7656 7657 11980 11977
f 7655 7701 11981 11978
f 7739 7715 11982 11983
f 7660 7739 11983 11975
f 7579 11974 11978 7661
f 11978 11974 7580 7655
f 7698 7638 7644 7699
f 7637 7698 7699 7643
f 12151 7043 11994 12160
f 11997 11996 7684 7706
f 7683 7684 11996 11995
f 11995 11996 12000 11999
f 12160 11994 11998 12161
f 12001 12000 11996 11997
f 11999 12000 12004 12003
f 12161 11998 12002 12162
f 12005 12004 12000 12001
f 11884 11883 12009 12010
f 12157 7637 12008 12163
f 7587 7636 12007 12006
f 12010 12007 7636 11884
f 7587 12006 7635 7459
f 7581 12008 7637 7643
f 7576 12002 11998 7577
f 11994 7041 7577 11998
f 12003 7578 7676 11999
f 7683 11995 7703 7675
f 7703 11995 11999 7676
f 7041 11994 7043 7042
f 7573 12011 12002 7576
f 7565 12011 7573 7574
f 12356 12346 7579 7571
f 12345 12347 7581 7582
f 12357 12348 7565 11713
f 12328 12327 12022 12017
f 12359 12350 7572 7635
f 12360 12351 12007 12010
f 12334 12333 12033 12024
f 12332 12335 12031 12032
f 12363 12353 12004 12005
f 12348 12361 12011 7565
f 12340 12339 12025 12015
f 12330 12341 12028 12020
f 12339 12336 12026 12025
f 12347 12355 12008 7581
f 12341 12331 12029 12028
f 12343 12334 12024 12164
f 12338 12328 12017 12023
f 12346 12358 11974 7579
f 12326 12329 12014 12021
f 12344 12342 12030 12165
f 12049 12048 12026 12027
f 12042 12036 12014 12020
f 12034 12055 12033 12012
f 12032 12031 12053 12054
f 12025 12026 12048 12047
f 12043 12034 12012 12021
f 12023 12017 12039 12045
f 12020 12028 12050 12042
f 12164 12024 12046 12166
f 12038 12044 12022 12016
f 12041 12040 12018 12019
f 12040 12052 12030 12018
f 12028 12029 12051 12050
f 12017 12022 12044 12039
f 12021 12014 12036 12043
f 12015 12025 12047 12037
f 12165 12030 12052 12167
f 12035 12038 12016 12013
f 12024 12033 12055 12046
f 12054 12051 12029 12032
f 12037 12047 12069 12059
f 12167 12052 12074 12169
f 12057 12060 12038 12035
f 12046 12055 12077 12068
f 12076 12073 12051 12054
f 12071 12070 12048 12049
f 12064 12058 12036 12042
f 12056 12077 12055 12034
f 12054 12053 12075 12076
f 12047 12048 12070 12069
f 12065 12056 12034 12043
f 12045 12039 12061 12067
f 12042 12050 12072 12064
f 12166 12046 12068 12168
f 12060 12066 12044 12038
f 12063 12062 12040 12041
f 12062 12074 12052 12040
f 12050 12051 12073 12072
f 12039 12044 12066 12061
f 12043 12036 12058 12065
f 12236 12259 12090 12170
f 12265 12256 12095 12094
f 12264 12212 12088 12083
f 12271 12253 12080 12087
f 12270 12252 12091 12081
f 12235 12266 12096 12171
f 12259 12208 12099 12090
f 12207 12269 12097 12098
f 12252 12268 12092 12091
f 12251 12264 12083 12089
f 12215 12265 12094 12086
f 12307 12297 12099 12078
f 12310 12307 12078 12087
f 12314 12303 12088 12082
f 12315 12304 12084 12085
f 12304 12305 12096 12084
f 12318 12314 12082 12079
f 12298 12316 12095 12098
f 12302 12309 12092 12093
f 12301 12317 12080 12086
f 12139 12131 12217 12238
f 12125 12135 12211 12122
f 12206 12219 12137 12143
f 12238 12248 12175 12139
f 12123 12227 12128 12124
f 12136 12142 12243 12218
f 12242 12228 12129 12141
f 12131 12130 12216 12217
f 12142 12137 12219 12243
f 12237 12222 12177 12138
f 12239 12242 12141 12140
f 12174 12134 12210 12247
f 12124 12129 12228 12123
f 12141 12129 12118 12106
f 12140 12141 12106 12107
f 12143 12137 12110 12104
f 12172 12112 12135 12125
f 12125 12132 12115 12172
f 12108 12116 12131 12139
f 12111 12105 12142 12136
f 12138 12177 12100 12109
f 12113 12114 12133 12134
f 12120 12119 12128 12127
f 12177 12126 12121 12100
f 12139 12175 12102 12108
f 12132 12133 12114 12115
f 12127 12130 12117 12120
f 12112 12121 12126 12135
f 12176 12143 12104 12101
f 12173 12118 12129 12124
f 12103 12113 12134 12174
f 12270 12059 12069 12252
f 12252 12069 12070 12268
f 12071 12213 12268 12070
f 12168 12236 12213 12071
f 12236 12168 12068 12259
f 12259 12068 12077 12208
f 12056 12214 12208 12077
f 11876 11875 12144 12145
f 11877 11876 12145 12146
f 7705 7704 12147 12150
f 7705 12150 12151 7706
f 7704 7707 12148 12147
f 7713 1014 5555 12154
f 11882 12156 12157 11883
f 7677 12148 12153 7678
f 7708 7001 12158 12154
f 7001 7678 12153 12158
f 7721 12144 5545 942
f 7641 12149 12146 7642
f 7640 12152 12149 7641
f 7639 12155 12152 7640
f 7638 12159 12155 7639
f 7698 12156 12159 7638
f 7706 12151 12160 11997
f 11997 12160 12161 12001
f 12001 12161 12162 12005
f 11883 12157 12163 12009
f 12337 12343 12164 12027
f 12335 12344 12165 12031
f 12027 12164 12166 12049
f 12031 12165 12167 12053
f 12053 12167 12169 12075
f 12049 12166 12168 12071
f 12213 12236 12170 12093
f 12269 12235 12171 12097
f 12109 12102 12175 12138
f 12105 12110 12137 12142
f 12116 12117 12130 12131
f 12124 12128 12119 12173
f 12065 12271 12214 12056
f 12271 12065 12058 12253
f 12298 12308 12181 12182
f 12299 12309 12183 12184
f 12300 12311 12186 12187
f 12301 12312 12188 12189
f 12319 12313 12190 12200
f 12312 12316 12197 12188
f 12311 12303 12192 12186
f 12310 12317 12198 12185
f 12306 12299 12184 12178
f 12320 12305 12196 12201
f 12313 12297 12179 12190
f 12302 12319 12200 12191
f 12308 12320 12201 12181
f 12086 12080 12253 12215
f 12064 12215 12253 12058
f 12215 12064 12072 12265
f 12265 12072 12073 12256
f 12076 12207 12256 12073
f 12207 12076 12075 12269
f 12084 12096 12266 12267
f 12169 12235 12269 12075
f 12134 12133 12230 12210
f 12222 12225 12126 12177
f 12098 12095 12256 12207
f 12221 12206 12143 12176
f 12087 12078 12214 12271
f 12085 12084 12267 12257
f 12235 12169 12074 12266
f 12082 12088 12212 12258
f 12062 12267 12266 12074
f 12093 12092 12268 12213
f 12078 12099 12208 12214
f 12063 12257 12267 12062
f 12079 12082 12258 12209
f 12251 12067 12061 12264
f 12264 12061 12066 12212
f 12060 12258 12212 12066
f 12057 12209 12258 12060
f 12127 12128 12227 12226
f 12122 12229 12132 12125
f 12229 12230 12133 12132
f 12138 12175 12248 12237
f 12229 12204 12205 12230
f 12135 12126 12225 12211
f 12122 12245 12204 12229
f 12245 12122 12211 12261
f 12261 12211 12225 12203
f 12222 12250 12203 12225
f 12237 12240 12250 12222
f 12240 12237 12248 12263
f 12238 12241 12263 12248
f 12241 12238 12217 12234
f 12234 12217 12216 12233
f 12226 12202 12233 12216
f 12226 12216 12130 12127
f 12202 12226 12227 12255
f 12123 12246 12255 12227
f 12246 12123 12228 12254
f 12242 12223 12254 12228
f 12239 12220 12223 12242
f 12231 12218 12243 12224
f 12224 12243 12219 12232
f 12206 12244 12232 12219
f 12221 12249 12244 12206
f 12262 12247 12210 12260
f 12260 12210 12230 12205
f 12293 12246 12254 12294
f 12287 12260 12205 12285
f 12101 12199 12178 12103
f 12281 12255 12246 12293
f 12282 12202 12255 12281
f 12101 12103 12174 12176
f 12286 12273 12274 12285
f 12289 12272 12274 12291
f 12262 12249 12221 12247
f 12277 12275 12273 12286
f 12288 12276 12275 12277
f 12284 12276 12240 12263
f 12275 12283 12290 12273
f 12176 12174 12247 12221
f 12273 12290 12291 12274
f 12283 12295 12279 12290
f 12272 12287 12285 12274
f 12204 12286 12285 12205
f 12245 12277 12286 12204
f 12261 12288 12277 12245
f 12279 12293 12294 12278
f 12280 12289 12291 12278
f 12276 12284 12283 12275
f 12249 12287 12272 12244
f 12244 12272 12289 12232
f 12290 12279 12278 12291
f 12288 12261 12203 12250
f 12220 12231 12292 12223
f 12280 12224 12232 12289
f 12292 12280 12278 12294
f 12284 12296 12295 12283
f 12223 12292 12294 12254
f 12296 12282 12281 12295
f 12295 12281 12293 12279
f 12296 12284 12263 12241
f 12276 12288 12250 12240
f 12202 12282 12234 12233
f 12282 12296 12241 12234
f 12180 12179 12297 12307
f 12185 12180 12307 12310
f 12193 12192 12303 12314
f 12195 12194 12304 12315
f 12194 12196 12305 12304
f 12199 12193 12314 12318
f 12182 12197 12316 12298
f 12191 12183 12309 12302
f 12189 12198 12317 12301
f 12098 12097 12308 12298
f 12091 12092 12309 12299
f 12089 12083 12311 12300
f 12086 12094 12312 12301
f 12170 12090 12313 12319
f 12094 12095 12316 12312
f 12083 12088 12303 12311
f 12087 12080 12317 12310
f 12081 12091 12299 12306
f 12171 12096 12305 12320
f 12090 12099 12297 12313
f 12093 12170 12319 12302
f 12097 12171 12320 12308
f 12191 12115 12114 12183
f 12200 12172 12115 12191
f 12172 12200 12190 12112
f 12112 12190 12179 12121
f 12180 12100 12121 12179
f 12185 12109 12100 12180
f 12109 12185 12198 12102
f 12189 12108 12102 12198
f 12108 12189 12188 12116
f 12116 12188 12197 12117
f 12182 12120 12117 12197
f 12120 12182 12181 12119
f 12201 12173 12119 12181
f 12173 12201 12196 12118
f 12194 12106 12118 12196
f 12195 12107 12106 12194
f 12111 12187 12186 12105
f 12105 12186 12192 12110
f 12193 12104 12110 12192
f 12199 12101 12104 12193
f 12103 12178 12184 12113
f 12113 12184 12183 12114
f 12013 12016 12322 12323
f 12019 12018 12324 12321
f 12021 12012 12325 12326
f 12349 12358 12327 12328
f 12020 12014 12329 12330
f 12032 12029 12331 12332
f 12057 12059 12270 12209
f 12352 12361 12333 12334
f 12360 12362 12335 12332
f 12027 12026 12336 12337
f 12012 12033 12333 12325
f 12354 12365 12339 12340
f 12359 12366 12341 12330
f 12365 12353 12336 12339
f 12209 12270 12081 12079
f 12018 12030 12342 12324
f 12366 12351 12331 12341
f 12367 12352 12334 12343
f 12364 12349 12328 12338
f 12016 12022 12327 12322
f 12357 12350 12329 12326
f 12368 12355 12342 12344
f 12363 12367 12343 12337
f 12362 12368 12344 12335
f 12323 12322 12346 12356
f 12321 12324 12347 12345
f 12326 12325 12348 12357
f 12330 12329 12350 12359
f 12332 12331 12351 12360
f 12337 12336 12353 12363
f 12325 12333 12361 12348
f 12324 12342 12355 12347
f 12322 12327 12358 12346
f 12231 12220 12239 12218
f 7580 11974 12358 12349
f 12306 12318 12079 12081
f 12002 12011 12361 12352
f 12010 12009 12362 12360
f 7578 12003 12365 12354
f 7635 12006 12366 12359
f 12003 12004 12353 12365
f 12306 12178 12199 12318
f 12006 12007 12351 12366
f 12162 12002 12352 12367
f 11984 7580 12349 12364
f 11713 7572 12350 12357
f 12163 12008 12355 12368
f 12005 12162 12367 12363
f 12009 12163 12368 12362
f 12292 12231 12224 12280
f 12249 12262 12260 12287
f 12140 12136 12218 12239
f 12107 12111 12136 12140
f 12111 12107 12195 12187
f 12315 12300 12187 12195
f 12300 12315 12085 12089
f 12257 12251 12089 12085
f 12063 12067 12251 12257
f 12041 12045 12067 12063
f 12045 12041 12019 12023
f 12321 12338 12023 12019
f 12345 12364 12338 12321
f 12364 12345 7582 11984
f 11984 7582 7649 11986
f 7700 11991 11986 7649
f 11991 7700 7650 11985
f 11985 7650 7651 11989
f 12059 12057 12035 12037
f 12013 12015 12037 12035
f 12323 12340 12015 12013
f 12356 12354 12340 12323
f 12354 12356 7571 7578
f 7566 7676 7578 7571
f 11971 7703 7676 7566
f 7569 7675 7703 11971
f 7570 7674 7675 7569
f 11970 7583 7674 7570
f 7567 7585 7583 11970
f 7568 7584 7585 7567
f 11973 7743 7584 7568
f 11972 7718 7743 11973
f 5369 880 7718 11972
f 11989 7651 7652 11988
f 11988 7652 7653 11987
f 11987 7653 7654 11990
f 7740 11993 11990 7654
f 11993 7740 7719 11992
f 11992 7719 956 5390
f 12781 11518 12369 12782
f 11573 12376 12369 11518
f 12377 12371 12381 12387
f 12386 12379 12369 12376
f 12387 12383 12373 12377
f 12378 12374 12384 12388
f 12388 12382 12372 12378
f 12375 12370 12380 12385
f 12397 12393 12383 12387
f 12388 12384 12394 12398
f 12398 12392 12382 12388
f 12385 12380 12390 12395
f 12387 12381 12391 12397
f 12396 12389 12379 12386
f 12440 12439 12404 12408
f 12446 12445 12400 12405
f 12449 12447 12401 12407
f 12953 12465 12454 12954
f 12910 12954 12454 12443
f 12425 12415 12410 12420
f 12427 12417 12411 12421
f 12417 12427 12423 12413
f 12428 12418 12414 12424
f 12418 12428 12422 12412
f 12416 12426 12419 12409
f 12408 12418 12412 12402
f 12418 12408 12404 12414
f 12407 12417 12413 12403
f 12417 12407 12401 12411
f 12415 12405 12400 12410
f 12915 12910 12443 12816
f 12914 12915 12816 12821
f 12406 12416 12409 12399
f 12821 12816 12912 12911
f 12816 12443 12913 12912
f 12408 12402 12441 12440
f 12406 12399 12442 12448
f 12407 12403 12444 12449
f 11422 11393 11397 11426
f 13025 12920 12832 13026
f 12458 12450 12429 12436
f 12459 12455 12433 12437
f 11396 11425 11426 11397
f 12438 12434 12456 12460
f 12460 12453 12432 12438
f 12435 12430 12451 12457
f 12952 12969 12465 12953
f 12437 12431 12452 12459
f 12469 12461 12450 12458
f 12470 12466 12455 12459
f 12443 12454 12926 12913
f 12919 12937 12942 12905
f 12460 12456 12467 12471
f 12471 12464 12453 12460
f 12457 12451 12462 12468
f 12459 12452 12463 12470
f 12513 12482 12485 12514
f 12521 12476 12473 12524
f 12509 12475 12478 12511
f 12525 12484 12480 12522
f 12518 12504 12482 12513
f 12523 12492 12494 12527
f 12526 12493 12495 12520
f 12511 12478 12498 12516
f 12526 12477 12497 12529
f 12528 12496 12476 12521
f 12522 12480 12505 12530
f 12527 12494 12507 12531
f 12483 12512 12515 12487
f 12472 12508 12510 12479
f 12503 12519 12512 12483
f 12479 12510 12517 12499
f 12489 12521 12524 12488
f 12491 12525 12522 12490
f 12486 12523 12527 12481
f 12477 12526 12520 12474
f 12493 12526 12529 12501
f 12500 12528 12521 12489
f 12490 12522 12530 12506
f 12481 12527 12531 12502
f 12573 12572 12537 12541
f 12578 12577 12533 12538
f 12581 12579 12534 12540
f 12558 12548 12543 12553
f 12560 12550 12544 12554
f 12550 12560 12556 12546
f 12561 12551 12547 12557
f 12551 12561 12555 12545
f 12549 12559 12552 12542
f 12541 12551 12545 12535
f 12551 12541 12537 12547
f 12540 12550 12546 12536
f 12550 12540 12534 12544
f 12548 12538 12533 12543
f 12539 12549 12542 12532
f 12541 12535 12574 12573
f 12539 12532 12575 12580
f 12540 12536 12576 12581
f 12589 12582 12562 12569
f 12590 12586 12566 12570
f 12571 12567 12587 12591
f 12591 12585 12565 12571
f 12568 12563 12583 12588
f 12570 12564 12584 12590
f 12599 12592 12582 12589
f 12600 12596 12586 12590
f 12591 12587 12597 12601
f 12601 12595 12585 12591
f 12588 12583 12593 12598
f 12590 12584 12594 12600
f 12643 12612 12615 12644
f 12651 12606 12603 12654
f 12639 12605 12608 12641
f 12655 12614 12610 12652
f 12648 12634 12612 12643
f 12653 12622 12624 12657
f 12656 12623 12625 12650
f 12641 12608 12628 12646
f 12656 12607 12627 12659
f 12658 12626 12606 12651
f 12652 12610 12635 12660
f 12657 12624 12637 12661
f 12613 12642 12645 12617
f 12602 12638 12640 12609
f 12633 12649 12642 12613
f 12609 12640 12647 12629
f 12619 12651 12654 12618
f 12621 12655 12652 12620
f 12616 12653 12657 12611
f 12607 12656 12650 12604
f 12623 12656 12659 12631
f 12630 12658 12651 12619
f 12620 12652 12660 12636
f 12611 12657 12661 12632
f 12703 12702 12667 12671
f 12708 12707 12663 12668
f 12711 12709 12664 12670
f 12688 12678 12673 12683
f 12690 12680 12674 12684
f 12680 12690 12686 12676
f 12691 12681 12677 12687
f 12681 12691 12685 12675
f 12679 12689 12682 12672
f 12671 12681 12675 12665
f 12681 12671 12667 12677
f 12670 12680 12676 12666
f 12680 12670 12664 12674
f 12678 12668 12663 12673
f 12669 12679 12672 12662
f 12671 12665 12704 12703
f 12669 12662 12705 12710
f 12670 12666 12706 12711
f 12719 12712 12692 12699
f 12720 12716 12696 12700
f 12701 12697 12717 12721
f 12721 12715 12695 12701
f 12698 12693 12713 12718
f 12700 12694 12714 12720
f 12729 12722 12712 12719
f 12730 12726 12716 12720
f 12721 12717 12727 12731
f 12731 12725 12715 12721
f 12718 12713 12723 12728
f 12720 12714 12724 12730
f 12737 12733 12741 12745
f 12741 12749 12753 12745
f 11614 13114 13115 11634
f 13297 12753 13304 13331
f 13118 12743 12735 13151
f 12746 12742 12734 12738
f 12739 12735 12743 12747
f 12747 12741 12733 12739
f 12738 12732 12740 12746
f 12754 12750 12742 12746
f 12747 12743 12751 12755
f 12755 12749 12741 12747
f 12746 12740 12748 12754
f 12937 12938 12945 12942
f 11628 13086 13087 11630
f 12445 11639 13071 13112
f 12663 13091 13092 12673
f 11653 11632 13131 13116
f 12445 13112 13111 12400
f 12543 13128 13103 12553
f 12475 13120 13161 12478
f 12450 13122 13123 12429
f 12398 12470 12463 12392
f 12470 12398 12394 12466
f 11640 13071 13072 11618
f 12461 13121 13122 12450
f 12471 12600 12594 12464
f 12601 12730 12724 12595
f 12730 12601 12597 12726
f 12600 12471 12467 12596
f 12725 12754 12748 12729
f 12731 12750 12754 12725
f 11629 13134 13085 11631
f 11425 11396 11399 11428
f 12572 13142 13143 12537
f 12430 12420 13109 13123
f 11623 13073 13072 11619
f 12910 12902 12948 12954
f 12504 12756 13089 12482
f 12917 12913 12926 12931
f 12822 12827 12842 12835
f 12886 11445 12838 12974
f 12839 12842 12827 12825
f 12819 12829 12844 12833
f 12900 12917 12931 12935
f 11421 12886 11419 11420
f 12828 12823 12836 12843
f 13037 11445 12886 11421
f 12843 12844 12829 12828
f 12982 12844 12843 12983
f 12983 12843 12836 12984
f 12982 11458 11462 12968
f 12932 12927 12929 12989
f 12970 11460 11459 12986
f 12832 12817 12831 12846
f 12986 11459 11465 12967
f 12861 12860 12857 12858
f 12858 12856 12859 12861
f 11445 12837 12989 12838
f 12809 12793 12794 12810
f 12806 12790 12793 12809
f 12826 12870 12874 12841
f 12897 12853 12857 12891
f 12892 12897 12891 11416
f 12893 12892 11416 12887
f 12893 12887 12888 12894
f 12888 12889 12895 12894
f 12895 12889 12890 12896
f 12877 12876 12872 12873
f 12875 12877 12873 12871
f 12790 12806 12807 12791
f 12791 12807 12808 12792
f 12792 12808 12811 12795
f 13033 12896 12890 13046
f 13046 13045 13032 13033
f 11653 13116 13115 11635
f 12414 13084 13135 12424
f 12455 13137 13136 12433
f 12953 12949 12950 12952
f 12804 12788 12795 12811
f 12871 12867 13032 13045
f 12867 12871 12873 12869
f 12869 12873 12872 12868
f 13043 12901 12899 13042
f 12866 12868 12872 12870
f 12826 12810 12866 12870
f 12804 12805 12789 12788
f 12812 12796 12789 12805
f 12796 12812 12813 12797
f 12802 12786 12797 12813
f 12787 12786 12802 12803
f 12814 12798 12787 12803
f 12798 12814 12815 12799
f 12916 12917 12900 12899
f 12918 12916 12899 12901
f 12932 12989 12837 13034
f 12930 12931 12926 12925
f 12903 12902 12910 12915
f 12800 12784 12799 12815
f 12785 12784 12800 12801
f 12830 12845 12846 12831
f 12904 12903 12915 12914
f 12785 12801 12851 12847
f 12958 12979 12980 11464
f 12912 12913 12917 12916
f 12911 12912 12916 12918
f 13021 12861 12859 13023
f 12920 12921 12855 12818
f 12927 12930 12925 12922
f 13015 13029 12958 11453
f 12951 12957 12923 12924
f 13025 13024 12921 12920
f 12932 12934 12930 12927
f 12934 12935 12931 12930
f 12979 12845 12834 12980
f 13030 13027 12845 12979
f 12953 12954 12948 12949
f 12947 12955 12952 12950
f 12947 12946 12956 12955
f 12955 12956 12957 12951
f 12964 11440 11444 12961
f 12963 11457 11441 12962
f 12962 11441 11440 12964
f 11428 11399 11398 11427
f 11455 11454 11436 11437
f 13019 13020 13041 13040
f 13020 13018 13042 13041
f 13018 13017 13043 13042
f 12966 11443 11446 12959
f 12975 12960 12923 12976
f 12929 12924 12923 12960
f 12973 12964 12961 12976
f 12985 12963 12962 12977
f 12977 12962 12964 12973
f 12975 12966 12959 12974
f 11443 12966 12961 11444
f 13029 13030 12979 12958
f 12971 12837 11445 13037
f 12966 12975 12976 12961
f 12956 12977 12973 12957
f 11461 12983 12984 11463
f 12946 12985 12977 12956
f 12924 12929 12927 12922
f 12978 13034 12837 12971
f 12924 12922 12969 12951
f 13039 13038 13034 12978
f 12957 12973 12976 12923
f 12839 12970 12986 12842
f 12844 12982 12968 12833
f 11453 12958 11464 11452
f 11458 12982 12983 11461
f 12842 12986 12967 12835
f 12960 12975 12974 12838
f 12919 13023 13024 12937
f 12937 13024 13025 12938
f 11452 11450 11432 11434
f 11451 11456 11438 11433
f 12938 13025 13026 12939
f 12840 12809 12810 12826
f 11664 13132 13131 11632
f 12861 13021 13022 12860
f 12824 12806 12809 12840
f 13028 12940 12939 13026
f 13027 12936 12940 13028
f 13030 12981 12936 13027
f 10995 4373 6432 12988
f 10995 12988 12933 10999
f 10999 12933 12990 11003
f 12846 12845 13027 13028
f 12832 12846 13028 13026
f 12981 13030 13029 12928
f 12934 12932 13034 13038
f 12824 12840 13035 13031
f 12989 12929 12960 12838
f 12955 12951 12969 12952
f 12851 12852 12848 12847
f 13016 13044 13043 13017
f 12935 12934 13038 13040
f 13044 12898 12901 13043
f 12899 12900 13041 13042
f 12841 12874 13020 13019
f 13036 12807 12806 12824
f 13020 12874 12876 13018
f 12840 12826 12841 13035
f 13036 12987 12839 12825
f 12877 13017 13018 12876
f 13019 13040 13038 13039
f 12875 13016 13017 12877
f 12854 12850 12848 12852
f 12928 13029 13015 11454
f 12921 13024 13023 12859
f 12859 12856 12855 12921
f 12807 13036 12825 12808
f 13041 12900 12935 13040
f 12744 12740 12732 12736
f 12740 12744 12752 12748
f 12433 13136 13135 12423
f 13150 12737 12745 13145
f 12623 13108 13095 12625
f 12626 13127 13080 12647
f 11642 13081 13087 11626
f 12850 12854 12853 12849
f 12885 12849 12853 12897
f 12808 12825 12827 12811
f 12822 12804 12811 12827
f 12876 12874 12870 12872
f 12719 12715 12725 12729
f 12822 12823 12805 12804
f 12892 12878 12885 12897
f 12878 12892 12893 12879
f 11611 13113 13114 11614
f 13031 12987 13036 12824
f 12465 12925 12926 12454
f 12646 12627 12607 12641
f 12604 12639 12641 12607
f 12644 12616 12611 12643
f 12632 12648 12643 12611
f 12635 12649 12708 12709
f 12710 12704 12665 12669
f 12669 12665 12675 12679
f 12679 12675 12685 12689
f 12689 12699 12692 12682
f 12640 12606 12626 12647
f 12638 12603 12606 12640
f 12614 12645 12642 12610
f 12649 12635 12610 12642
f 12711 12660 12635 12709
f 12660 12711 12706 12636
f 13079 12636 12706 13078
f 12709 12708 12668 12664
f 12664 12668 12678 12674
f 12674 12678 12688 12684
f 12689 12685 12695 12699
f 12691 12701 12695 12685
f 12699 12695 12715 12719
f 12871 13045 13047 12875
f 12939 12940 12941 12944
f 12940 12936 12943 12941
f 12936 12981 12972 12943
f 12981 12928 12965 12972
f 12928 11454 11455 12965
f 13031 13035 13039 12978
f 13035 12841 13019 13039
f 12828 12812 12805 12823
f 12812 12828 12829 12813
f 12819 12802 12813 12829
f 12803 12802 12819 12820
f 12879 12893 12894 12880
f 12895 12881 12880 12894
f 12881 12895 12896 12882
f 12882 12896 13033 12883
f 12830 12814 12803 12820
f 12814 12830 12831 12815
f 13049 11415 11416 12891
f 12887 11416 11415 11414
f 11414 11413 12888 12887
f 13048 13050 13046 12890
f 11412 13048 12890 12889
f 12889 12888 11413 11412
f 13050 13047 13045 13046
f 12860 13049 12891 12857
f 13051 13055 12914 12821
f 12909 13053 13057 13022
f 13056 13054 12911 12918
f 12821 12911 13054 13051
f 13055 13052 12904 12914
f 13022 13057 13049 12860
f 12898 13056 12918 12901
f 13065 13064 13063 13061
f 13067 13066 13059 13058
f 13068 13064 13050 13048
f 13069 13066 11413 11414
f 13067 13068 13048 11412
f 12909 13022 13021 12908
f 13047 13050 13064 13065
f 11412 11413 13066 13067
f 13062 13063 13064 13068
f 13058 13062 13068 13067
f 11414 11415 13070 13069
f 13056 13061 13063 13054
f 13023 12919 12908 13021
f 13016 12875 13047 13065
f 13056 12898 13044 13061
f 13049 13057 13070 11415
f 13016 13065 13061 13044
f 13055 13058 13059 13052
f 13051 13062 13058 13055
f 12907 13060 13053 12909
f 12907 12904 13052 13060
f 13062 13051 13054 13063
f 12920 12818 12817 12832
f 12817 12800 12815 12831
f 12817 12818 12801 12800
f 12883 13033 13032 12884
f 12867 12863 12884 13032
f 12716 13154 13153 12696
f 11571 12771 12757 11561
f 11561 12757 12758 11565
f 12779 12390 12380 12780
f 12780 12380 12370 12782
f 12372 12376 11573 11521
f 11593 12378 12372 11521
f 12783 11540 11518 12781
f 12768 11544 11540 12783
f 12768 11542 11534 12769
f 11581 11579 11535 11532
f 11536 11579 11581 11531
f 12773 11547 11532 12770
f 12772 11522 11529 12774
f 12774 11529 11569 12776
f 12777 11588 11568 12776
f 12775 11607 11567 12778
f 12775 11606 11570 12771
f 12777 12778 11567 11588
f 11576 11526 11566 11589
f 11574 11523 11526 11576
f 11546 11587 11578 11530
f 11605 11604 11536 11531
f 11604 11605 11563 11562
f 11584 11545 11537 11580
f 11545 11584 11582 11541
f 11541 11582 11572 11520
f 12378 11593 11564 12374
f 12765 12374 11564 12764
f 12371 12375 12385 12381
f 12395 12391 12381 12385
f 11560 12759 12760 11563
f 12767 12394 12384 12766
f 12766 12384 12374 12765
f 11590 12377 12373 11550
f 12377 11590 11520 12371
f 12763 11555 11550 12764
f 12762 11556 11555 12763
f 12761 11554 11556 12762
f 12761 11562 11563 12760
f 11594 11595 11554 11553
f 12759 11557 11553 12760
f 12757 11552 11551 12758
f 12771 11570 11552 12757
f 11554 12761 12760 11553
f 11562 12761 12762 11558
f 13138 12467 12456 13137
f 13137 12456 12434 13136
f 12437 12427 12421 12431
f 13084 12413 12423 13135
f 13083 12403 12413 13084
f 13082 12444 12403 13083
f 11654 12448 12442 11640
f 13081 11643 11630 13087
f 13086 11627 11626 13087
f 13134 11625 11624 13085
f 13133 11636 11625 13134
f 13132 11664 11636 13133
f 13132 11665 11633 13131
f 11652 11633 11613 11647
f 11646 11612 11632 11653
f 13116 13131 11633 11652
f 13116 11652 11634 13115
f 13114 11615 11635 13115
f 13113 11608 11615 13114
f 13073 11621 11618 13072
f 13071 11639 11619 13072
f 12441 12448 11654 11638
f 11667 12440 12441 11638
f 12440 11667 11643 12439
f 13112 12442 12399 13111
f 13111 12399 12409 13110
f 13110 12409 12419 13109
f 12427 12437 12433 12423
f 13136 12434 12424 13135
f 12438 12428 12424 12434
f 13122 12451 12430 13123
f 13121 12462 12451 13122
f 11558 12762 12763 11559
f 11559 12763 12764 11564
f 12383 12766 12765 12373
f 12863 12867 12869 12865
f 12865 12869 12868 12864
f 12801 12818 12855 12851
f 12856 12852 12851 12855
f 12833 12834 12820 12819
f 12968 12980 12834 12833
f 12980 12968 11462 11464
f 11450 11452 11464 11462
f 11456 11451 11463 11465
f 12984 12967 11465 11463
f 12967 12984 12836 12835
f 12835 12836 12823 12822
f 12858 12854 12852 12856
f 12854 12858 12857 12853
f 12864 12868 12866 12862
f 12810 12794 12862 12866
f 12393 12767 12766 12383
f 12373 12765 12764 11550
f 11589 11566 12778 12777
f 13097 12593 12583 13098
f 13098 12583 12563 13099
f 12568 12558 12553 12563
f 13128 12542 12552 13103
f 13129 12532 12542 13128
f 13130 12575 12532 13129
f 12505 12519 12578 12579
f 12756 12503 12483 13089
f 13090 12485 12482 13089
f 13120 12472 12479 13161
f 13161 12479 12499 13160
f 13159 12516 12498 13160
f 13158 12529 12497 13146
f 13158 12528 12500 13147
f 13147 12500 12489 13148
f 13148 12489 12488 13076
f 13146 13159 12517 12496
f 12510 12476 12496 12517
f 12508 12473 12476 12510
f 12484 12515 12512 12480
f 12519 12505 12480 12512
f 12581 12530 12505 12579
f 12530 12581 12576 12506
f 13124 12506 12576 13142
f 12579 12578 12538 12534
f 12534 12538 12548 12544
f 12544 12548 12558 12554
f 12554 12558 12568 12564
f 12570 12560 12554 12564
f 12560 12570 12566 12556
f 12588 12584 12564 12568
f 12584 12588 12598 12594
f 12469 12464 12594 12598
f 12458 12453 12464 12469
f 12436 12432 12453 12458
f 12428 12438 12432 12422
f 12432 12436 12426 12422
f 12426 12436 12429 12419
f 12416 12412 12422 12426
f 12406 12402 12412 12416
f 12448 12441 12402 12406
f 13082 13081 11642 12444
f 11666 12449 12444 11642
f 12449 11666 11641 12447
f 11638 11654 11649 11617
f 11650 11622 11617 11649
f 11610 11645 11647 11613
f 11644 11609 11612 11646
f 11620 11651 11648 11616
f 11655 11641 11616 11648
f 11641 11655 12446 12447
f 12446 11655 11639 12445
f 13112 13071 11640 12442
f 12447 12446 12405 12401
f 12401 12405 12415 12411
f 12411 12415 12425 12421
f 12421 12425 12435 12431
f 12435 12425 12420 12430
f 13123 13109 12419 12429
f 12457 12452 12431 12435
f 12452 12457 12468 12463
f 12396 12392 12463 12468
f 12392 12396 12386 12382
f 12376 12372 12382 12386
f 12371 11520 11572 12375
f 12375 11572 11519 12370
f 11583 11539 11521 11573
f 11585 11543 11539 11583
f 11543 11585 11579 11536
f 11595 11594 11530 11537
f 11537 11530 11578 11580
f 11586 11548 11531 11581
f 11524 11575 11577 11527
f 11588 11567 11527 11577
f 12516 12497 12477 12511
f 12474 12509 12511 12477
f 12514 12486 12481 12513
f 12502 12518 12513 12481
f 12573 12531 12507 12572
f 12531 12573 12574 12502
f 12518 12502 12574 12580
f 12580 12574 12535 12539
f 12539 12535 12545 12549
f 12549 12545 12555 12559
f 13096 12556 12566 13157
f 12571 12561 12557 12567
f 12561 12571 12565 12555
f 12569 12565 12585 12589
f 12589 12585 12595 12599
f 12724 12728 12599 12595
f 12714 12718 12728 12724
f 12718 12714 12694 12698
f 12701 12691 12687 12697
f 13101 12723 12713 13100
f 13100 12713 12693 13107
f 13152 12686 12696 13153
f 12690 12700 12696 12686
f 12700 12690 12684 12694
f 13092 12672 12682 13093
f 13091 12662 12672 13092
f 13149 12705 12662 13091
f 12703 12661 12637 12702
f 12661 12703 12704 12632
f 12632 12704 12710 12648
f 13106 12633 12613 13105
f 13104 12615 12612 13105
f 13141 12602 12609 13140
f 13140 12609 12629 13139
f 13080 12646 12628 13139
f 13127 12627 12646 13080
f 13126 12659 12627 13127
f 13126 12658 12630 13125
f 13125 12630 12619 13108
f 13108 12619 12618 13095
f 13094 12621 12620 13088
f 13079 12637 12624 13088
f 12708 12649 12633 12707
f 12648 12710 12705 12634
f 13106 13149 12707 12633
f 13078 12706 12666 13077
f 13077 12666 12676 13119
f 13119 12676 12686 13152
f 12688 12698 12694 12684
f 12698 12688 12683 12693
f 13093 13107 12693 12683
f 13154 12717 12697 13153
f 13102 12727 12717 13154
f 13074 12491 12490 13075
f 13124 12507 12494 13075
f 12518 12580 12575 12504
f 12578 12519 12503 12577
f 12756 13130 12577 12503
f 13142 12576 12536 13143
f 13143 12536 12546 13144
f 13144 12546 12556 13096
f 12555 12565 12569 12559
f 12559 12569 12562 12552
f 13103 13099 12563 12553
f 13156 12587 12567 13157
f 13155 12597 12587 13156
f 11607 12775 12771 11571
f 11606 12775 12778 11566
f 11406 11403 11384 11387
f 11409 11408 11389 11390
f 11370 11371 11390 11389
f 11365 11368 11387 11384
f 11346 11349 11368 11365
f 11327 11330 11349 11346
f 11351 11352 11371 11370
f 11332 11333 11352 11351
f 11308 11311 11330 11327
f 11313 11314 11333 11332
f 11314 11313 11294 11295
f 11289 11292 11311 11308
f 11270 11273 11292 11289
f 11275 11276 11295 11294
f 11276 11275 11256 11257
f 11251 11254 11273 11270
f 11232 11235 11254 11251
f 11213 11216 11235 11232
f 11257 11256 11237 11238
f 11238 11237 11218 11219
f 11219 11218 11199 11200
f 11200 11199 11180 11181
f 11181 11180 11161 11162
f 11194 11197 11216 11213
f 11175 11178 11197 11194
f 11156 11159 11178 11175
f 11159 11156 11137 11140
f 11162 11161 11142 11143
f 13344 11095 11094 13345
f 13346 11116 11113 13345
f 13346 11097 11096 13347
f 13347 11096 11106 13348
f 11061 11064 11083 11080
f 11035 11042 11064 11061
f 11027 11038 11042 11035
f 10979 11030 11038 11027
f 10975 11002 11030 10979
f 10974 10998 11002 10975
f 10987 10994 10998 10974
f 10994 10987 4348 4371
f 11066 11067 11086 11085
f 11044 11045 11067 11066
f 11045 11044 11040 11041
f 11041 11040 11032 11033
f 11033 11032 11004 11005
f 11000 11001 11005 11004
f 10996 10997 11001 11000
f 10997 10996 4375 4377
f 11589 12777 12776 11569
f 11528 12774 12776 11568
f 11525 12772 12774 11528
f 11549 12773 12770 11533
f 11544 12768 12769 11535
f 11542 12768 12783 11538
f 11538 12783 12781 11519
f 12379 12780 12782 12369
f 12389 12779 12780 12379
f 11519 12781 12782 12370
f 11533 12770 12769 11534
f 12439 11643 13081 13082
f 12439 13082 13083 12404
f 12507 13124 13142 12572
f 12517 13159 13160 12499
f 12400 13111 13110 12410
f 12410 13110 13109 12420
f 11665 13132 13133 11637
f 12404 13083 13084 12414
f 12466 13138 13137 12455
f 11637 13133 13134 11629
f 12493 13148 13076 12495
f 12537 13143 13144 12547
f 12504 12575 13130 12756
f 12631 13125 13108 12623
f 12617 13104 13105 12613
f 12592 13097 13098 12582
f 12487 13090 13089 12483
f 12605 13141 13140 12608
f 12596 13155 13156 12586
f 12492 13074 13075 12494
f 12577 13130 13129 12533
f 12552 12562 13099 13103
f 12528 13158 13146 12496
f 12582 13098 13099 12562
f 12659 13126 13125 12631
f 12497 12516 13159 13146
f 12702 13078 13077 12667
f 12529 13158 13147 12501
f 12634 13106 13105 12612
f 12726 13102 13154 12716
f 12667 13077 13119 12677
f 12506 13124 13075 12490
f 12677 13119 13152 12687
f 12501 13147 13148 12493
f 12547 13144 13096 12557
f 12586 13156 13157 12566
f 12557 13096 13157 12567
f 12478 13161 13160 12498
f 12533 13129 13128 12543
f 12673 13092 13093 12683
f 12707 13149 13091 12663
f 12622 13094 13088 12624
f 12687 13152 13153 12697
f 12634 12705 13149 13106
f 12722 13101 13100 12712
f 12637 13079 13078 12702
f 12712 13100 13107 12692
f 12658 13126 13127 12626
f 13256 13260 12734 13298
f 12608 13140 13139 12628
f 12636 13079 13088 12620
f 12682 12692 13107 13093
f 12647 13080 13139 12629
f 12736 13150 13145 12744
f 13296 13256 13298 13299
f 12599 12728 12723 12592
f 12469 12598 12593 12461
f 12396 12468 12462 12389
f 13300 12391 12395 13301
f 13303 12793 12790 13304
f 13301 12395 12390 13305
f 13306 12785 12847 13305
f 13306 12779 12389 13307
f 13307 12389 12462 13308
f 13309 12798 12799 13308
f 13309 13121 12461 13310
f 13311 12786 12787 13310
f 13311 12593 13097 13312
f 13313 12796 12797 13312
f 13313 12592 12723 13314
f 13314 12723 13101 13315
f 13315 13101 12722 13316
f 13317 12862 12794 13302
f 13319 12397 12391 13300
f 13319 12849 12885 13320
f 13321 12767 12393 13320
f 13321 12878 12879 13322
f 13322 12879 12880 13323
f 13324 12865 12864 13318
f 13325 12863 12865 13324
f 13325 13102 12726 13326
f 13327 12883 12884 13326
f 12467 13138 13155 12596
f 13328 12882 12883 13327
f 13329 12881 12882 13328
f 13329 13138 12466 13323
f 13203 13172 13175 13204
f 11651 11644 11608 11623
f 13211 13166 13163 13214
f 11620 11609 11644 11651
f 13199 13165 13168 13201
f 11661 11660 11609 11620
f 11660 11661 11627 11624
f 13215 13174 13170 13212
f 13208 13194 13172 13203
f 13086 13085 11624 11627
f 13213 13182 13184 13217
f 13085 13086 11628 11631
f 13216 13183 13185 13210
f 13201 13168 13188 13206
f 13216 13167 13187 13219
f 13218 13186 13166 13211
f 13212 13170 13195 13220
f 13217 13184 13197 13221
f 13173 13202 13205 13177
f 11659 11656 11631 11628
f 13162 13198 13200 13169
f 11656 11659 11622 11610
f 13193 13209 13202 13173
f 13169 13200 13207 13189
f 11610 11622 11650 11645
f 13179 13211 13214 13178
f 11645 11650 11621 11611
f 13181 13215 13212 13180
f 13073 13113 11611 11621
f 13176 13213 13217 13171
f 13113 13073 11623 11608
f 13167 13216 13210 13164
f 13183 13216 13219 13191
f 13190 13218 13211 13179
f 13180 13212 13220 13196
f 13171 13217 13221 13192
f 13263 13262 13227 13231
f 13268 13267 13223 13228
f 13271 13269 13224 13230
f 13248 13238 13233 13243
f 13250 13240 13234 13244
f 13240 13250 13246 13236
f 13251 13241 13237 13247
f 13241 13251 13245 13235
f 13239 13249 13242 13232
f 13231 13241 13235 13225
f 13241 13231 13227 13237
f 13230 13240 13236 13226
f 13240 13230 13224 13234
f 13238 13228 13223 13233
f 13229 13239 13232 13222
f 13231 13225 13264 13263
f 13229 13222 13265 13270
f 13230 13226 13266 13271
f 13223 13277 13278 13233
f 12772 12773 11549 11522
f 13183 13286 13281 13185
f 13186 13290 13275 13207
f 13206 13187 13167 13201
f 13164 13199 13201 13167
f 11587 11574 11522 11549
f 11546 11523 11574 11587
f 13204 13176 13171 13203
f 13192 13208 13203 13171
f 13195 13209 13268 13269
f 13270 13264 13225 13229
f 13229 13225 13235 13239
f 13239 13235 13245 13249
f 13249 13259 13252 13242
f 13200 13166 13186 13207
f 13198 13163 13166 13200
f 11600 11599 11523 11546
f 11599 11600 11557 11551
f 13174 13205 13202 13170
f 13209 13195 13170 13202
f 13271 13220 13195 13269
f 13220 13271 13266 13196
f 13274 13196 13266 13273
f 13269 13268 13228 13224
f 13224 13228 13238 13234
f 13234 13238 13248 13244
f 13249 13245 13255 13259
f 13251 13261 13255 13245
f 13261 13251 13247 13257
f 13295 13246 13256 13296
f 13250 13260 13256 13246
f 13260 13250 13244 13254
f 13278 13232 13242 13279
f 13277 13222 13232 13278
f 13294 13265 13222 13277
f 13263 13221 13197 13262
f 13221 13263 13264 13192
f 13192 13264 13270 13208
f 13284 13193 13173 13283
f 13282 13175 13172 13283
f 12759 12758 11551 11557
f 12758 12759 11560 11565
f 13293 13162 13169 13292
f 13292 13169 13189 13291
f 13275 13206 13188 13291
f 13290 13187 13206 13275
f 13289 13219 13187 13290
f 13289 13218 13190 13288
f 13288 13190 13179 13286
f 13286 13179 13178 13281
f 11598 11591 11565 11560
f 11591 11598 11548 11524
f 13280 13181 13180 13276
f 13274 13197 13184 13276
f 13268 13209 13193 13267
f 13208 13270 13265 13194
f 13284 13294 13267 13193
f 13273 13266 13226 13272
f 13272 13226 13236 13287
f 13287 13236 13246 13295
f 13248 13258 13254 13244
f 13258 13248 13243 13253
f 13279 13285 13253 13243
f 13191 13288 13286 13183
f 13177 13282 13283 13173
f 13165 13293 13292 13168
f 13219 13289 13288 13191
f 13262 13273 13272 13227
f 13194 13284 13283 13172
f 13227 13272 13287 13237
f 13237 13287 13295 13247
f 13233 13278 13279 13243
f 13267 13294 13277 13223
f 13182 13280 13276 13184
f 13247 13295 13296 13257
f 13194 13265 13294 13284
f 13197 13274 13273 13262
f 13218 13289 13290 13186
f 11524 11548 11586 11575
f 11575 11586 11547 11525
f 13168 13292 13291 13188
f 12773 12772 11525 11547
f 13196 13274 13276 13180
f 13242 13252 13285 13279
f 13207 13275 13291 13189
f 13285 13150 12736 13253
f 13150 13285 13252 12737
f 13253 12736 12732 13258
f 12738 13254 13258 12732
f 13254 12738 12734 13260
f 12737 13252 13259 12733
f 13255 12739 12733 13259
f 12739 13255 13261 12735
f 13257 13151 12735 13261
f 13145 12745 12753 13297
f 12744 13145 13297 12752
f 13330 12792 12795 13316
f 13331 12791 12792 13330
f 13304 12790 12791 13331
f 13299 13151 13257 13296
f 13151 13299 13298 12734
f 12742 13118 13151 12734
f 12752 13297 13331 13330
f 13318 12864 12862 13317
f 12850 13300 13301 12848
f 12848 13301 13305 12847
f 12779 13306 13305 12390
f 12785 13306 13307 12784
f 12784 13307 13308 12799
f 13121 13309 13308 12462
f 12798 13309 13310 12787
f 12593 13311 13310 12461
f 12786 13311 13312 12797
f 12592 13313 13312 13097
f 12796 13313 13314 12789
f 12789 13314 13315 12788
f 12788 13315 13316 12795
f 12793 13303 13302 12794
f 12849 13319 13300 12850
f 12397 13319 13320 12393
f 12878 13321 13320 12885
f 12767 13321 13322 12394
f 12394 13322 13323 12466
f 12750 12731 12727 13117
f 13102 13325 13324 12727
f 12863 13325 13326 12884
f 12597 13327 13326 12726
f 13155 13328 13327 12597
f 13138 13329 13328 13155
f 12881 13329 13323 12880
f 12729 12748 12752 12722
f 13330 13316 12722 12752
f 12749 13303 13304 12753
f 12755 13302 13303 12749
f 13302 12755 12751 13317
f 12750 13117 13118 12742
f 12743 13118 13117 12751
f 12727 13324 13318 13117
f 13117 13318 13317 12751
f 13052 13059 13332 13060
f 13057 13053 13069 13070
f 13066 13069 13332 13059
f 13053 13060 13332 13069
f 12904 12907 12906 12903
f 12903 12906 12905 12902
f 12902 12905 12942 12948
f 12948 12942 12945 12949
f 12949 12945 12944 12950
f 12941 12947 12950 12944
f 12943 12946 12947 12941
f 12972 12985 12946 12943
f 12985 12972 12965 12963
f 12963 12965 11455 11457
f 11457 11455 11437 11439
f 13014 11436 11454 13015
f 11401 13013 11427 11398
f 13013 11401 11400 11430
f 11430 11400 11410 11429
f 11405 11438 11429 11410
f 13011 11389 11408 13012
f 11411 11409 11390 11392
f 11392 11390 11371 11373
f 13010 11370 11389 13011
f 13009 11351 11370 13010
f 11373 11371 11352 11354
f 11354 11352 11333 11335
f 11335 11333 11314 11316
f 11295 11297 11316 11314
f 11297 11295 11276 11278
f 11257 11259 11278 11276
f 11259 11257 11238 11240
f 11240 11238 11219 11221
f 11221 11219 11200 11202
f 11181 11183 11202 11200
f 11183 11181 11162 11164
f 11164 11162 11143 11145
f 13349 11120 11125 13348
f 13349 11101 11100 13350
f 11082 11101 11106 11087
f 11101 11082 11081 11100
f 11067 11069 11088 11086
f 11069 11067 11045 11050
f 11041 11049 11050 11045
f 11033 11046 11049 11041
f 11046 11033 11005 10896
f 11001 10897 10896 11005
f 10997 10898 10897 11001
f 4377 4268 10898 10997
f 10996 12988 6432 4375
f 12988 10996 11000 12933
f 12933 11000 11004 12990
f 11032 12991 12990 11004
f 11040 12992 12991 11032
f 11044 12993 12992 11040
f 12993 11044 11066 12994
f 12994 11066 11085 12995
f 11079 11098 11100 11081
f 11072 11091 11098 11079
f 13351 11117 11119 13350
f 13352 11110 11117 13351
f 12998 11142 11161 12999
f 11180 13000 12999 11161
f 13000 11180 11199 13001
f 11218 13002 13001 11199
f 13002 11218 11237 13003
f 11256 13004 13003 11237
f 13004 11256 11275 13005
f 13005 11275 11294 13006
f 13006 11294 11313 13007
f 13007 11313 11332 13008
f 13008 11332 11351 13009
f 13120 13090 12487 12472
f 13090 13120 12475 12485
f 12509 12514 12485 12475
f 12515 12508 12472 12487
f 12484 12473 12508 12515
f 12525 12524 12473 12484
f 12524 12525 12491 12488
f 13074 13076 12488 12491
f 13076 13074 12492 12495
f 12523 12520 12495 12492
f 12520 12523 12486 12474
f 12474 12486 12514 12509
f 13141 13104 12617 12602
f 13104 13141 12605 12615
f 12639 12644 12615 12605
f 12604 12616 12644 12639
f 12650 12653 12616 12604
f 12653 12650 12625 12622
f 13095 13094 12622 12625
f 13094 13095 12618 12621
f 12654 12655 12621 12618
f 12655 12654 12603 12614
f 12614 12603 12638 12645
f 12645 12638 12602 12617
f 13205 13198 13162 13177
f 13174 13163 13198 13205
f 13215 13214 13163 13174
f 13214 13215 13181 13178
f 13280 13281 13178 13181
f 13281 13280 13182 13185
f 13213 13210 13185 13182
f 13210 13213 13176 13164
f 13164 13176 13204 13199
f 13199 13204 13175 13165
f 13282 13293 13165 13175
f 13293 13282 13177 13162
f 11096 11077 11087 11106
f 11097 11078 11077 11096
f 11078 11097 11094 11075
f 11095 11076 11075 11094
f 11092 11073 11076 11095
f 11073 11092 11093 11074
f 11089 11070 11074 11093
f 11090 11071 11070 11089
f 11107 11088 11071 11090
f 11088 11107 11105 11086
f 11104 11085 11086 11105
f 11085 11104 12996 12995
f 12995 12996 11103 11084
f 11084 11103 11102 11083
f 11099 11080 11083 11102
f 11091 11072 11080 11099
f 11110 11129 11136 11117
f 11117 11136 11138 11119
f 11139 11120 11119 11138
f 11120 11139 11144 11125
f 11134 11115 11125 11144
f 11135 11116 11115 11134
f 11116 11135 11132 11113
f 11133 11114 11113 11132
f 11130 11111 11114 11133
f 11111 11130 11131 11112
f 11127 11108 11112 11131
f 11128 11109 11108 11127
f 11145 11126 11109 11128
f 11143 11124 11126 11145
f 11124 11143 11142 11123
f 11123 11142 12998 12997
f 12997 12998 11141 11122
f 11122 11141 11140 11121
f 11137 11118 11121 11140
f 11129 11110 11118 11137
f 11110 13352 13333 11118
f 11121 11118 13333 13334
f 11103 13335 13334 11102
f 12996 13336 13335 11103
f 12996 11104 13337 13336
f 11124 11123 13337 13338
f 11126 11124 13338 13339
f 11126 13339 13340 11109
f 11109 13340 13341 11108
f 11108 13341 13342 11112
f 11092 13343 13342 11093
f 11111 13343 13344 11114
f 11114 13344 13345 11113
f 11097 13346 13345 11094
f 11116 13346 13347 11115
f 11115 13347 13348 11125
f 11101 13349 13348 11106
f 11120 13349 13350 11119
f 11098 13351 13350 11100
f 11091 13352 13351 11098
f 6785 6786 13353 13354
f 7753 7754 13355 13356
f 7752 7753 13356 13357
f 7751 7752 13357 13358
f 7750 7751 13358 13359
f 7766 7749 13353 13360
f 7772 7771 13361 13362
f 6887 6848 13364 13365
f 7771 7770 13366 13361
f 11718 7765 13363 13379
f 7770 7769 13364 13366
f 7763 7764 13368 13369
f 7773 7768 13370 13365
f 7762 7763 13369 13371
f 7768 7767 13372 13370
f 7767 7766 13360 13372
f 7759 7760 13374 13375
f 11717 7758 13367 13380
f 7756 7757 13376 13377
f 7748 7750 13359 13354
f 7755 7756 13377 13378
f 7754 7755 13378 13355
f 6818 6815 13367 13375
f 7764 11718 13379 13368
f 7757 11717 13380 13376
f 6826 6821 13374 13373
f 6829 6826 13373 13371
f 6857 6838 13363 13362
f 11925 10418 3751 5321
f 7002 228 221 6996
f 7280 541 524 7265
f 7243 494 495 7244
f 7261 514 496 7245
f 493 7242 7246 497
f 7242 493 5338 11941
f 7241 492 725 7447
f 11772 7454 734 5163
f 11782 11825 5212 5172
f 11898 11831 5226 5297
f 8207 1525 1527 8208
f 8566 1894 4089 10735
f 10760 4112 4117 10763
f 7016 11805 5193 245
f 4003 10662 10675 4017
f 8155 1468 1492 8178
f 7283 538 555 7298
f 7268 521 538 7283
